ISO-10303-21;
HEADER;
/* Generated by software containing ST-Developer
 * from STEP Tools, Inc. (www.steptools.com) 
 */

FILE_DESCRIPTION(
/* description */ (''),
/* implementation_level */ '2;1');

FILE_NAME(
/* name */ 'PNeuNet_Design.step',
/* time_stamp */ '2026-09-14T15:51:51+05:30',
/* author */ (''),
/* organization */ (''),
/* preprocessor_version */ 'ST-DEVELOPER v20.2',
/* originating_system */ 'Autodesk Translation Framework v15.15.0.0',
/* authorisation */ '');

FILE_SCHEMA (('AUTOMOTIVE_DESIGN { 1 0 10303 214 3 1 1 }'));
ENDSEC;

DATA;
#10=MECHANICAL_DESIGN_GEOMETRIC_PRESENTATION_REPRESENTATION('',(#13),#3298);
#11=SHAPE_REPRESENTATION_RELATIONSHIP('SRR','None',#3305,#12);
#12=ADVANCED_BREP_SHAPE_REPRESENTATION('',(#14),#3297);
#13=STYLED_ITEM('',(#3314),#14);
#14=MANIFOLD_SOLID_BREP('Body1',#2006);
#15=FACE_BOUND('',#262,.T.);
#16=FACE_BOUND('',#265,.T.);
#17=FACE_BOUND('',#269,.T.);
#18=FACE_BOUND('',#272,.T.);
#19=FACE_BOUND('',#302,.T.);
#20=FACE_BOUND('',#305,.T.);
#21=FACE_BOUND('',#308,.T.);
#22=FACE_BOUND('',#311,.T.);
#23=FACE_BOUND('',#316,.T.);
#24=FACE_BOUND('',#319,.T.);
#25=FACE_BOUND('',#323,.T.);
#26=FACE_BOUND('',#326,.T.);
#27=FACE_BOUND('',#330,.T.);
#28=FACE_BOUND('',#333,.T.);
#29=FACE_BOUND('',#336,.T.);
#30=FACE_BOUND('',#339,.T.);
#31=FACE_BOUND('',#344,.T.);
#32=FACE_BOUND('',#346,.T.);
#33=FACE_BOUND('',#347,.T.);
#34=FACE_BOUND('',#348,.T.);
#35=FACE_BOUND('',#349,.T.);
#36=FACE_BOUND('',#350,.T.);
#37=FACE_BOUND('',#351,.T.);
#38=FACE_BOUND('',#352,.T.);
#39=FACE_BOUND('',#353,.T.);
#40=ELLIPSE('',#2044,2.00001051370888,2.);
#41=PLANE('',#2023);
#42=PLANE('',#2069);
#43=PLANE('',#2070);
#44=PLANE('',#2072);
#45=PLANE('',#2073);
#46=PLANE('',#2074);
#47=PLANE('',#2075);
#48=PLANE('',#2076);
#49=PLANE('',#2077);
#50=PLANE('',#2078);
#51=PLANE('',#2079);
#52=PLANE('',#2080);
#53=PLANE('',#2081);
#54=PLANE('',#2082);
#55=PLANE('',#2083);
#56=PLANE('',#2088);
#57=PLANE('',#2092);
#58=PLANE('',#2098);
#59=PLANE('',#2102);
#60=PLANE('',#2103);
#61=PLANE('',#2107);
#62=PLANE('',#2111);
#63=PLANE('',#2112);
#64=PLANE('',#2113);
#65=PLANE('',#2114);
#66=PLANE('',#2115);
#67=PLANE('',#2117);
#68=PLANE('',#2123);
#69=PLANE('',#2124);
#70=PLANE('',#2125);
#71=PLANE('',#2126);
#72=PLANE('',#2127);
#73=PLANE('',#2128);
#74=PLANE('',#2129);
#75=PLANE('',#2130);
#76=PLANE('',#2131);
#77=PLANE('',#2132);
#78=PLANE('',#2133);
#79=PLANE('',#2134);
#80=PLANE('',#2136);
#81=PLANE('',#2137);
#82=PLANE('',#2138);
#83=PLANE('',#2139);
#84=PLANE('',#2140);
#85=PLANE('',#2141);
#86=PLANE('',#2142);
#87=PLANE('',#2144);
#88=PLANE('',#2147);
#89=PLANE('',#2148);
#90=PLANE('',#2149);
#91=PLANE('',#2150);
#92=PLANE('',#2151);
#93=PLANE('',#2152);
#94=PLANE('',#2153);
#95=PLANE('',#2154);
#96=PLANE('',#2155);
#97=PLANE('',#2156);
#98=PLANE('',#2157);
#99=PLANE('',#2158);
#100=PLANE('',#2159);
#101=PLANE('',#2160);
#102=PLANE('',#2161);
#103=PLANE('',#2162);
#104=PLANE('',#2163);
#105=PLANE('',#2164);
#106=PLANE('',#2165);
#107=PLANE('',#2166);
#108=PLANE('',#2167);
#109=PLANE('',#2168);
#110=PLANE('',#2169);
#111=PLANE('',#2170);
#112=PLANE('',#2171);
#113=PLANE('',#2172);
#114=PLANE('',#2173);
#115=PLANE('',#2174);
#116=PLANE('',#2175);
#117=PLANE('',#2176);
#118=PLANE('',#2177);
#119=PLANE('',#2178);
#120=PLANE('',#2179);
#121=FACE_OUTER_BOUND('',#225,.T.);
#122=FACE_OUTER_BOUND('',#226,.T.);
#123=FACE_OUTER_BOUND('',#227,.T.);
#124=FACE_OUTER_BOUND('',#228,.T.);
#125=FACE_OUTER_BOUND('',#229,.T.);
#126=FACE_OUTER_BOUND('',#230,.T.);
#127=FACE_OUTER_BOUND('',#231,.T.);
#128=FACE_OUTER_BOUND('',#232,.T.);
#129=FACE_OUTER_BOUND('',#233,.T.);
#130=FACE_OUTER_BOUND('',#234,.T.);
#131=FACE_OUTER_BOUND('',#235,.T.);
#132=FACE_OUTER_BOUND('',#236,.T.);
#133=FACE_OUTER_BOUND('',#237,.T.);
#134=FACE_OUTER_BOUND('',#238,.T.);
#135=FACE_OUTER_BOUND('',#239,.T.);
#136=FACE_OUTER_BOUND('',#240,.T.);
#137=FACE_OUTER_BOUND('',#241,.T.);
#138=FACE_OUTER_BOUND('',#242,.T.);
#139=FACE_OUTER_BOUND('',#243,.T.);
#140=FACE_OUTER_BOUND('',#244,.T.);
#141=FACE_OUTER_BOUND('',#245,.T.);
#142=FACE_OUTER_BOUND('',#246,.T.);
#143=FACE_OUTER_BOUND('',#247,.T.);
#144=FACE_OUTER_BOUND('',#248,.T.);
#145=FACE_OUTER_BOUND('',#249,.T.);
#146=FACE_OUTER_BOUND('',#250,.T.);
#147=FACE_OUTER_BOUND('',#251,.T.);
#148=FACE_OUTER_BOUND('',#252,.T.);
#149=FACE_OUTER_BOUND('',#253,.T.);
#150=FACE_OUTER_BOUND('',#254,.T.);
#151=FACE_OUTER_BOUND('',#255,.T.);
#152=FACE_OUTER_BOUND('',#256,.T.);
#153=FACE_OUTER_BOUND('',#257,.T.);
#154=FACE_OUTER_BOUND('',#258,.T.);
#155=FACE_OUTER_BOUND('',#259,.T.);
#156=FACE_OUTER_BOUND('',#260,.T.);
#157=FACE_OUTER_BOUND('',#261,.T.);
#158=FACE_OUTER_BOUND('',#263,.T.);
#159=FACE_OUTER_BOUND('',#264,.T.);
#160=FACE_OUTER_BOUND('',#266,.T.);
#161=FACE_OUTER_BOUND('',#267,.T.);
#162=FACE_OUTER_BOUND('',#268,.T.);
#163=FACE_OUTER_BOUND('',#270,.T.);
#164=FACE_OUTER_BOUND('',#271,.T.);
#165=FACE_OUTER_BOUND('',#273,.T.);
#166=FACE_OUTER_BOUND('',#274,.T.);
#167=FACE_OUTER_BOUND('',#275,.T.);
#168=FACE_OUTER_BOUND('',#276,.T.);
#169=FACE_OUTER_BOUND('',#277,.T.);
#170=FACE_OUTER_BOUND('',#278,.T.);
#171=FACE_OUTER_BOUND('',#279,.T.);
#172=FACE_OUTER_BOUND('',#280,.T.);
#173=FACE_OUTER_BOUND('',#281,.T.);
#174=FACE_OUTER_BOUND('',#282,.T.);
#175=FACE_OUTER_BOUND('',#283,.T.);
#176=FACE_OUTER_BOUND('',#284,.T.);
#177=FACE_OUTER_BOUND('',#285,.T.);
#178=FACE_OUTER_BOUND('',#286,.T.);
#179=FACE_OUTER_BOUND('',#287,.T.);
#180=FACE_OUTER_BOUND('',#288,.T.);
#181=FACE_OUTER_BOUND('',#289,.T.);
#182=FACE_OUTER_BOUND('',#290,.T.);
#183=FACE_OUTER_BOUND('',#291,.T.);
#184=FACE_OUTER_BOUND('',#292,.T.);
#185=FACE_OUTER_BOUND('',#293,.T.);
#186=FACE_OUTER_BOUND('',#294,.T.);
#187=FACE_OUTER_BOUND('',#295,.T.);
#188=FACE_OUTER_BOUND('',#296,.T.);
#189=FACE_OUTER_BOUND('',#297,.T.);
#190=FACE_OUTER_BOUND('',#298,.T.);
#191=FACE_OUTER_BOUND('',#299,.T.);
#192=FACE_OUTER_BOUND('',#300,.T.);
#193=FACE_OUTER_BOUND('',#301,.T.);
#194=FACE_OUTER_BOUND('',#303,.T.);
#195=FACE_OUTER_BOUND('',#304,.T.);
#196=FACE_OUTER_BOUND('',#306,.T.);
#197=FACE_OUTER_BOUND('',#307,.T.);
#198=FACE_OUTER_BOUND('',#309,.T.);
#199=FACE_OUTER_BOUND('',#310,.T.);
#200=FACE_OUTER_BOUND('',#312,.T.);
#201=FACE_OUTER_BOUND('',#313,.T.);
#202=FACE_OUTER_BOUND('',#314,.T.);
#203=FACE_OUTER_BOUND('',#315,.T.);
#204=FACE_OUTER_BOUND('',#317,.T.);
#205=FACE_OUTER_BOUND('',#318,.T.);
#206=FACE_OUTER_BOUND('',#320,.T.);
#207=FACE_OUTER_BOUND('',#321,.T.);
#208=FACE_OUTER_BOUND('',#322,.T.);
#209=FACE_OUTER_BOUND('',#324,.T.);
#210=FACE_OUTER_BOUND('',#325,.T.);
#211=FACE_OUTER_BOUND('',#327,.T.);
#212=FACE_OUTER_BOUND('',#328,.T.);
#213=FACE_OUTER_BOUND('',#329,.T.);
#214=FACE_OUTER_BOUND('',#331,.T.);
#215=FACE_OUTER_BOUND('',#332,.T.);
#216=FACE_OUTER_BOUND('',#334,.T.);
#217=FACE_OUTER_BOUND('',#335,.T.);
#218=FACE_OUTER_BOUND('',#337,.T.);
#219=FACE_OUTER_BOUND('',#338,.T.);
#220=FACE_OUTER_BOUND('',#340,.T.);
#221=FACE_OUTER_BOUND('',#341,.T.);
#222=FACE_OUTER_BOUND('',#342,.T.);
#223=FACE_OUTER_BOUND('',#343,.T.);
#224=FACE_OUTER_BOUND('',#345,.T.);
#225=EDGE_LOOP('',(#1320,#1321,#1322,#1323));
#226=EDGE_LOOP('',(#1324));
#227=EDGE_LOOP('',(#1325,#1326,#1327,#1328));
#228=EDGE_LOOP('',(#1329,#1330,#1331,#1332));
#229=EDGE_LOOP('',(#1333,#1334,#1335,#1336));
#230=EDGE_LOOP('',(#1337,#1338,#1339,#1340));
#231=EDGE_LOOP('',(#1341,#1342,#1343,#1344));
#232=EDGE_LOOP('',(#1345,#1346,#1347,#1348));
#233=EDGE_LOOP('',(#1349,#1350,#1351,#1352));
#234=EDGE_LOOP('',(#1353,#1354,#1355,#1356));
#235=EDGE_LOOP('',(#1357,#1358,#1359,#1360));
#236=EDGE_LOOP('',(#1361,#1362,#1363,#1364));
#237=EDGE_LOOP('',(#1365,#1366,#1367,#1368));
#238=EDGE_LOOP('',(#1369,#1370,#1371,#1372));
#239=EDGE_LOOP('',(#1373,#1374,#1375,#1376));
#240=EDGE_LOOP('',(#1377,#1378,#1379,#1380));
#241=EDGE_LOOP('',(#1381,#1382,#1383,#1384));
#242=EDGE_LOOP('',(#1385,#1386,#1387,#1388,#1389,#1390));
#243=EDGE_LOOP('',(#1391,#1392,#1393,#1394));
#244=EDGE_LOOP('',(#1395,#1396,#1397,#1398,#1399,#1400));
#245=EDGE_LOOP('',(#1401,#1402,#1403,#1404));
#246=EDGE_LOOP('',(#1405,#1406,#1407,#1408,#1409,#1410));
#247=EDGE_LOOP('',(#1411,#1412,#1413,#1414));
#248=EDGE_LOOP('',(#1415,#1416,#1417,#1418,#1419,#1420));
#249=EDGE_LOOP('',(#1421,#1422,#1423,#1424));
#250=EDGE_LOOP('',(#1425,#1426,#1427,#1428,#1429,#1430));
#251=EDGE_LOOP('',(#1431,#1432,#1433,#1434));
#252=EDGE_LOOP('',(#1435,#1436,#1437,#1438,#1439,#1440));
#253=EDGE_LOOP('',(#1441,#1442,#1443,#1444));
#254=EDGE_LOOP('',(#1445,#1446,#1447,#1448,#1449,#1450));
#255=EDGE_LOOP('',(#1451,#1452,#1453,#1454,#1455));
#256=EDGE_LOOP('',(#1456,#1457,#1458,#1459));
#257=EDGE_LOOP('',(#1460,#1461,#1462,#1463,#1464,#1465));
#258=EDGE_LOOP('',(#1466,#1467,#1468,#1469));
#259=EDGE_LOOP('',(#1470,#1471,#1472,#1473));
#260=EDGE_LOOP('',(#1474,#1475,#1476,#1477));
#261=EDGE_LOOP('',(#1478,#1479,#1480,#1481));
#262=EDGE_LOOP('',(#1482));
#263=EDGE_LOOP('',(#1483,#1484,#1485,#1486));
#264=EDGE_LOOP('',(#1487,#1488,#1489,#1490));
#265=EDGE_LOOP('',(#1491));
#266=EDGE_LOOP('',(#1492,#1493,#1494,#1495));
#267=EDGE_LOOP('',(#1496,#1497,#1498,#1499));
#268=EDGE_LOOP('',(#1500,#1501,#1502,#1503));
#269=EDGE_LOOP('',(#1504));
#270=EDGE_LOOP('',(#1505,#1506,#1507,#1508));
#271=EDGE_LOOP('',(#1509,#1510,#1511,#1512));
#272=EDGE_LOOP('',(#1513));
#273=EDGE_LOOP('',(#1514,#1515,#1516,#1517));
#274=EDGE_LOOP('',(#1518,#1519,#1520,#1521,#1522));
#275=EDGE_LOOP('',(#1523,#1524,#1525,#1526,#1527,#1528));
#276=EDGE_LOOP('',(#1529,#1530,#1531,#1532));
#277=EDGE_LOOP('',(#1533,#1534,#1535,#1536));
#278=EDGE_LOOP('',(#1537,#1538,#1539,#1540,#1541,#1542,#1543,#1544,#1545,
#1546,#1547,#1548));
#279=EDGE_LOOP('',(#1549,#1550,#1551,#1552,#1553,#1554));
#280=EDGE_LOOP('',(#1555,#1556,#1557,#1558));
#281=EDGE_LOOP('',(#1559,#1560,#1561,#1562,#1563,#1564));
#282=EDGE_LOOP('',(#1565,#1566,#1567,#1568));
#283=EDGE_LOOP('',(#1569,#1570,#1571,#1572,#1573,#1574));
#284=EDGE_LOOP('',(#1575,#1576,#1577,#1578));
#285=EDGE_LOOP('',(#1579,#1580,#1581,#1582,#1583,#1584));
#286=EDGE_LOOP('',(#1585,#1586,#1587,#1588));
#287=EDGE_LOOP('',(#1589,#1590,#1591,#1592,#1593,#1594));
#288=EDGE_LOOP('',(#1595,#1596,#1597,#1598));
#289=EDGE_LOOP('',(#1599,#1600,#1601,#1602));
#290=EDGE_LOOP('',(#1603,#1604,#1605,#1606,#1607,#1608,#1609));
#291=EDGE_LOOP('',(#1610,#1611,#1612,#1613));
#292=EDGE_LOOP('',(#1614,#1615,#1616,#1617));
#293=EDGE_LOOP('',(#1618,#1619,#1620,#1621));
#294=EDGE_LOOP('',(#1622,#1623,#1624,#1625));
#295=EDGE_LOOP('',(#1626,#1627,#1628,#1629,#1630,#1631,#1632,#1633,#1634,
#1635,#1636,#1637,#1638,#1639,#1640,#1641,#1642,#1643,#1644,#1645,#1646,
#1647,#1648,#1649));
#296=EDGE_LOOP('',(#1650,#1651,#1652,#1653,#1654,#1655));
#297=EDGE_LOOP('',(#1656,#1657,#1658,#1659));
#298=EDGE_LOOP('',(#1660,#1661,#1662,#1663));
#299=EDGE_LOOP('',(#1664,#1665,#1666,#1667,#1668,#1669,#1670,#1671,#1672,
#1673,#1674,#1675));
#300=EDGE_LOOP('',(#1676,#1677,#1678,#1679));
#301=EDGE_LOOP('',(#1680,#1681,#1682,#1683));
#302=EDGE_LOOP('',(#1684));
#303=EDGE_LOOP('',(#1685,#1686,#1687,#1688));
#304=EDGE_LOOP('',(#1689,#1690,#1691,#1692));
#305=EDGE_LOOP('',(#1693));
#306=EDGE_LOOP('',(#1694,#1695,#1696,#1697));
#307=EDGE_LOOP('',(#1698,#1699,#1700,#1701));
#308=EDGE_LOOP('',(#1702));
#309=EDGE_LOOP('',(#1703,#1704,#1705,#1706));
#310=EDGE_LOOP('',(#1707,#1708,#1709,#1710));
#311=EDGE_LOOP('',(#1711));
#312=EDGE_LOOP('',(#1712,#1713,#1714,#1715));
#313=EDGE_LOOP('',(#1716,#1717,#1718,#1719));
#314=EDGE_LOOP('',(#1720,#1721,#1722,#1723));
#315=EDGE_LOOP('',(#1724,#1725,#1726,#1727));
#316=EDGE_LOOP('',(#1728));
#317=EDGE_LOOP('',(#1729,#1730,#1731,#1732));
#318=EDGE_LOOP('',(#1733,#1734,#1735,#1736));
#319=EDGE_LOOP('',(#1737));
#320=EDGE_LOOP('',(#1738,#1739,#1740,#1741));
#321=EDGE_LOOP('',(#1742,#1743,#1744,#1745));
#322=EDGE_LOOP('',(#1746,#1747,#1748,#1749));
#323=EDGE_LOOP('',(#1750));
#324=EDGE_LOOP('',(#1751,#1752,#1753,#1754));
#325=EDGE_LOOP('',(#1755,#1756,#1757,#1758));
#326=EDGE_LOOP('',(#1759));
#327=EDGE_LOOP('',(#1760,#1761,#1762,#1763));
#328=EDGE_LOOP('',(#1764,#1765,#1766,#1767));
#329=EDGE_LOOP('',(#1768,#1769,#1770,#1771));
#330=EDGE_LOOP('',(#1772));
#331=EDGE_LOOP('',(#1773,#1774,#1775,#1776));
#332=EDGE_LOOP('',(#1777,#1778,#1779,#1780));
#333=EDGE_LOOP('',(#1781));
#334=EDGE_LOOP('',(#1782,#1783,#1784,#1785));
#335=EDGE_LOOP('',(#1786,#1787,#1788,#1789));
#336=EDGE_LOOP('',(#1790));
#337=EDGE_LOOP('',(#1791,#1792,#1793,#1794));
#338=EDGE_LOOP('',(#1795,#1796,#1797,#1798));
#339=EDGE_LOOP('',(#1799));
#340=EDGE_LOOP('',(#1800,#1801,#1802,#1803));
#341=EDGE_LOOP('',(#1804,#1805,#1806,#1807));
#342=EDGE_LOOP('',(#1808,#1809,#1810,#1811,#1812,#1813,#1814,#1815,#1816,
#1817,#1818,#1819,#1820,#1821,#1822,#1823,#1824,#1825,#1826,#1827,#1828,
#1829,#1830,#1831));
#343=EDGE_LOOP('',(#1832,#1833,#1834,#1835));
#344=EDGE_LOOP('',(#1836));
#345=EDGE_LOOP('',(#1837,#1838,#1839,#1840,#1841,#1842,#1843,#1844));
#346=EDGE_LOOP('',(#1845,#1846,#1847,#1848));
#347=EDGE_LOOP('',(#1849,#1850,#1851,#1852));
#348=EDGE_LOOP('',(#1853,#1854,#1855,#1856));
#349=EDGE_LOOP('',(#1857,#1858,#1859,#1860));
#350=EDGE_LOOP('',(#1861,#1862,#1863,#1864));
#351=EDGE_LOOP('',(#1865,#1866,#1867,#1868));
#352=EDGE_LOOP('',(#1869,#1870,#1871,#1872,#1873));
#353=EDGE_LOOP('',(#1874,#1875,#1876,#1877));
#354=LINE('',#2730,#577);
#355=LINE('',#2737,#578);
#356=LINE('',#2743,#579);
#357=LINE('',#2749,#580);
#358=LINE('',#2755,#581);
#359=LINE('',#2761,#582);
#360=LINE('',#2767,#583);
#361=LINE('',#2774,#584);
#362=LINE('',#2777,#585);
#363=LINE('',#2783,#586);
#364=LINE('',#2786,#587);
#365=LINE('',#2792,#588);
#366=LINE('',#2795,#589);
#367=LINE('',#2801,#590);
#368=LINE('',#2804,#591);
#369=LINE('',#2810,#592);
#370=LINE('',#2813,#593);
#371=LINE('',#2819,#594);
#372=LINE('',#2822,#595);
#373=LINE('',#2828,#596);
#374=LINE('',#2831,#597);
#375=LINE('',#2836,#598);
#376=LINE('',#2842,#599);
#377=LINE('',#2846,#600);
#378=LINE('',#2848,#601);
#379=LINE('',#2850,#602);
#380=LINE('',#2852,#603);
#381=LINE('',#2853,#604);
#382=LINE('',#2856,#605);
#383=LINE('',#2860,#606);
#384=LINE('',#2862,#607);
#385=LINE('',#2864,#608);
#386=LINE('',#2866,#609);
#387=LINE('',#2867,#610);
#388=LINE('',#2870,#611);
#389=LINE('',#2871,#612);
#390=LINE('',#2874,#613);
#391=LINE('',#2876,#614);
#392=LINE('',#2878,#615);
#393=LINE('',#2880,#616);
#394=LINE('',#2881,#617);
#395=LINE('',#2884,#618);
#396=LINE('',#2885,#619);
#397=LINE('',#2888,#620);
#398=LINE('',#2890,#621);
#399=LINE('',#2892,#622);
#400=LINE('',#2894,#623);
#401=LINE('',#2895,#624);
#402=LINE('',#2898,#625);
#403=LINE('',#2899,#626);
#404=LINE('',#2902,#627);
#405=LINE('',#2904,#628);
#406=LINE('',#2906,#629);
#407=LINE('',#2908,#630);
#408=LINE('',#2909,#631);
#409=LINE('',#2912,#632);
#410=LINE('',#2913,#633);
#411=LINE('',#2916,#634);
#412=LINE('',#2918,#635);
#413=LINE('',#2920,#636);
#414=LINE('',#2922,#637);
#415=LINE('',#2923,#638);
#416=LINE('',#2926,#639);
#417=LINE('',#2927,#640);
#418=LINE('',#2930,#641);
#419=LINE('',#2932,#642);
#420=LINE('',#2934,#643);
#421=LINE('',#2936,#644);
#422=LINE('',#2937,#645);
#423=LINE('',#2940,#646);
#424=LINE('',#2943,#647);
#425=LINE('',#2949,#648);
#426=LINE('',#2952,#649);
#427=LINE('',#2955,#650);
#428=LINE('',#2962,#651);
#429=LINE('',#2963,#652);
#430=LINE('',#2967,#653);
#431=LINE('',#2973,#654);
#432=LINE('',#2976,#655);
#433=LINE('',#2979,#656);
#434=LINE('',#2981,#657);
#435=LINE('',#2982,#658);
#436=LINE('',#2987,#659);
#437=LINE('',#2990,#660);
#438=LINE('',#2991,#661);
#439=LINE('',#2998,#662);
#440=LINE('',#3001,#663);
#441=LINE('',#3004,#664);
#442=LINE('',#3006,#665);
#443=LINE('',#3007,#666);
#444=LINE('',#3012,#667);
#445=LINE('',#3016,#668);
#446=LINE('',#3018,#669);
#447=LINE('',#3019,#670);
#448=LINE('',#3021,#671);
#449=LINE('',#3022,#672);
#450=LINE('',#3026,#673);
#451=LINE('',#3028,#674);
#452=LINE('',#3030,#675);
#453=LINE('',#3031,#676);
#454=LINE('',#3038,#677);
#455=LINE('',#3044,#678);
#456=LINE('',#3047,#679);
#457=LINE('',#3048,#680);
#458=LINE('',#3051,#681);
#459=LINE('',#3053,#682);
#460=LINE('',#3055,#683);
#461=LINE('',#3056,#684);
#462=LINE('',#3058,#685);
#463=LINE('',#3061,#686);
#464=LINE('',#3063,#687);
#465=LINE('',#3065,#688);
#466=LINE('',#3066,#689);
#467=LINE('',#3068,#690);
#468=LINE('',#3071,#691);
#469=LINE('',#3073,#692);
#470=LINE('',#3075,#693);
#471=LINE('',#3076,#694);
#472=LINE('',#3078,#695);
#473=LINE('',#3081,#696);
#474=LINE('',#3083,#697);
#475=LINE('',#3085,#698);
#476=LINE('',#3086,#699);
#477=LINE('',#3088,#700);
#478=LINE('',#3091,#701);
#479=LINE('',#3093,#702);
#480=LINE('',#3095,#703);
#481=LINE('',#3096,#704);
#482=LINE('',#3098,#705);
#483=LINE('',#3101,#706);
#484=LINE('',#3103,#707);
#485=LINE('',#3104,#708);
#486=LINE('',#3107,#709);
#487=LINE('',#3109,#710);
#488=LINE('',#3110,#711);
#489=LINE('',#3112,#712);
#490=LINE('',#3113,#713);
#491=LINE('',#3115,#714);
#492=LINE('',#3116,#715);
#493=LINE('',#3118,#716);
#494=LINE('',#3119,#717);
#495=LINE('',#3121,#718);
#496=LINE('',#3122,#719);
#497=LINE('',#3125,#720);
#498=LINE('',#3126,#721);
#499=LINE('',#3129,#722);
#500=LINE('',#3130,#723);
#501=LINE('',#3136,#724);
#502=LINE('',#3141,#725);
#503=LINE('',#3143,#726);
#504=LINE('',#3145,#727);
#505=LINE('',#3146,#728);
#506=LINE('',#3149,#729);
#507=LINE('',#3151,#730);
#508=LINE('',#3152,#731);
#509=LINE('',#3155,#732);
#510=LINE('',#3157,#733);
#511=LINE('',#3158,#734);
#512=LINE('',#3160,#735);
#513=LINE('',#3161,#736);
#514=LINE('',#3166,#737);
#515=LINE('',#3168,#738);
#516=LINE('',#3170,#739);
#517=LINE('',#3171,#740);
#518=LINE('',#3174,#741);
#519=LINE('',#3176,#742);
#520=LINE('',#3177,#743);
#521=LINE('',#3180,#744);
#522=LINE('',#3182,#745);
#523=LINE('',#3183,#746);
#524=LINE('',#3185,#747);
#525=LINE('',#3186,#748);
#526=LINE('',#3191,#749);
#527=LINE('',#3193,#750);
#528=LINE('',#3195,#751);
#529=LINE('',#3196,#752);
#530=LINE('',#3199,#753);
#531=LINE('',#3201,#754);
#532=LINE('',#3202,#755);
#533=LINE('',#3205,#756);
#534=LINE('',#3207,#757);
#535=LINE('',#3208,#758);
#536=LINE('',#3210,#759);
#537=LINE('',#3211,#760);
#538=LINE('',#3216,#761);
#539=LINE('',#3218,#762);
#540=LINE('',#3220,#763);
#541=LINE('',#3221,#764);
#542=LINE('',#3224,#765);
#543=LINE('',#3226,#766);
#544=LINE('',#3227,#767);
#545=LINE('',#3230,#768);
#546=LINE('',#3232,#769);
#547=LINE('',#3233,#770);
#548=LINE('',#3235,#771);
#549=LINE('',#3236,#772);
#550=LINE('',#3241,#773);
#551=LINE('',#3243,#774);
#552=LINE('',#3245,#775);
#553=LINE('',#3246,#776);
#554=LINE('',#3249,#777);
#555=LINE('',#3251,#778);
#556=LINE('',#3252,#779);
#557=LINE('',#3255,#780);
#558=LINE('',#3257,#781);
#559=LINE('',#3258,#782);
#560=LINE('',#3260,#783);
#561=LINE('',#3261,#784);
#562=LINE('',#3266,#785);
#563=LINE('',#3268,#786);
#564=LINE('',#3270,#787);
#565=LINE('',#3271,#788);
#566=LINE('',#3274,#789);
#567=LINE('',#3276,#790);
#568=LINE('',#3277,#791);
#569=LINE('',#3280,#792);
#570=LINE('',#3282,#793);
#571=LINE('',#3283,#794);
#572=LINE('',#3285,#795);
#573=LINE('',#3286,#796);
#574=LINE('',#3290,#797);
#575=LINE('',#3291,#798);
#576=LINE('',#3293,#799);
#577=VECTOR('',#2186,1.);
#578=VECTOR('',#2195,2.);
#579=VECTOR('',#2202,2.);
#580=VECTOR('',#2209,2.);
#581=VECTOR('',#2216,2.);
#582=VECTOR('',#2223,2.);
#583=VECTOR('',#2230,2.);
#584=VECTOR('',#2237,10.);
#585=VECTOR('',#2240,10.);
#586=VECTOR('',#2245,10.);
#587=VECTOR('',#2248,10.);
#588=VECTOR('',#2253,10.);
#589=VECTOR('',#2256,10.);
#590=VECTOR('',#2261,10.);
#591=VECTOR('',#2264,10.);
#592=VECTOR('',#2269,10.);
#593=VECTOR('',#2272,10.);
#594=VECTOR('',#2277,10.);
#595=VECTOR('',#2280,10.);
#596=VECTOR('',#2285,10.);
#597=VECTOR('',#2288,10.);
#598=VECTOR('',#2293,2.);
#599=VECTOR('',#2300,2.);
#600=VECTOR('',#2305,10.);
#601=VECTOR('',#2306,10.);
#602=VECTOR('',#2307,10.);
#603=VECTOR('',#2308,10.);
#604=VECTOR('',#2309,10.);
#605=VECTOR('',#2312,10.);
#606=VECTOR('',#2317,10.);
#607=VECTOR('',#2318,10.);
#608=VECTOR('',#2319,10.);
#609=VECTOR('',#2320,10.);
#610=VECTOR('',#2321,10.);
#611=VECTOR('',#2324,10.);
#612=VECTOR('',#2325,10.);
#613=VECTOR('',#2328,10.);
#614=VECTOR('',#2329,10.);
#615=VECTOR('',#2330,10.);
#616=VECTOR('',#2331,10.);
#617=VECTOR('',#2332,10.);
#618=VECTOR('',#2335,10.);
#619=VECTOR('',#2336,10.);
#620=VECTOR('',#2339,10.);
#621=VECTOR('',#2340,10.);
#622=VECTOR('',#2341,10.);
#623=VECTOR('',#2342,10.);
#624=VECTOR('',#2343,10.);
#625=VECTOR('',#2346,10.);
#626=VECTOR('',#2347,10.);
#627=VECTOR('',#2350,10.);
#628=VECTOR('',#2351,10.);
#629=VECTOR('',#2352,10.);
#630=VECTOR('',#2353,10.);
#631=VECTOR('',#2354,10.);
#632=VECTOR('',#2357,10.);
#633=VECTOR('',#2358,10.);
#634=VECTOR('',#2361,10.);
#635=VECTOR('',#2362,10.);
#636=VECTOR('',#2363,10.);
#637=VECTOR('',#2364,10.);
#638=VECTOR('',#2365,10.);
#639=VECTOR('',#2368,10.);
#640=VECTOR('',#2369,10.);
#641=VECTOR('',#2372,10.);
#642=VECTOR('',#2373,10.);
#643=VECTOR('',#2374,10.);
#644=VECTOR('',#2375,10.);
#645=VECTOR('',#2376,10.);
#646=VECTOR('',#2379,10.);
#647=VECTOR('',#2382,10.);
#648=VECTOR('',#2387,10.);
#649=VECTOR('',#2390,10.);
#650=VECTOR('',#2393,10.);
#651=VECTOR('',#2402,10.);
#652=VECTOR('',#2403,10.);
#653=VECTOR('',#2408,10.);
#654=VECTOR('',#2413,10.);
#655=VECTOR('',#2416,10.);
#656=VECTOR('',#2419,10.);
#657=VECTOR('',#2420,10.);
#658=VECTOR('',#2421,10.);
#659=VECTOR('',#2426,10.);
#660=VECTOR('',#2431,10.);
#661=VECTOR('',#2432,10.);
#662=VECTOR('',#2439,10.);
#663=VECTOR('',#2442,10.);
#664=VECTOR('',#2445,10.);
#665=VECTOR('',#2446,10.);
#666=VECTOR('',#2447,10.);
#667=VECTOR('',#2452,10.);
#668=VECTOR('',#2457,10.);
#669=VECTOR('',#2458,10.);
#670=VECTOR('',#2459,10.);
#671=VECTOR('',#2462,10.);
#672=VECTOR('',#2463,10.);
#673=VECTOR('',#2468,10.);
#674=VECTOR('',#2469,10.);
#675=VECTOR('',#2470,10.);
#676=VECTOR('',#2471,10.);
#677=VECTOR('',#2480,10.);
#678=VECTOR('',#2487,10.);
#679=VECTOR('',#2490,10.);
#680=VECTOR('',#2491,10.);
#681=VECTOR('',#2494,10.);
#682=VECTOR('',#2495,10.);
#683=VECTOR('',#2496,10.);
#684=VECTOR('',#2497,10.);
#685=VECTOR('',#2500,10.);
#686=VECTOR('',#2503,10.);
#687=VECTOR('',#2504,10.);
#688=VECTOR('',#2505,10.);
#689=VECTOR('',#2506,10.);
#690=VECTOR('',#2509,10.);
#691=VECTOR('',#2512,10.);
#692=VECTOR('',#2513,10.);
#693=VECTOR('',#2514,10.);
#694=VECTOR('',#2515,10.);
#695=VECTOR('',#2518,10.);
#696=VECTOR('',#2521,10.);
#697=VECTOR('',#2522,10.);
#698=VECTOR('',#2523,10.);
#699=VECTOR('',#2524,10.);
#700=VECTOR('',#2527,10.);
#701=VECTOR('',#2530,10.);
#702=VECTOR('',#2531,10.);
#703=VECTOR('',#2532,10.);
#704=VECTOR('',#2533,10.);
#705=VECTOR('',#2536,10.);
#706=VECTOR('',#2539,10.);
#707=VECTOR('',#2540,10.);
#708=VECTOR('',#2541,10.);
#709=VECTOR('',#2544,10.);
#710=VECTOR('',#2547,10.);
#711=VECTOR('',#2548,10.);
#712=VECTOR('',#2551,10.);
#713=VECTOR('',#2552,10.);
#714=VECTOR('',#2555,10.);
#715=VECTOR('',#2556,10.);
#716=VECTOR('',#2559,10.);
#717=VECTOR('',#2560,10.);
#718=VECTOR('',#2563,10.);
#719=VECTOR('',#2564,10.);
#720=VECTOR('',#2567,10.);
#721=VECTOR('',#2568,10.);
#722=VECTOR('',#2571,10.);
#723=VECTOR('',#2572,10.);
#724=VECTOR('',#2581,10.);
#725=VECTOR('',#2586,10.);
#726=VECTOR('',#2587,10.);
#727=VECTOR('',#2588,10.);
#728=VECTOR('',#2589,10.);
#729=VECTOR('',#2592,10.);
#730=VECTOR('',#2593,10.);
#731=VECTOR('',#2594,10.);
#732=VECTOR('',#2597,10.);
#733=VECTOR('',#2598,10.);
#734=VECTOR('',#2599,10.);
#735=VECTOR('',#2602,10.);
#736=VECTOR('',#2603,10.);
#737=VECTOR('',#2608,10.);
#738=VECTOR('',#2609,10.);
#739=VECTOR('',#2610,10.);
#740=VECTOR('',#2611,10.);
#741=VECTOR('',#2614,10.);
#742=VECTOR('',#2615,10.);
#743=VECTOR('',#2616,10.);
#744=VECTOR('',#2619,10.);
#745=VECTOR('',#2620,10.);
#746=VECTOR('',#2621,10.);
#747=VECTOR('',#2624,10.);
#748=VECTOR('',#2625,10.);
#749=VECTOR('',#2630,10.);
#750=VECTOR('',#2631,10.);
#751=VECTOR('',#2632,10.);
#752=VECTOR('',#2633,10.);
#753=VECTOR('',#2636,10.);
#754=VECTOR('',#2637,10.);
#755=VECTOR('',#2638,10.);
#756=VECTOR('',#2641,10.);
#757=VECTOR('',#2642,10.);
#758=VECTOR('',#2643,10.);
#759=VECTOR('',#2646,10.);
#760=VECTOR('',#2647,10.);
#761=VECTOR('',#2652,10.);
#762=VECTOR('',#2653,10.);
#763=VECTOR('',#2654,10.);
#764=VECTOR('',#2655,10.);
#765=VECTOR('',#2658,10.);
#766=VECTOR('',#2659,10.);
#767=VECTOR('',#2660,10.);
#768=VECTOR('',#2663,10.);
#769=VECTOR('',#2664,10.);
#770=VECTOR('',#2665,10.);
#771=VECTOR('',#2668,10.);
#772=VECTOR('',#2669,10.);
#773=VECTOR('',#2674,10.);
#774=VECTOR('',#2675,10.);
#775=VECTOR('',#2676,10.);
#776=VECTOR('',#2677,10.);
#777=VECTOR('',#2680,10.);
#778=VECTOR('',#2681,10.);
#779=VECTOR('',#2682,10.);
#780=VECTOR('',#2685,10.);
#781=VECTOR('',#2686,10.);
#782=VECTOR('',#2687,10.);
#783=VECTOR('',#2690,10.);
#784=VECTOR('',#2691,10.);
#785=VECTOR('',#2696,10.);
#786=VECTOR('',#2697,10.);
#787=VECTOR('',#2698,10.);
#788=VECTOR('',#2699,10.);
#789=VECTOR('',#2702,10.);
#790=VECTOR('',#2703,10.);
#791=VECTOR('',#2704,10.);
#792=VECTOR('',#2707,10.);
#793=VECTOR('',#2708,10.);
#794=VECTOR('',#2709,10.);
#795=VECTOR('',#2712,10.);
#796=VECTOR('',#2713,10.);
#797=VECTOR('',#2718,10.);
#798=VECTOR('',#2719,10.);
#799=VECTOR('',#2722,10.);
#800=CIRCLE('',#2021,1.);
#801=CIRCLE('',#2022,1.);
#802=CIRCLE('',#2025,2.);
#803=CIRCLE('',#2026,2.);
#804=CIRCLE('',#2028,2.);
#805=CIRCLE('',#2029,2.);
#806=CIRCLE('',#2031,2.);
#807=CIRCLE('',#2032,2.);
#808=CIRCLE('',#2034,2.);
#809=CIRCLE('',#2035,2.);
#810=CIRCLE('',#2037,2.);
#811=CIRCLE('',#2038,2.);
#812=CIRCLE('',#2040,2.);
#813=CIRCLE('',#2041,2.);
#814=CIRCLE('',#2043,2.);
#815=CIRCLE('',#2046,2.);
#816=CIRCLE('',#2047,2.);
#817=CIRCLE('',#2049,2.);
#818=CIRCLE('',#2050,2.);
#819=CIRCLE('',#2052,2.);
#820=CIRCLE('',#2053,2.);
#821=CIRCLE('',#2055,2.);
#822=CIRCLE('',#2056,2.);
#823=CIRCLE('',#2058,2.);
#824=CIRCLE('',#2059,2.);
#825=CIRCLE('',#2061,2.);
#826=CIRCLE('',#2062,2.);
#827=CIRCLE('',#2064,2.);
#828=CIRCLE('',#2065,2.);
#829=CIRCLE('',#2067,2.);
#830=CIRCLE('',#2068,2.);
#831=CIRCLE('',#2071,75.1250000000001);
#832=CIRCLE('',#2084,75.1250000000003);
#833=CIRCLE('',#2086,4.);
#834=CIRCLE('',#2087,4.);
#835=CIRCLE('',#2089,4.);
#836=CIRCLE('',#2090,75.1250000000003);
#837=CIRCLE('',#2091,75.1250000000001);
#838=CIRCLE('',#2094,4.);
#839=CIRCLE('',#2096,72.1250000000007);
#840=CIRCLE('',#2097,72.1250000000007);
#841=CIRCLE('',#2100,72.1250000000004);
#842=CIRCLE('',#2101,72.1250000000004);
#843=CIRCLE('',#2105,72.1250000000004);
#844=CIRCLE('',#2106,72.1250000000004);
#845=CIRCLE('',#2109,72.1250000000007);
#846=CIRCLE('',#2110,72.1250000000007);
#847=CIRCLE('',#2116,75.1250000000003);
#848=CIRCLE('',#2118,75.1250000000003);
#849=CIRCLE('',#2119,75.1250000000001);
#850=CIRCLE('',#2121,75.1250000000003);
#851=CIRCLE('',#2122,75.1250000000003);
#852=CIRCLE('',#2135,75.1250000000001);
#853=CIRCLE('',#2143,75.1250000000001);
#854=CIRCLE('',#2146,75.1250000000001);
#855=VERTEX_POINT('',#2727);
#856=VERTEX_POINT('',#2729);
#857=VERTEX_POINT('',#2734);
#858=VERTEX_POINT('',#2736);
#859=VERTEX_POINT('',#2740);
#860=VERTEX_POINT('',#2742);
#861=VERTEX_POINT('',#2746);
#862=VERTEX_POINT('',#2748);
#863=VERTEX_POINT('',#2752);
#864=VERTEX_POINT('',#2754);
#865=VERTEX_POINT('',#2758);
#866=VERTEX_POINT('',#2760);
#867=VERTEX_POINT('',#2764);
#868=VERTEX_POINT('',#2766);
#869=VERTEX_POINT('',#2770);
#870=VERTEX_POINT('',#2771);
#871=VERTEX_POINT('',#2773);
#872=VERTEX_POINT('',#2775);
#873=VERTEX_POINT('',#2779);
#874=VERTEX_POINT('',#2780);
#875=VERTEX_POINT('',#2782);
#876=VERTEX_POINT('',#2784);
#877=VERTEX_POINT('',#2788);
#878=VERTEX_POINT('',#2789);
#879=VERTEX_POINT('',#2791);
#880=VERTEX_POINT('',#2793);
#881=VERTEX_POINT('',#2797);
#882=VERTEX_POINT('',#2798);
#883=VERTEX_POINT('',#2800);
#884=VERTEX_POINT('',#2802);
#885=VERTEX_POINT('',#2806);
#886=VERTEX_POINT('',#2807);
#887=VERTEX_POINT('',#2809);
#888=VERTEX_POINT('',#2811);
#889=VERTEX_POINT('',#2815);
#890=VERTEX_POINT('',#2816);
#891=VERTEX_POINT('',#2818);
#892=VERTEX_POINT('',#2820);
#893=VERTEX_POINT('',#2824);
#894=VERTEX_POINT('',#2825);
#895=VERTEX_POINT('',#2827);
#896=VERTEX_POINT('',#2829);
#897=VERTEX_POINT('',#2833);
#898=VERTEX_POINT('',#2835);
#899=VERTEX_POINT('',#2839);
#900=VERTEX_POINT('',#2841);
#901=VERTEX_POINT('',#2845);
#902=VERTEX_POINT('',#2847);
#903=VERTEX_POINT('',#2849);
#904=VERTEX_POINT('',#2851);
#905=VERTEX_POINT('',#2855);
#906=VERTEX_POINT('',#2859);
#907=VERTEX_POINT('',#2861);
#908=VERTEX_POINT('',#2863);
#909=VERTEX_POINT('',#2865);
#910=VERTEX_POINT('',#2869);
#911=VERTEX_POINT('',#2873);
#912=VERTEX_POINT('',#2875);
#913=VERTEX_POINT('',#2877);
#914=VERTEX_POINT('',#2879);
#915=VERTEX_POINT('',#2883);
#916=VERTEX_POINT('',#2887);
#917=VERTEX_POINT('',#2889);
#918=VERTEX_POINT('',#2891);
#919=VERTEX_POINT('',#2893);
#920=VERTEX_POINT('',#2897);
#921=VERTEX_POINT('',#2901);
#922=VERTEX_POINT('',#2903);
#923=VERTEX_POINT('',#2905);
#924=VERTEX_POINT('',#2907);
#925=VERTEX_POINT('',#2911);
#926=VERTEX_POINT('',#2915);
#927=VERTEX_POINT('',#2917);
#928=VERTEX_POINT('',#2919);
#929=VERTEX_POINT('',#2921);
#930=VERTEX_POINT('',#2925);
#931=VERTEX_POINT('',#2929);
#932=VERTEX_POINT('',#2931);
#933=VERTEX_POINT('',#2933);
#934=VERTEX_POINT('',#2935);
#935=VERTEX_POINT('',#2939);
#936=VERTEX_POINT('',#2941);
#937=VERTEX_POINT('',#2945);
#938=VERTEX_POINT('',#2946);
#939=VERTEX_POINT('',#2948);
#940=VERTEX_POINT('',#2950);
#941=VERTEX_POINT('',#2954);
#942=VERTEX_POINT('',#2956);
#943=VERTEX_POINT('',#2961);
#944=VERTEX_POINT('',#2965);
#945=VERTEX_POINT('',#2969);
#946=VERTEX_POINT('',#2970);
#947=VERTEX_POINT('',#2972);
#948=VERTEX_POINT('',#2974);
#949=VERTEX_POINT('',#2978);
#950=VERTEX_POINT('',#2980);
#951=VERTEX_POINT('',#2984);
#952=VERTEX_POINT('',#2986);
#953=VERTEX_POINT('',#2994);
#954=VERTEX_POINT('',#2995);
#955=VERTEX_POINT('',#2997);
#956=VERTEX_POINT('',#2999);
#957=VERTEX_POINT('',#3003);
#958=VERTEX_POINT('',#3005);
#959=VERTEX_POINT('',#3009);
#960=VERTEX_POINT('',#3011);
#961=VERTEX_POINT('',#3015);
#962=VERTEX_POINT('',#3017);
#963=VERTEX_POINT('',#3025);
#964=VERTEX_POINT('',#3027);
#965=VERTEX_POINT('',#3029);
#966=VERTEX_POINT('',#3035);
#967=VERTEX_POINT('',#3037);
#968=VERTEX_POINT('',#3041);
#969=VERTEX_POINT('',#3043);
#970=VERTEX_POINT('',#3045);
#971=VERTEX_POINT('',#3050);
#972=VERTEX_POINT('',#3052);
#973=VERTEX_POINT('',#3054);
#974=VERTEX_POINT('',#3060);
#975=VERTEX_POINT('',#3062);
#976=VERTEX_POINT('',#3064);
#977=VERTEX_POINT('',#3070);
#978=VERTEX_POINT('',#3072);
#979=VERTEX_POINT('',#3074);
#980=VERTEX_POINT('',#3080);
#981=VERTEX_POINT('',#3082);
#982=VERTEX_POINT('',#3084);
#983=VERTEX_POINT('',#3090);
#984=VERTEX_POINT('',#3092);
#985=VERTEX_POINT('',#3094);
#986=VERTEX_POINT('',#3100);
#987=VERTEX_POINT('',#3102);
#988=VERTEX_POINT('',#3106);
#989=VERTEX_POINT('',#3124);
#990=VERTEX_POINT('',#3128);
#991=VERTEX_POINT('',#3135);
#992=VERTEX_POINT('',#3139);
#993=VERTEX_POINT('',#3140);
#994=VERTEX_POINT('',#3142);
#995=VERTEX_POINT('',#3144);
#996=VERTEX_POINT('',#3148);
#997=VERTEX_POINT('',#3150);
#998=VERTEX_POINT('',#3154);
#999=VERTEX_POINT('',#3156);
#1000=VERTEX_POINT('',#3164);
#1001=VERTEX_POINT('',#3165);
#1002=VERTEX_POINT('',#3167);
#1003=VERTEX_POINT('',#3169);
#1004=VERTEX_POINT('',#3173);
#1005=VERTEX_POINT('',#3175);
#1006=VERTEX_POINT('',#3179);
#1007=VERTEX_POINT('',#3181);
#1008=VERTEX_POINT('',#3189);
#1009=VERTEX_POINT('',#3190);
#1010=VERTEX_POINT('',#3192);
#1011=VERTEX_POINT('',#3194);
#1012=VERTEX_POINT('',#3198);
#1013=VERTEX_POINT('',#3200);
#1014=VERTEX_POINT('',#3204);
#1015=VERTEX_POINT('',#3206);
#1016=VERTEX_POINT('',#3214);
#1017=VERTEX_POINT('',#3215);
#1018=VERTEX_POINT('',#3217);
#1019=VERTEX_POINT('',#3219);
#1020=VERTEX_POINT('',#3223);
#1021=VERTEX_POINT('',#3225);
#1022=VERTEX_POINT('',#3229);
#1023=VERTEX_POINT('',#3231);
#1024=VERTEX_POINT('',#3239);
#1025=VERTEX_POINT('',#3240);
#1026=VERTEX_POINT('',#3242);
#1027=VERTEX_POINT('',#3244);
#1028=VERTEX_POINT('',#3248);
#1029=VERTEX_POINT('',#3250);
#1030=VERTEX_POINT('',#3254);
#1031=VERTEX_POINT('',#3256);
#1032=VERTEX_POINT('',#3264);
#1033=VERTEX_POINT('',#3265);
#1034=VERTEX_POINT('',#3267);
#1035=VERTEX_POINT('',#3269);
#1036=VERTEX_POINT('',#3273);
#1037=VERTEX_POINT('',#3275);
#1038=VERTEX_POINT('',#3279);
#1039=VERTEX_POINT('',#3281);
#1040=VERTEX_POINT('',#3289);
#1041=EDGE_CURVE('',#855,#855,#800,.T.);
#1042=EDGE_CURVE('',#855,#856,#354,.T.);
#1043=EDGE_CURVE('',#856,#856,#801,.T.);
#1044=EDGE_CURVE('',#857,#857,#802,.T.);
#1045=EDGE_CURVE('',#857,#858,#355,.T.);
#1046=EDGE_CURVE('',#858,#858,#803,.T.);
#1047=EDGE_CURVE('',#859,#859,#804,.T.);
#1048=EDGE_CURVE('',#859,#860,#356,.T.);
#1049=EDGE_CURVE('',#860,#860,#805,.T.);
#1050=EDGE_CURVE('',#861,#861,#806,.T.);
#1051=EDGE_CURVE('',#861,#862,#357,.T.);
#1052=EDGE_CURVE('',#862,#862,#807,.T.);
#1053=EDGE_CURVE('',#863,#863,#808,.T.);
#1054=EDGE_CURVE('',#863,#864,#358,.T.);
#1055=EDGE_CURVE('',#864,#864,#809,.T.);
#1056=EDGE_CURVE('',#865,#865,#810,.T.);
#1057=EDGE_CURVE('',#865,#866,#359,.T.);
#1058=EDGE_CURVE('',#866,#866,#811,.T.);
#1059=EDGE_CURVE('',#867,#867,#812,.T.);
#1060=EDGE_CURVE('',#867,#868,#360,.T.);
#1061=EDGE_CURVE('',#868,#868,#813,.T.);
#1062=EDGE_CURVE('',#869,#870,#814,.T.);
#1063=EDGE_CURVE('',#871,#869,#361,.T.);
#1064=EDGE_CURVE('',#872,#871,#40,.T.);
#1065=EDGE_CURVE('',#870,#872,#362,.T.);
#1066=EDGE_CURVE('',#873,#874,#815,.T.);
#1067=EDGE_CURVE('',#875,#873,#363,.T.);
#1068=EDGE_CURVE('',#876,#875,#816,.T.);
#1069=EDGE_CURVE('',#874,#876,#364,.T.);
#1070=EDGE_CURVE('',#877,#878,#817,.T.);
#1071=EDGE_CURVE('',#879,#877,#365,.T.);
#1072=EDGE_CURVE('',#880,#879,#818,.T.);
#1073=EDGE_CURVE('',#878,#880,#366,.T.);
#1074=EDGE_CURVE('',#881,#882,#819,.T.);
#1075=EDGE_CURVE('',#883,#881,#367,.T.);
#1076=EDGE_CURVE('',#884,#883,#820,.T.);
#1077=EDGE_CURVE('',#882,#884,#368,.T.);
#1078=EDGE_CURVE('',#885,#886,#821,.T.);
#1079=EDGE_CURVE('',#887,#885,#369,.T.);
#1080=EDGE_CURVE('',#888,#887,#822,.T.);
#1081=EDGE_CURVE('',#886,#888,#370,.T.);
#1082=EDGE_CURVE('',#889,#890,#823,.T.);
#1083=EDGE_CURVE('',#891,#889,#371,.T.);
#1084=EDGE_CURVE('',#892,#891,#824,.T.);
#1085=EDGE_CURVE('',#890,#892,#372,.T.);
#1086=EDGE_CURVE('',#893,#894,#825,.T.);
#1087=EDGE_CURVE('',#895,#893,#373,.T.);
#1088=EDGE_CURVE('',#896,#895,#826,.T.);
#1089=EDGE_CURVE('',#894,#896,#374,.T.);
#1090=EDGE_CURVE('',#897,#897,#827,.T.);
#1091=EDGE_CURVE('',#897,#898,#375,.T.);
#1092=EDGE_CURVE('',#898,#898,#828,.T.);
#1093=EDGE_CURVE('',#899,#899,#829,.T.);
#1094=EDGE_CURVE('',#899,#900,#376,.T.);
#1095=EDGE_CURVE('',#900,#900,#830,.T.);
#1096=EDGE_CURVE('',#895,#901,#377,.T.);
#1097=EDGE_CURVE('',#902,#901,#378,.T.);
#1098=EDGE_CURVE('',#903,#902,#379,.T.);
#1099=EDGE_CURVE('',#904,#903,#380,.T.);
#1100=EDGE_CURVE('',#904,#896,#381,.T.);
#1101=EDGE_CURVE('',#905,#893,#382,.T.);
#1102=EDGE_CURVE('',#901,#905,#831,.T.);
#1103=EDGE_CURVE('',#891,#906,#383,.T.);
#1104=EDGE_CURVE('',#907,#906,#384,.T.);
#1105=EDGE_CURVE('',#908,#907,#385,.T.);
#1106=EDGE_CURVE('',#909,#908,#386,.T.);
#1107=EDGE_CURVE('',#909,#892,#387,.T.);
#1108=EDGE_CURVE('',#910,#889,#388,.T.);
#1109=EDGE_CURVE('',#906,#910,#389,.T.);
#1110=EDGE_CURVE('',#887,#911,#390,.T.);
#1111=EDGE_CURVE('',#912,#911,#391,.T.);
#1112=EDGE_CURVE('',#913,#912,#392,.T.);
#1113=EDGE_CURVE('',#914,#913,#393,.T.);
#1114=EDGE_CURVE('',#914,#888,#394,.T.);
#1115=EDGE_CURVE('',#915,#885,#395,.T.);
#1116=EDGE_CURVE('',#911,#915,#396,.T.);
#1117=EDGE_CURVE('',#883,#916,#397,.T.);
#1118=EDGE_CURVE('',#917,#916,#398,.T.);
#1119=EDGE_CURVE('',#918,#917,#399,.T.);
#1120=EDGE_CURVE('',#919,#918,#400,.T.);
#1121=EDGE_CURVE('',#919,#884,#401,.T.);
#1122=EDGE_CURVE('',#920,#881,#402,.T.);
#1123=EDGE_CURVE('',#916,#920,#403,.T.);
#1124=EDGE_CURVE('',#879,#921,#404,.T.);
#1125=EDGE_CURVE('',#922,#921,#405,.T.);
#1126=EDGE_CURVE('',#923,#922,#406,.T.);
#1127=EDGE_CURVE('',#924,#923,#407,.T.);
#1128=EDGE_CURVE('',#924,#880,#408,.T.);
#1129=EDGE_CURVE('',#925,#877,#409,.T.);
#1130=EDGE_CURVE('',#921,#925,#410,.T.);
#1131=EDGE_CURVE('',#875,#926,#411,.T.);
#1132=EDGE_CURVE('',#927,#926,#412,.T.);
#1133=EDGE_CURVE('',#928,#927,#413,.T.);
#1134=EDGE_CURVE('',#929,#928,#414,.T.);
#1135=EDGE_CURVE('',#929,#876,#415,.T.);
#1136=EDGE_CURVE('',#930,#873,#416,.T.);
#1137=EDGE_CURVE('',#926,#930,#417,.T.);
#1138=EDGE_CURVE('',#871,#931,#418,.T.);
#1139=EDGE_CURVE('',#932,#931,#419,.T.);
#1140=EDGE_CURVE('',#933,#932,#420,.T.);
#1141=EDGE_CURVE('',#934,#933,#421,.T.);
#1142=EDGE_CURVE('',#934,#872,#422,.T.);
#1143=EDGE_CURVE('',#935,#869,#423,.T.);
#1144=EDGE_CURVE('',#936,#935,#832,.T.);
#1145=EDGE_CURVE('',#931,#936,#424,.T.);
#1146=EDGE_CURVE('',#937,#938,#833,.T.);
#1147=EDGE_CURVE('',#938,#939,#425,.T.);
#1148=EDGE_CURVE('',#939,#940,#834,.T.);
#1149=EDGE_CURVE('',#940,#937,#426,.T.);
#1150=EDGE_CURVE('',#937,#941,#427,.T.);
#1151=EDGE_CURVE('',#942,#941,#835,.T.);
#1152=EDGE_CURVE('',#942,#903,#836,.T.);
#1153=EDGE_CURVE('',#902,#938,#837,.T.);
#1154=EDGE_CURVE('',#940,#943,#428,.T.);
#1155=EDGE_CURVE('',#941,#943,#429,.T.);
#1156=EDGE_CURVE('',#943,#944,#838,.T.);
#1157=EDGE_CURVE('',#944,#942,#430,.T.);
#1158=EDGE_CURVE('',#945,#946,#839,.T.);
#1159=EDGE_CURVE('',#945,#947,#431,.T.);
#1160=EDGE_CURVE('',#947,#948,#840,.T.);
#1161=EDGE_CURVE('',#946,#948,#432,.T.);
#1162=EDGE_CURVE('',#949,#945,#433,.T.);
#1163=EDGE_CURVE('',#949,#950,#434,.T.);
#1164=EDGE_CURVE('',#950,#947,#435,.T.);
#1165=EDGE_CURVE('',#951,#949,#841,.T.);
#1166=EDGE_CURVE('',#951,#952,#436,.T.);
#1167=EDGE_CURVE('',#952,#950,#842,.T.);
#1168=EDGE_CURVE('',#946,#951,#437,.T.);
#1169=EDGE_CURVE('',#948,#952,#438,.T.);
#1170=EDGE_CURVE('',#953,#954,#843,.T.);
#1171=EDGE_CURVE('',#953,#955,#439,.T.);
#1172=EDGE_CURVE('',#955,#956,#844,.T.);
#1173=EDGE_CURVE('',#954,#956,#440,.T.);
#1174=EDGE_CURVE('',#957,#953,#441,.T.);
#1175=EDGE_CURVE('',#957,#958,#442,.T.);
#1176=EDGE_CURVE('',#958,#955,#443,.T.);
#1177=EDGE_CURVE('',#959,#957,#845,.T.);
#1178=EDGE_CURVE('',#959,#960,#444,.T.);
#1179=EDGE_CURVE('',#960,#958,#846,.T.);
#1180=EDGE_CURVE('',#961,#959,#445,.T.);
#1181=EDGE_CURVE('',#961,#962,#446,.T.);
#1182=EDGE_CURVE('',#962,#960,#447,.T.);
#1183=EDGE_CURVE('',#954,#961,#448,.T.);
#1184=EDGE_CURVE('',#956,#962,#449,.T.);
#1185=EDGE_CURVE('',#894,#963,#450,.T.);
#1186=EDGE_CURVE('',#964,#963,#451,.T.);
#1187=EDGE_CURVE('',#965,#964,#452,.T.);
#1188=EDGE_CURVE('',#905,#965,#453,.T.);
#1189=EDGE_CURVE('',#963,#904,#847,.T.);
#1190=EDGE_CURVE('',#964,#966,#848,.T.);
#1191=EDGE_CURVE('',#966,#967,#454,.T.);
#1192=EDGE_CURVE('',#967,#965,#849,.T.);
#1193=EDGE_CURVE('',#944,#968,#850,.T.);
#1194=EDGE_CURVE('',#968,#969,#455,.T.);
#1195=EDGE_CURVE('',#970,#969,#851,.T.);
#1196=EDGE_CURVE('',#970,#936,#456,.T.);
#1197=EDGE_CURVE('',#935,#966,#457,.T.);
#1198=EDGE_CURVE('',#890,#971,#458,.T.);
#1199=EDGE_CURVE('',#972,#971,#459,.T.);
#1200=EDGE_CURVE('',#973,#972,#460,.T.);
#1201=EDGE_CURVE('',#910,#973,#461,.T.);
#1202=EDGE_CURVE('',#971,#909,#462,.T.);
#1203=EDGE_CURVE('',#886,#974,#463,.T.);
#1204=EDGE_CURVE('',#975,#974,#464,.T.);
#1205=EDGE_CURVE('',#976,#975,#465,.T.);
#1206=EDGE_CURVE('',#915,#976,#466,.T.);
#1207=EDGE_CURVE('',#974,#914,#467,.T.);
#1208=EDGE_CURVE('',#882,#977,#468,.T.);
#1209=EDGE_CURVE('',#978,#977,#469,.T.);
#1210=EDGE_CURVE('',#979,#978,#470,.T.);
#1211=EDGE_CURVE('',#920,#979,#471,.T.);
#1212=EDGE_CURVE('',#977,#919,#472,.T.);
#1213=EDGE_CURVE('',#878,#980,#473,.T.);
#1214=EDGE_CURVE('',#981,#980,#474,.T.);
#1215=EDGE_CURVE('',#982,#981,#475,.T.);
#1216=EDGE_CURVE('',#925,#982,#476,.T.);
#1217=EDGE_CURVE('',#980,#924,#477,.T.);
#1218=EDGE_CURVE('',#874,#983,#478,.T.);
#1219=EDGE_CURVE('',#984,#983,#479,.T.);
#1220=EDGE_CURVE('',#985,#984,#480,.T.);
#1221=EDGE_CURVE('',#930,#985,#481,.T.);
#1222=EDGE_CURVE('',#983,#929,#482,.T.);
#1223=EDGE_CURVE('',#927,#986,#483,.T.);
#1224=EDGE_CURVE('',#986,#987,#484,.T.);
#1225=EDGE_CURVE('',#987,#928,#485,.T.);
#1226=EDGE_CURVE('',#981,#988,#486,.T.);
#1227=EDGE_CURVE('',#988,#933,#852,.T.);
#1228=EDGE_CURVE('',#932,#970,#487,.T.);
#1229=EDGE_CURVE('',#969,#982,#488,.T.);
#1230=EDGE_CURVE('',#912,#923,#489,.T.);
#1231=EDGE_CURVE('',#922,#913,#490,.T.);
#1232=EDGE_CURVE('',#978,#985,#491,.T.);
#1233=EDGE_CURVE('',#984,#979,#492,.T.);
#1234=EDGE_CURVE('',#972,#918,#493,.T.);
#1235=EDGE_CURVE('',#917,#973,#494,.T.);
#1236=EDGE_CURVE('',#907,#976,#495,.T.);
#1237=EDGE_CURVE('',#975,#908,#496,.T.);
#1238=EDGE_CURVE('',#968,#989,#497,.T.);
#1239=EDGE_CURVE('',#989,#986,#498,.T.);
#1240=EDGE_CURVE('',#870,#990,#499,.T.);
#1241=EDGE_CURVE('',#967,#990,#500,.T.);
#1242=EDGE_CURVE('',#990,#934,#853,.T.);
#1243=EDGE_CURVE('',#991,#988,#501,.T.);
#1244=EDGE_CURVE('',#991,#939,#854,.T.);
#1245=EDGE_CURVE('',#992,#993,#502,.T.);
#1246=EDGE_CURVE('',#992,#994,#503,.T.);
#1247=EDGE_CURVE('',#994,#995,#504,.T.);
#1248=EDGE_CURVE('',#993,#995,#505,.T.);
#1249=EDGE_CURVE('',#996,#992,#506,.T.);
#1250=EDGE_CURVE('',#996,#997,#507,.T.);
#1251=EDGE_CURVE('',#997,#994,#508,.T.);
#1252=EDGE_CURVE('',#998,#996,#509,.T.);
#1253=EDGE_CURVE('',#998,#999,#510,.T.);
#1254=EDGE_CURVE('',#999,#997,#511,.T.);
#1255=EDGE_CURVE('',#993,#998,#512,.T.);
#1256=EDGE_CURVE('',#995,#999,#513,.T.);
#1257=EDGE_CURVE('',#1000,#1001,#514,.T.);
#1258=EDGE_CURVE('',#1000,#1002,#515,.T.);
#1259=EDGE_CURVE('',#1002,#1003,#516,.T.);
#1260=EDGE_CURVE('',#1001,#1003,#517,.T.);
#1261=EDGE_CURVE('',#1004,#1000,#518,.T.);
#1262=EDGE_CURVE('',#1004,#1005,#519,.T.);
#1263=EDGE_CURVE('',#1005,#1002,#520,.T.);
#1264=EDGE_CURVE('',#1006,#1004,#521,.T.);
#1265=EDGE_CURVE('',#1006,#1007,#522,.T.);
#1266=EDGE_CURVE('',#1007,#1005,#523,.T.);
#1267=EDGE_CURVE('',#1001,#1006,#524,.T.);
#1268=EDGE_CURVE('',#1003,#1007,#525,.T.);
#1269=EDGE_CURVE('',#1008,#1009,#526,.T.);
#1270=EDGE_CURVE('',#1008,#1010,#527,.T.);
#1271=EDGE_CURVE('',#1010,#1011,#528,.T.);
#1272=EDGE_CURVE('',#1009,#1011,#529,.T.);
#1273=EDGE_CURVE('',#1012,#1008,#530,.T.);
#1274=EDGE_CURVE('',#1012,#1013,#531,.T.);
#1275=EDGE_CURVE('',#1013,#1010,#532,.T.);
#1276=EDGE_CURVE('',#1014,#1012,#533,.T.);
#1277=EDGE_CURVE('',#1014,#1015,#534,.T.);
#1278=EDGE_CURVE('',#1015,#1013,#535,.T.);
#1279=EDGE_CURVE('',#1009,#1014,#536,.T.);
#1280=EDGE_CURVE('',#1011,#1015,#537,.T.);
#1281=EDGE_CURVE('',#1016,#1017,#538,.T.);
#1282=EDGE_CURVE('',#1016,#1018,#539,.T.);
#1283=EDGE_CURVE('',#1018,#1019,#540,.T.);
#1284=EDGE_CURVE('',#1017,#1019,#541,.T.);
#1285=EDGE_CURVE('',#1020,#1016,#542,.T.);
#1286=EDGE_CURVE('',#1020,#1021,#543,.T.);
#1287=EDGE_CURVE('',#1021,#1018,#544,.T.);
#1288=EDGE_CURVE('',#1022,#1020,#545,.T.);
#1289=EDGE_CURVE('',#1022,#1023,#546,.T.);
#1290=EDGE_CURVE('',#1023,#1021,#547,.T.);
#1291=EDGE_CURVE('',#1017,#1022,#548,.T.);
#1292=EDGE_CURVE('',#1019,#1023,#549,.T.);
#1293=EDGE_CURVE('',#1024,#1025,#550,.T.);
#1294=EDGE_CURVE('',#1024,#1026,#551,.T.);
#1295=EDGE_CURVE('',#1026,#1027,#552,.T.);
#1296=EDGE_CURVE('',#1025,#1027,#553,.T.);
#1297=EDGE_CURVE('',#1028,#1024,#554,.T.);
#1298=EDGE_CURVE('',#1028,#1029,#555,.T.);
#1299=EDGE_CURVE('',#1029,#1026,#556,.T.);
#1300=EDGE_CURVE('',#1030,#1028,#557,.T.);
#1301=EDGE_CURVE('',#1030,#1031,#558,.T.);
#1302=EDGE_CURVE('',#1031,#1029,#559,.T.);
#1303=EDGE_CURVE('',#1025,#1030,#560,.T.);
#1304=EDGE_CURVE('',#1027,#1031,#561,.T.);
#1305=EDGE_CURVE('',#1032,#1033,#562,.T.);
#1306=EDGE_CURVE('',#1032,#1034,#563,.T.);
#1307=EDGE_CURVE('',#1034,#1035,#564,.T.);
#1308=EDGE_CURVE('',#1033,#1035,#565,.T.);
#1309=EDGE_CURVE('',#1036,#1032,#566,.T.);
#1310=EDGE_CURVE('',#1036,#1037,#567,.T.);
#1311=EDGE_CURVE('',#1037,#1034,#568,.T.);
#1312=EDGE_CURVE('',#1038,#1036,#569,.T.);
#1313=EDGE_CURVE('',#1038,#1039,#570,.T.);
#1314=EDGE_CURVE('',#1039,#1037,#571,.T.);
#1315=EDGE_CURVE('',#1033,#1038,#572,.T.);
#1316=EDGE_CURVE('',#1035,#1039,#573,.T.);
#1317=EDGE_CURVE('',#1040,#987,#574,.T.);
#1318=EDGE_CURVE('',#1040,#991,#575,.T.);
#1319=EDGE_CURVE('',#989,#1040,#576,.T.);
#1320=ORIENTED_EDGE('',*,*,#1041,.F.);
#1321=ORIENTED_EDGE('',*,*,#1042,.T.);
#1322=ORIENTED_EDGE('',*,*,#1043,.T.);
#1323=ORIENTED_EDGE('',*,*,#1042,.F.);
#1324=ORIENTED_EDGE('',*,*,#1043,.F.);
#1325=ORIENTED_EDGE('',*,*,#1044,.F.);
#1326=ORIENTED_EDGE('',*,*,#1045,.T.);
#1327=ORIENTED_EDGE('',*,*,#1046,.F.);
#1328=ORIENTED_EDGE('',*,*,#1045,.F.);
#1329=ORIENTED_EDGE('',*,*,#1047,.F.);
#1330=ORIENTED_EDGE('',*,*,#1048,.T.);
#1331=ORIENTED_EDGE('',*,*,#1049,.F.);
#1332=ORIENTED_EDGE('',*,*,#1048,.F.);
#1333=ORIENTED_EDGE('',*,*,#1050,.F.);
#1334=ORIENTED_EDGE('',*,*,#1051,.T.);
#1335=ORIENTED_EDGE('',*,*,#1052,.F.);
#1336=ORIENTED_EDGE('',*,*,#1051,.F.);
#1337=ORIENTED_EDGE('',*,*,#1053,.F.);
#1338=ORIENTED_EDGE('',*,*,#1054,.T.);
#1339=ORIENTED_EDGE('',*,*,#1055,.F.);
#1340=ORIENTED_EDGE('',*,*,#1054,.F.);
#1341=ORIENTED_EDGE('',*,*,#1056,.F.);
#1342=ORIENTED_EDGE('',*,*,#1057,.T.);
#1343=ORIENTED_EDGE('',*,*,#1058,.F.);
#1344=ORIENTED_EDGE('',*,*,#1057,.F.);
#1345=ORIENTED_EDGE('',*,*,#1059,.F.);
#1346=ORIENTED_EDGE('',*,*,#1060,.T.);
#1347=ORIENTED_EDGE('',*,*,#1061,.F.);
#1348=ORIENTED_EDGE('',*,*,#1060,.F.);
#1349=ORIENTED_EDGE('',*,*,#1062,.F.);
#1350=ORIENTED_EDGE('',*,*,#1063,.F.);
#1351=ORIENTED_EDGE('',*,*,#1064,.F.);
#1352=ORIENTED_EDGE('',*,*,#1065,.F.);
#1353=ORIENTED_EDGE('',*,*,#1066,.F.);
#1354=ORIENTED_EDGE('',*,*,#1067,.F.);
#1355=ORIENTED_EDGE('',*,*,#1068,.F.);
#1356=ORIENTED_EDGE('',*,*,#1069,.F.);
#1357=ORIENTED_EDGE('',*,*,#1070,.F.);
#1358=ORIENTED_EDGE('',*,*,#1071,.F.);
#1359=ORIENTED_EDGE('',*,*,#1072,.F.);
#1360=ORIENTED_EDGE('',*,*,#1073,.F.);
#1361=ORIENTED_EDGE('',*,*,#1074,.F.);
#1362=ORIENTED_EDGE('',*,*,#1075,.F.);
#1363=ORIENTED_EDGE('',*,*,#1076,.F.);
#1364=ORIENTED_EDGE('',*,*,#1077,.F.);
#1365=ORIENTED_EDGE('',*,*,#1078,.F.);
#1366=ORIENTED_EDGE('',*,*,#1079,.F.);
#1367=ORIENTED_EDGE('',*,*,#1080,.F.);
#1368=ORIENTED_EDGE('',*,*,#1081,.F.);
#1369=ORIENTED_EDGE('',*,*,#1082,.F.);
#1370=ORIENTED_EDGE('',*,*,#1083,.F.);
#1371=ORIENTED_EDGE('',*,*,#1084,.F.);
#1372=ORIENTED_EDGE('',*,*,#1085,.F.);
#1373=ORIENTED_EDGE('',*,*,#1086,.F.);
#1374=ORIENTED_EDGE('',*,*,#1087,.F.);
#1375=ORIENTED_EDGE('',*,*,#1088,.F.);
#1376=ORIENTED_EDGE('',*,*,#1089,.F.);
#1377=ORIENTED_EDGE('',*,*,#1090,.F.);
#1378=ORIENTED_EDGE('',*,*,#1091,.T.);
#1379=ORIENTED_EDGE('',*,*,#1092,.F.);
#1380=ORIENTED_EDGE('',*,*,#1091,.F.);
#1381=ORIENTED_EDGE('',*,*,#1093,.F.);
#1382=ORIENTED_EDGE('',*,*,#1094,.T.);
#1383=ORIENTED_EDGE('',*,*,#1095,.F.);
#1384=ORIENTED_EDGE('',*,*,#1094,.F.);
#1385=ORIENTED_EDGE('',*,*,#1088,.T.);
#1386=ORIENTED_EDGE('',*,*,#1096,.T.);
#1387=ORIENTED_EDGE('',*,*,#1097,.F.);
#1388=ORIENTED_EDGE('',*,*,#1098,.F.);
#1389=ORIENTED_EDGE('',*,*,#1099,.F.);
#1390=ORIENTED_EDGE('',*,*,#1100,.T.);
#1391=ORIENTED_EDGE('',*,*,#1087,.T.);
#1392=ORIENTED_EDGE('',*,*,#1101,.F.);
#1393=ORIENTED_EDGE('',*,*,#1102,.F.);
#1394=ORIENTED_EDGE('',*,*,#1096,.F.);
#1395=ORIENTED_EDGE('',*,*,#1084,.T.);
#1396=ORIENTED_EDGE('',*,*,#1103,.T.);
#1397=ORIENTED_EDGE('',*,*,#1104,.F.);
#1398=ORIENTED_EDGE('',*,*,#1105,.F.);
#1399=ORIENTED_EDGE('',*,*,#1106,.F.);
#1400=ORIENTED_EDGE('',*,*,#1107,.T.);
#1401=ORIENTED_EDGE('',*,*,#1083,.T.);
#1402=ORIENTED_EDGE('',*,*,#1108,.F.);
#1403=ORIENTED_EDGE('',*,*,#1109,.F.);
#1404=ORIENTED_EDGE('',*,*,#1103,.F.);
#1405=ORIENTED_EDGE('',*,*,#1080,.T.);
#1406=ORIENTED_EDGE('',*,*,#1110,.T.);
#1407=ORIENTED_EDGE('',*,*,#1111,.F.);
#1408=ORIENTED_EDGE('',*,*,#1112,.F.);
#1409=ORIENTED_EDGE('',*,*,#1113,.F.);
#1410=ORIENTED_EDGE('',*,*,#1114,.T.);
#1411=ORIENTED_EDGE('',*,*,#1079,.T.);
#1412=ORIENTED_EDGE('',*,*,#1115,.F.);
#1413=ORIENTED_EDGE('',*,*,#1116,.F.);
#1414=ORIENTED_EDGE('',*,*,#1110,.F.);
#1415=ORIENTED_EDGE('',*,*,#1076,.T.);
#1416=ORIENTED_EDGE('',*,*,#1117,.T.);
#1417=ORIENTED_EDGE('',*,*,#1118,.F.);
#1418=ORIENTED_EDGE('',*,*,#1119,.F.);
#1419=ORIENTED_EDGE('',*,*,#1120,.F.);
#1420=ORIENTED_EDGE('',*,*,#1121,.T.);
#1421=ORIENTED_EDGE('',*,*,#1075,.T.);
#1422=ORIENTED_EDGE('',*,*,#1122,.F.);
#1423=ORIENTED_EDGE('',*,*,#1123,.F.);
#1424=ORIENTED_EDGE('',*,*,#1117,.F.);
#1425=ORIENTED_EDGE('',*,*,#1072,.T.);
#1426=ORIENTED_EDGE('',*,*,#1124,.T.);
#1427=ORIENTED_EDGE('',*,*,#1125,.F.);
#1428=ORIENTED_EDGE('',*,*,#1126,.F.);
#1429=ORIENTED_EDGE('',*,*,#1127,.F.);
#1430=ORIENTED_EDGE('',*,*,#1128,.T.);
#1431=ORIENTED_EDGE('',*,*,#1071,.T.);
#1432=ORIENTED_EDGE('',*,*,#1129,.F.);
#1433=ORIENTED_EDGE('',*,*,#1130,.F.);
#1434=ORIENTED_EDGE('',*,*,#1124,.F.);
#1435=ORIENTED_EDGE('',*,*,#1068,.T.);
#1436=ORIENTED_EDGE('',*,*,#1131,.T.);
#1437=ORIENTED_EDGE('',*,*,#1132,.F.);
#1438=ORIENTED_EDGE('',*,*,#1133,.F.);
#1439=ORIENTED_EDGE('',*,*,#1134,.F.);
#1440=ORIENTED_EDGE('',*,*,#1135,.T.);
#1441=ORIENTED_EDGE('',*,*,#1067,.T.);
#1442=ORIENTED_EDGE('',*,*,#1136,.F.);
#1443=ORIENTED_EDGE('',*,*,#1137,.F.);
#1444=ORIENTED_EDGE('',*,*,#1131,.F.);
#1445=ORIENTED_EDGE('',*,*,#1064,.T.);
#1446=ORIENTED_EDGE('',*,*,#1138,.T.);
#1447=ORIENTED_EDGE('',*,*,#1139,.F.);
#1448=ORIENTED_EDGE('',*,*,#1140,.F.);
#1449=ORIENTED_EDGE('',*,*,#1141,.F.);
#1450=ORIENTED_EDGE('',*,*,#1142,.T.);
#1451=ORIENTED_EDGE('',*,*,#1063,.T.);
#1452=ORIENTED_EDGE('',*,*,#1143,.F.);
#1453=ORIENTED_EDGE('',*,*,#1144,.F.);
#1454=ORIENTED_EDGE('',*,*,#1145,.F.);
#1455=ORIENTED_EDGE('',*,*,#1138,.F.);
#1456=ORIENTED_EDGE('',*,*,#1146,.T.);
#1457=ORIENTED_EDGE('',*,*,#1147,.T.);
#1458=ORIENTED_EDGE('',*,*,#1148,.T.);
#1459=ORIENTED_EDGE('',*,*,#1149,.T.);
#1460=ORIENTED_EDGE('',*,*,#1146,.F.);
#1461=ORIENTED_EDGE('',*,*,#1150,.T.);
#1462=ORIENTED_EDGE('',*,*,#1151,.F.);
#1463=ORIENTED_EDGE('',*,*,#1152,.T.);
#1464=ORIENTED_EDGE('',*,*,#1098,.T.);
#1465=ORIENTED_EDGE('',*,*,#1153,.T.);
#1466=ORIENTED_EDGE('',*,*,#1149,.F.);
#1467=ORIENTED_EDGE('',*,*,#1154,.T.);
#1468=ORIENTED_EDGE('',*,*,#1155,.F.);
#1469=ORIENTED_EDGE('',*,*,#1150,.F.);
#1470=ORIENTED_EDGE('',*,*,#1151,.T.);
#1471=ORIENTED_EDGE('',*,*,#1155,.T.);
#1472=ORIENTED_EDGE('',*,*,#1156,.T.);
#1473=ORIENTED_EDGE('',*,*,#1157,.T.);
#1474=ORIENTED_EDGE('',*,*,#1158,.F.);
#1475=ORIENTED_EDGE('',*,*,#1159,.T.);
#1476=ORIENTED_EDGE('',*,*,#1160,.T.);
#1477=ORIENTED_EDGE('',*,*,#1161,.F.);
#1478=ORIENTED_EDGE('',*,*,#1162,.F.);
#1479=ORIENTED_EDGE('',*,*,#1163,.T.);
#1480=ORIENTED_EDGE('',*,*,#1164,.T.);
#1481=ORIENTED_EDGE('',*,*,#1159,.F.);
#1482=ORIENTED_EDGE('',*,*,#1093,.T.);
#1483=ORIENTED_EDGE('',*,*,#1165,.F.);
#1484=ORIENTED_EDGE('',*,*,#1166,.T.);
#1485=ORIENTED_EDGE('',*,*,#1167,.T.);
#1486=ORIENTED_EDGE('',*,*,#1163,.F.);
#1487=ORIENTED_EDGE('',*,*,#1168,.F.);
#1488=ORIENTED_EDGE('',*,*,#1161,.T.);
#1489=ORIENTED_EDGE('',*,*,#1169,.T.);
#1490=ORIENTED_EDGE('',*,*,#1166,.F.);
#1491=ORIENTED_EDGE('',*,*,#1095,.T.);
#1492=ORIENTED_EDGE('',*,*,#1169,.F.);
#1493=ORIENTED_EDGE('',*,*,#1160,.F.);
#1494=ORIENTED_EDGE('',*,*,#1164,.F.);
#1495=ORIENTED_EDGE('',*,*,#1167,.F.);
#1496=ORIENTED_EDGE('',*,*,#1170,.F.);
#1497=ORIENTED_EDGE('',*,*,#1171,.T.);
#1498=ORIENTED_EDGE('',*,*,#1172,.T.);
#1499=ORIENTED_EDGE('',*,*,#1173,.F.);
#1500=ORIENTED_EDGE('',*,*,#1174,.F.);
#1501=ORIENTED_EDGE('',*,*,#1175,.T.);
#1502=ORIENTED_EDGE('',*,*,#1176,.T.);
#1503=ORIENTED_EDGE('',*,*,#1171,.F.);
#1504=ORIENTED_EDGE('',*,*,#1092,.T.);
#1505=ORIENTED_EDGE('',*,*,#1177,.F.);
#1506=ORIENTED_EDGE('',*,*,#1178,.T.);
#1507=ORIENTED_EDGE('',*,*,#1179,.T.);
#1508=ORIENTED_EDGE('',*,*,#1175,.F.);
#1509=ORIENTED_EDGE('',*,*,#1180,.F.);
#1510=ORIENTED_EDGE('',*,*,#1181,.T.);
#1511=ORIENTED_EDGE('',*,*,#1182,.T.);
#1512=ORIENTED_EDGE('',*,*,#1178,.F.);
#1513=ORIENTED_EDGE('',*,*,#1090,.T.);
#1514=ORIENTED_EDGE('',*,*,#1183,.F.);
#1515=ORIENTED_EDGE('',*,*,#1173,.T.);
#1516=ORIENTED_EDGE('',*,*,#1184,.T.);
#1517=ORIENTED_EDGE('',*,*,#1181,.F.);
#1518=ORIENTED_EDGE('',*,*,#1184,.F.);
#1519=ORIENTED_EDGE('',*,*,#1172,.F.);
#1520=ORIENTED_EDGE('',*,*,#1176,.F.);
#1521=ORIENTED_EDGE('',*,*,#1179,.F.);
#1522=ORIENTED_EDGE('',*,*,#1182,.F.);
#1523=ORIENTED_EDGE('',*,*,#1086,.T.);
#1524=ORIENTED_EDGE('',*,*,#1185,.T.);
#1525=ORIENTED_EDGE('',*,*,#1186,.F.);
#1526=ORIENTED_EDGE('',*,*,#1187,.F.);
#1527=ORIENTED_EDGE('',*,*,#1188,.F.);
#1528=ORIENTED_EDGE('',*,*,#1101,.T.);
#1529=ORIENTED_EDGE('',*,*,#1089,.T.);
#1530=ORIENTED_EDGE('',*,*,#1100,.F.);
#1531=ORIENTED_EDGE('',*,*,#1189,.F.);
#1532=ORIENTED_EDGE('',*,*,#1185,.F.);
#1533=ORIENTED_EDGE('',*,*,#1187,.T.);
#1534=ORIENTED_EDGE('',*,*,#1190,.T.);
#1535=ORIENTED_EDGE('',*,*,#1191,.T.);
#1536=ORIENTED_EDGE('',*,*,#1192,.T.);
#1537=ORIENTED_EDGE('',*,*,#1157,.F.);
#1538=ORIENTED_EDGE('',*,*,#1193,.T.);
#1539=ORIENTED_EDGE('',*,*,#1194,.T.);
#1540=ORIENTED_EDGE('',*,*,#1195,.F.);
#1541=ORIENTED_EDGE('',*,*,#1196,.T.);
#1542=ORIENTED_EDGE('',*,*,#1144,.T.);
#1543=ORIENTED_EDGE('',*,*,#1197,.T.);
#1544=ORIENTED_EDGE('',*,*,#1190,.F.);
#1545=ORIENTED_EDGE('',*,*,#1186,.T.);
#1546=ORIENTED_EDGE('',*,*,#1189,.T.);
#1547=ORIENTED_EDGE('',*,*,#1099,.T.);
#1548=ORIENTED_EDGE('',*,*,#1152,.F.);
#1549=ORIENTED_EDGE('',*,*,#1082,.T.);
#1550=ORIENTED_EDGE('',*,*,#1198,.T.);
#1551=ORIENTED_EDGE('',*,*,#1199,.F.);
#1552=ORIENTED_EDGE('',*,*,#1200,.F.);
#1553=ORIENTED_EDGE('',*,*,#1201,.F.);
#1554=ORIENTED_EDGE('',*,*,#1108,.T.);
#1555=ORIENTED_EDGE('',*,*,#1085,.T.);
#1556=ORIENTED_EDGE('',*,*,#1107,.F.);
#1557=ORIENTED_EDGE('',*,*,#1202,.F.);
#1558=ORIENTED_EDGE('',*,*,#1198,.F.);
#1559=ORIENTED_EDGE('',*,*,#1078,.T.);
#1560=ORIENTED_EDGE('',*,*,#1203,.T.);
#1561=ORIENTED_EDGE('',*,*,#1204,.F.);
#1562=ORIENTED_EDGE('',*,*,#1205,.F.);
#1563=ORIENTED_EDGE('',*,*,#1206,.F.);
#1564=ORIENTED_EDGE('',*,*,#1115,.T.);
#1565=ORIENTED_EDGE('',*,*,#1081,.T.);
#1566=ORIENTED_EDGE('',*,*,#1114,.F.);
#1567=ORIENTED_EDGE('',*,*,#1207,.F.);
#1568=ORIENTED_EDGE('',*,*,#1203,.F.);
#1569=ORIENTED_EDGE('',*,*,#1074,.T.);
#1570=ORIENTED_EDGE('',*,*,#1208,.T.);
#1571=ORIENTED_EDGE('',*,*,#1209,.F.);
#1572=ORIENTED_EDGE('',*,*,#1210,.F.);
#1573=ORIENTED_EDGE('',*,*,#1211,.F.);
#1574=ORIENTED_EDGE('',*,*,#1122,.T.);
#1575=ORIENTED_EDGE('',*,*,#1077,.T.);
#1576=ORIENTED_EDGE('',*,*,#1121,.F.);
#1577=ORIENTED_EDGE('',*,*,#1212,.F.);
#1578=ORIENTED_EDGE('',*,*,#1208,.F.);
#1579=ORIENTED_EDGE('',*,*,#1070,.T.);
#1580=ORIENTED_EDGE('',*,*,#1213,.T.);
#1581=ORIENTED_EDGE('',*,*,#1214,.F.);
#1582=ORIENTED_EDGE('',*,*,#1215,.F.);
#1583=ORIENTED_EDGE('',*,*,#1216,.F.);
#1584=ORIENTED_EDGE('',*,*,#1129,.T.);
#1585=ORIENTED_EDGE('',*,*,#1073,.T.);
#1586=ORIENTED_EDGE('',*,*,#1128,.F.);
#1587=ORIENTED_EDGE('',*,*,#1217,.F.);
#1588=ORIENTED_EDGE('',*,*,#1213,.F.);
#1589=ORIENTED_EDGE('',*,*,#1066,.T.);
#1590=ORIENTED_EDGE('',*,*,#1218,.T.);
#1591=ORIENTED_EDGE('',*,*,#1219,.F.);
#1592=ORIENTED_EDGE('',*,*,#1220,.F.);
#1593=ORIENTED_EDGE('',*,*,#1221,.F.);
#1594=ORIENTED_EDGE('',*,*,#1136,.T.);
#1595=ORIENTED_EDGE('',*,*,#1069,.T.);
#1596=ORIENTED_EDGE('',*,*,#1135,.F.);
#1597=ORIENTED_EDGE('',*,*,#1222,.F.);
#1598=ORIENTED_EDGE('',*,*,#1218,.F.);
#1599=ORIENTED_EDGE('',*,*,#1133,.T.);
#1600=ORIENTED_EDGE('',*,*,#1223,.T.);
#1601=ORIENTED_EDGE('',*,*,#1224,.T.);
#1602=ORIENTED_EDGE('',*,*,#1225,.T.);
#1603=ORIENTED_EDGE('',*,*,#1215,.T.);
#1604=ORIENTED_EDGE('',*,*,#1226,.T.);
#1605=ORIENTED_EDGE('',*,*,#1227,.T.);
#1606=ORIENTED_EDGE('',*,*,#1140,.T.);
#1607=ORIENTED_EDGE('',*,*,#1228,.T.);
#1608=ORIENTED_EDGE('',*,*,#1195,.T.);
#1609=ORIENTED_EDGE('',*,*,#1229,.T.);
#1610=ORIENTED_EDGE('',*,*,#1112,.T.);
#1611=ORIENTED_EDGE('',*,*,#1230,.T.);
#1612=ORIENTED_EDGE('',*,*,#1126,.T.);
#1613=ORIENTED_EDGE('',*,*,#1231,.T.);
#1614=ORIENTED_EDGE('',*,*,#1210,.T.);
#1615=ORIENTED_EDGE('',*,*,#1232,.T.);
#1616=ORIENTED_EDGE('',*,*,#1220,.T.);
#1617=ORIENTED_EDGE('',*,*,#1233,.T.);
#1618=ORIENTED_EDGE('',*,*,#1200,.T.);
#1619=ORIENTED_EDGE('',*,*,#1234,.T.);
#1620=ORIENTED_EDGE('',*,*,#1119,.T.);
#1621=ORIENTED_EDGE('',*,*,#1235,.T.);
#1622=ORIENTED_EDGE('',*,*,#1105,.T.);
#1623=ORIENTED_EDGE('',*,*,#1236,.T.);
#1624=ORIENTED_EDGE('',*,*,#1205,.T.);
#1625=ORIENTED_EDGE('',*,*,#1237,.T.);
#1626=ORIENTED_EDGE('',*,*,#1199,.T.);
#1627=ORIENTED_EDGE('',*,*,#1202,.T.);
#1628=ORIENTED_EDGE('',*,*,#1106,.T.);
#1629=ORIENTED_EDGE('',*,*,#1237,.F.);
#1630=ORIENTED_EDGE('',*,*,#1204,.T.);
#1631=ORIENTED_EDGE('',*,*,#1207,.T.);
#1632=ORIENTED_EDGE('',*,*,#1113,.T.);
#1633=ORIENTED_EDGE('',*,*,#1231,.F.);
#1634=ORIENTED_EDGE('',*,*,#1125,.T.);
#1635=ORIENTED_EDGE('',*,*,#1130,.T.);
#1636=ORIENTED_EDGE('',*,*,#1216,.T.);
#1637=ORIENTED_EDGE('',*,*,#1229,.F.);
#1638=ORIENTED_EDGE('',*,*,#1194,.F.);
#1639=ORIENTED_EDGE('',*,*,#1238,.T.);
#1640=ORIENTED_EDGE('',*,*,#1239,.T.);
#1641=ORIENTED_EDGE('',*,*,#1223,.F.);
#1642=ORIENTED_EDGE('',*,*,#1132,.T.);
#1643=ORIENTED_EDGE('',*,*,#1137,.T.);
#1644=ORIENTED_EDGE('',*,*,#1221,.T.);
#1645=ORIENTED_EDGE('',*,*,#1232,.F.);
#1646=ORIENTED_EDGE('',*,*,#1209,.T.);
#1647=ORIENTED_EDGE('',*,*,#1212,.T.);
#1648=ORIENTED_EDGE('',*,*,#1120,.T.);
#1649=ORIENTED_EDGE('',*,*,#1234,.F.);
#1650=ORIENTED_EDGE('',*,*,#1062,.T.);
#1651=ORIENTED_EDGE('',*,*,#1240,.T.);
#1652=ORIENTED_EDGE('',*,*,#1241,.F.);
#1653=ORIENTED_EDGE('',*,*,#1191,.F.);
#1654=ORIENTED_EDGE('',*,*,#1197,.F.);
#1655=ORIENTED_EDGE('',*,*,#1143,.T.);
#1656=ORIENTED_EDGE('',*,*,#1065,.T.);
#1657=ORIENTED_EDGE('',*,*,#1142,.F.);
#1658=ORIENTED_EDGE('',*,*,#1242,.F.);
#1659=ORIENTED_EDGE('',*,*,#1240,.F.);
#1660=ORIENTED_EDGE('',*,*,#1196,.F.);
#1661=ORIENTED_EDGE('',*,*,#1228,.F.);
#1662=ORIENTED_EDGE('',*,*,#1139,.T.);
#1663=ORIENTED_EDGE('',*,*,#1145,.T.);
#1664=ORIENTED_EDGE('',*,*,#1147,.F.);
#1665=ORIENTED_EDGE('',*,*,#1153,.F.);
#1666=ORIENTED_EDGE('',*,*,#1097,.T.);
#1667=ORIENTED_EDGE('',*,*,#1102,.T.);
#1668=ORIENTED_EDGE('',*,*,#1188,.T.);
#1669=ORIENTED_EDGE('',*,*,#1192,.F.);
#1670=ORIENTED_EDGE('',*,*,#1241,.T.);
#1671=ORIENTED_EDGE('',*,*,#1242,.T.);
#1672=ORIENTED_EDGE('',*,*,#1141,.T.);
#1673=ORIENTED_EDGE('',*,*,#1227,.F.);
#1674=ORIENTED_EDGE('',*,*,#1243,.F.);
#1675=ORIENTED_EDGE('',*,*,#1244,.T.);
#1676=ORIENTED_EDGE('',*,*,#1245,.F.);
#1677=ORIENTED_EDGE('',*,*,#1246,.T.);
#1678=ORIENTED_EDGE('',*,*,#1247,.T.);
#1679=ORIENTED_EDGE('',*,*,#1248,.F.);
#1680=ORIENTED_EDGE('',*,*,#1249,.F.);
#1681=ORIENTED_EDGE('',*,*,#1250,.T.);
#1682=ORIENTED_EDGE('',*,*,#1251,.T.);
#1683=ORIENTED_EDGE('',*,*,#1246,.F.);
#1684=ORIENTED_EDGE('',*,*,#1061,.T.);
#1685=ORIENTED_EDGE('',*,*,#1252,.F.);
#1686=ORIENTED_EDGE('',*,*,#1253,.T.);
#1687=ORIENTED_EDGE('',*,*,#1254,.T.);
#1688=ORIENTED_EDGE('',*,*,#1250,.F.);
#1689=ORIENTED_EDGE('',*,*,#1255,.F.);
#1690=ORIENTED_EDGE('',*,*,#1248,.T.);
#1691=ORIENTED_EDGE('',*,*,#1256,.T.);
#1692=ORIENTED_EDGE('',*,*,#1253,.F.);
#1693=ORIENTED_EDGE('',*,*,#1059,.T.);
#1694=ORIENTED_EDGE('',*,*,#1256,.F.);
#1695=ORIENTED_EDGE('',*,*,#1247,.F.);
#1696=ORIENTED_EDGE('',*,*,#1251,.F.);
#1697=ORIENTED_EDGE('',*,*,#1254,.F.);
#1698=ORIENTED_EDGE('',*,*,#1257,.F.);
#1699=ORIENTED_EDGE('',*,*,#1258,.T.);
#1700=ORIENTED_EDGE('',*,*,#1259,.T.);
#1701=ORIENTED_EDGE('',*,*,#1260,.F.);
#1702=ORIENTED_EDGE('',*,*,#1058,.T.);
#1703=ORIENTED_EDGE('',*,*,#1261,.F.);
#1704=ORIENTED_EDGE('',*,*,#1262,.T.);
#1705=ORIENTED_EDGE('',*,*,#1263,.T.);
#1706=ORIENTED_EDGE('',*,*,#1258,.F.);
#1707=ORIENTED_EDGE('',*,*,#1264,.F.);
#1708=ORIENTED_EDGE('',*,*,#1265,.T.);
#1709=ORIENTED_EDGE('',*,*,#1266,.T.);
#1710=ORIENTED_EDGE('',*,*,#1262,.F.);
#1711=ORIENTED_EDGE('',*,*,#1056,.T.);
#1712=ORIENTED_EDGE('',*,*,#1267,.F.);
#1713=ORIENTED_EDGE('',*,*,#1260,.T.);
#1714=ORIENTED_EDGE('',*,*,#1268,.T.);
#1715=ORIENTED_EDGE('',*,*,#1265,.F.);
#1716=ORIENTED_EDGE('',*,*,#1268,.F.);
#1717=ORIENTED_EDGE('',*,*,#1259,.F.);
#1718=ORIENTED_EDGE('',*,*,#1263,.F.);
#1719=ORIENTED_EDGE('',*,*,#1266,.F.);
#1720=ORIENTED_EDGE('',*,*,#1269,.F.);
#1721=ORIENTED_EDGE('',*,*,#1270,.T.);
#1722=ORIENTED_EDGE('',*,*,#1271,.T.);
#1723=ORIENTED_EDGE('',*,*,#1272,.F.);
#1724=ORIENTED_EDGE('',*,*,#1273,.F.);
#1725=ORIENTED_EDGE('',*,*,#1274,.T.);
#1726=ORIENTED_EDGE('',*,*,#1275,.T.);
#1727=ORIENTED_EDGE('',*,*,#1270,.F.);
#1728=ORIENTED_EDGE('',*,*,#1055,.T.);
#1729=ORIENTED_EDGE('',*,*,#1276,.F.);
#1730=ORIENTED_EDGE('',*,*,#1277,.T.);
#1731=ORIENTED_EDGE('',*,*,#1278,.T.);
#1732=ORIENTED_EDGE('',*,*,#1274,.F.);
#1733=ORIENTED_EDGE('',*,*,#1279,.F.);
#1734=ORIENTED_EDGE('',*,*,#1272,.T.);
#1735=ORIENTED_EDGE('',*,*,#1280,.T.);
#1736=ORIENTED_EDGE('',*,*,#1277,.F.);
#1737=ORIENTED_EDGE('',*,*,#1053,.T.);
#1738=ORIENTED_EDGE('',*,*,#1280,.F.);
#1739=ORIENTED_EDGE('',*,*,#1271,.F.);
#1740=ORIENTED_EDGE('',*,*,#1275,.F.);
#1741=ORIENTED_EDGE('',*,*,#1278,.F.);
#1742=ORIENTED_EDGE('',*,*,#1281,.F.);
#1743=ORIENTED_EDGE('',*,*,#1282,.T.);
#1744=ORIENTED_EDGE('',*,*,#1283,.T.);
#1745=ORIENTED_EDGE('',*,*,#1284,.F.);
#1746=ORIENTED_EDGE('',*,*,#1285,.F.);
#1747=ORIENTED_EDGE('',*,*,#1286,.T.);
#1748=ORIENTED_EDGE('',*,*,#1287,.T.);
#1749=ORIENTED_EDGE('',*,*,#1282,.F.);
#1750=ORIENTED_EDGE('',*,*,#1050,.T.);
#1751=ORIENTED_EDGE('',*,*,#1288,.F.);
#1752=ORIENTED_EDGE('',*,*,#1289,.T.);
#1753=ORIENTED_EDGE('',*,*,#1290,.T.);
#1754=ORIENTED_EDGE('',*,*,#1286,.F.);
#1755=ORIENTED_EDGE('',*,*,#1291,.F.);
#1756=ORIENTED_EDGE('',*,*,#1284,.T.);
#1757=ORIENTED_EDGE('',*,*,#1292,.T.);
#1758=ORIENTED_EDGE('',*,*,#1289,.F.);
#1759=ORIENTED_EDGE('',*,*,#1052,.T.);
#1760=ORIENTED_EDGE('',*,*,#1292,.F.);
#1761=ORIENTED_EDGE('',*,*,#1283,.F.);
#1762=ORIENTED_EDGE('',*,*,#1287,.F.);
#1763=ORIENTED_EDGE('',*,*,#1290,.F.);
#1764=ORIENTED_EDGE('',*,*,#1293,.F.);
#1765=ORIENTED_EDGE('',*,*,#1294,.T.);
#1766=ORIENTED_EDGE('',*,*,#1295,.T.);
#1767=ORIENTED_EDGE('',*,*,#1296,.F.);
#1768=ORIENTED_EDGE('',*,*,#1297,.F.);
#1769=ORIENTED_EDGE('',*,*,#1298,.T.);
#1770=ORIENTED_EDGE('',*,*,#1299,.T.);
#1771=ORIENTED_EDGE('',*,*,#1294,.F.);
#1772=ORIENTED_EDGE('',*,*,#1049,.T.);
#1773=ORIENTED_EDGE('',*,*,#1300,.F.);
#1774=ORIENTED_EDGE('',*,*,#1301,.T.);
#1775=ORIENTED_EDGE('',*,*,#1302,.T.);
#1776=ORIENTED_EDGE('',*,*,#1298,.F.);
#1777=ORIENTED_EDGE('',*,*,#1303,.F.);
#1778=ORIENTED_EDGE('',*,*,#1296,.T.);
#1779=ORIENTED_EDGE('',*,*,#1304,.T.);
#1780=ORIENTED_EDGE('',*,*,#1301,.F.);
#1781=ORIENTED_EDGE('',*,*,#1047,.T.);
#1782=ORIENTED_EDGE('',*,*,#1304,.F.);
#1783=ORIENTED_EDGE('',*,*,#1295,.F.);
#1784=ORIENTED_EDGE('',*,*,#1299,.F.);
#1785=ORIENTED_EDGE('',*,*,#1302,.F.);
#1786=ORIENTED_EDGE('',*,*,#1305,.F.);
#1787=ORIENTED_EDGE('',*,*,#1306,.T.);
#1788=ORIENTED_EDGE('',*,*,#1307,.T.);
#1789=ORIENTED_EDGE('',*,*,#1308,.F.);
#1790=ORIENTED_EDGE('',*,*,#1044,.T.);
#1791=ORIENTED_EDGE('',*,*,#1309,.F.);
#1792=ORIENTED_EDGE('',*,*,#1310,.T.);
#1793=ORIENTED_EDGE('',*,*,#1311,.T.);
#1794=ORIENTED_EDGE('',*,*,#1306,.F.);
#1795=ORIENTED_EDGE('',*,*,#1312,.F.);
#1796=ORIENTED_EDGE('',*,*,#1313,.T.);
#1797=ORIENTED_EDGE('',*,*,#1314,.T.);
#1798=ORIENTED_EDGE('',*,*,#1310,.F.);
#1799=ORIENTED_EDGE('',*,*,#1046,.T.);
#1800=ORIENTED_EDGE('',*,*,#1315,.F.);
#1801=ORIENTED_EDGE('',*,*,#1308,.T.);
#1802=ORIENTED_EDGE('',*,*,#1316,.T.);
#1803=ORIENTED_EDGE('',*,*,#1313,.F.);
#1804=ORIENTED_EDGE('',*,*,#1316,.F.);
#1805=ORIENTED_EDGE('',*,*,#1307,.F.);
#1806=ORIENTED_EDGE('',*,*,#1311,.F.);
#1807=ORIENTED_EDGE('',*,*,#1314,.F.);
#1808=ORIENTED_EDGE('',*,*,#1201,.T.);
#1809=ORIENTED_EDGE('',*,*,#1235,.F.);
#1810=ORIENTED_EDGE('',*,*,#1118,.T.);
#1811=ORIENTED_EDGE('',*,*,#1123,.T.);
#1812=ORIENTED_EDGE('',*,*,#1211,.T.);
#1813=ORIENTED_EDGE('',*,*,#1233,.F.);
#1814=ORIENTED_EDGE('',*,*,#1219,.T.);
#1815=ORIENTED_EDGE('',*,*,#1222,.T.);
#1816=ORIENTED_EDGE('',*,*,#1134,.T.);
#1817=ORIENTED_EDGE('',*,*,#1225,.F.);
#1818=ORIENTED_EDGE('',*,*,#1317,.F.);
#1819=ORIENTED_EDGE('',*,*,#1318,.T.);
#1820=ORIENTED_EDGE('',*,*,#1243,.T.);
#1821=ORIENTED_EDGE('',*,*,#1226,.F.);
#1822=ORIENTED_EDGE('',*,*,#1214,.T.);
#1823=ORIENTED_EDGE('',*,*,#1217,.T.);
#1824=ORIENTED_EDGE('',*,*,#1127,.T.);
#1825=ORIENTED_EDGE('',*,*,#1230,.F.);
#1826=ORIENTED_EDGE('',*,*,#1111,.T.);
#1827=ORIENTED_EDGE('',*,*,#1116,.T.);
#1828=ORIENTED_EDGE('',*,*,#1206,.T.);
#1829=ORIENTED_EDGE('',*,*,#1236,.F.);
#1830=ORIENTED_EDGE('',*,*,#1104,.T.);
#1831=ORIENTED_EDGE('',*,*,#1109,.T.);
#1832=ORIENTED_EDGE('',*,*,#1319,.T.);
#1833=ORIENTED_EDGE('',*,*,#1317,.T.);
#1834=ORIENTED_EDGE('',*,*,#1224,.F.);
#1835=ORIENTED_EDGE('',*,*,#1239,.F.);
#1836=ORIENTED_EDGE('',*,*,#1041,.T.);
#1837=ORIENTED_EDGE('',*,*,#1148,.F.);
#1838=ORIENTED_EDGE('',*,*,#1244,.F.);
#1839=ORIENTED_EDGE('',*,*,#1318,.F.);
#1840=ORIENTED_EDGE('',*,*,#1319,.F.);
#1841=ORIENTED_EDGE('',*,*,#1238,.F.);
#1842=ORIENTED_EDGE('',*,*,#1193,.F.);
#1843=ORIENTED_EDGE('',*,*,#1156,.F.);
#1844=ORIENTED_EDGE('',*,*,#1154,.F.);
#1845=ORIENTED_EDGE('',*,*,#1245,.T.);
#1846=ORIENTED_EDGE('',*,*,#1255,.T.);
#1847=ORIENTED_EDGE('',*,*,#1252,.T.);
#1848=ORIENTED_EDGE('',*,*,#1249,.T.);
#1849=ORIENTED_EDGE('',*,*,#1257,.T.);
#1850=ORIENTED_EDGE('',*,*,#1267,.T.);
#1851=ORIENTED_EDGE('',*,*,#1264,.T.);
#1852=ORIENTED_EDGE('',*,*,#1261,.T.);
#1853=ORIENTED_EDGE('',*,*,#1269,.T.);
#1854=ORIENTED_EDGE('',*,*,#1279,.T.);
#1855=ORIENTED_EDGE('',*,*,#1276,.T.);
#1856=ORIENTED_EDGE('',*,*,#1273,.T.);
#1857=ORIENTED_EDGE('',*,*,#1281,.T.);
#1858=ORIENTED_EDGE('',*,*,#1291,.T.);
#1859=ORIENTED_EDGE('',*,*,#1288,.T.);
#1860=ORIENTED_EDGE('',*,*,#1285,.T.);
#1861=ORIENTED_EDGE('',*,*,#1293,.T.);
#1862=ORIENTED_EDGE('',*,*,#1303,.T.);
#1863=ORIENTED_EDGE('',*,*,#1300,.T.);
#1864=ORIENTED_EDGE('',*,*,#1297,.T.);
#1865=ORIENTED_EDGE('',*,*,#1305,.T.);
#1866=ORIENTED_EDGE('',*,*,#1315,.T.);
#1867=ORIENTED_EDGE('',*,*,#1312,.T.);
#1868=ORIENTED_EDGE('',*,*,#1309,.T.);
#1869=ORIENTED_EDGE('',*,*,#1170,.T.);
#1870=ORIENTED_EDGE('',*,*,#1183,.T.);
#1871=ORIENTED_EDGE('',*,*,#1180,.T.);
#1872=ORIENTED_EDGE('',*,*,#1177,.T.);
#1873=ORIENTED_EDGE('',*,*,#1174,.T.);
#1874=ORIENTED_EDGE('',*,*,#1158,.T.);
#1875=ORIENTED_EDGE('',*,*,#1168,.T.);
#1876=ORIENTED_EDGE('',*,*,#1165,.T.);
#1877=ORIENTED_EDGE('',*,*,#1162,.T.);
#1878=CYLINDRICAL_SURFACE('',#2020,1.);
#1879=CYLINDRICAL_SURFACE('',#2024,2.);
#1880=CYLINDRICAL_SURFACE('',#2027,2.);
#1881=CYLINDRICAL_SURFACE('',#2030,2.);
#1882=CYLINDRICAL_SURFACE('',#2033,2.);
#1883=CYLINDRICAL_SURFACE('',#2036,2.);
#1884=CYLINDRICAL_SURFACE('',#2039,2.);
#1885=CYLINDRICAL_SURFACE('',#2042,2.);
#1886=CYLINDRICAL_SURFACE('',#2045,2.);
#1887=CYLINDRICAL_SURFACE('',#2048,2.);
#1888=CYLINDRICAL_SURFACE('',#2051,2.);
#1889=CYLINDRICAL_SURFACE('',#2054,2.);
#1890=CYLINDRICAL_SURFACE('',#2057,2.);
#1891=CYLINDRICAL_SURFACE('',#2060,2.);
#1892=CYLINDRICAL_SURFACE('',#2063,2.);
#1893=CYLINDRICAL_SURFACE('',#2066,2.);
#1894=CYLINDRICAL_SURFACE('',#2085,4.);
#1895=CYLINDRICAL_SURFACE('',#2093,4.);
#1896=CYLINDRICAL_SURFACE('',#2095,72.1250000000007);
#1897=CYLINDRICAL_SURFACE('',#2099,72.1250000000004);
#1898=CYLINDRICAL_SURFACE('',#2104,72.1250000000004);
#1899=CYLINDRICAL_SURFACE('',#2108,72.1250000000007);
#1900=CYLINDRICAL_SURFACE('',#2120,75.1250000000003);
#1901=CYLINDRICAL_SURFACE('',#2145,75.1250000000001);
#1902=ADVANCED_FACE('',(#121),#1878,.F.);
#1903=ADVANCED_FACE('',(#122),#41,.T.);
#1904=ADVANCED_FACE('',(#123),#1879,.T.);
#1905=ADVANCED_FACE('',(#124),#1880,.T.);
#1906=ADVANCED_FACE('',(#125),#1881,.T.);
#1907=ADVANCED_FACE('',(#126),#1882,.T.);
#1908=ADVANCED_FACE('',(#127),#1883,.T.);
#1909=ADVANCED_FACE('',(#128),#1884,.T.);
#1910=ADVANCED_FACE('',(#129),#1885,.T.);
#1911=ADVANCED_FACE('',(#130),#1886,.T.);
#1912=ADVANCED_FACE('',(#131),#1887,.T.);
#1913=ADVANCED_FACE('',(#132),#1888,.T.);
#1914=ADVANCED_FACE('',(#133),#1889,.T.);
#1915=ADVANCED_FACE('',(#134),#1890,.T.);
#1916=ADVANCED_FACE('',(#135),#1891,.T.);
#1917=ADVANCED_FACE('',(#136),#1892,.T.);
#1918=ADVANCED_FACE('',(#137),#1893,.T.);
#1919=ADVANCED_FACE('',(#138),#42,.F.);
#1920=ADVANCED_FACE('',(#139),#43,.T.);
#1921=ADVANCED_FACE('',(#140),#44,.F.);
#1922=ADVANCED_FACE('',(#141),#45,.F.);
#1923=ADVANCED_FACE('',(#142),#46,.F.);
#1924=ADVANCED_FACE('',(#143),#47,.F.);
#1925=ADVANCED_FACE('',(#144),#48,.F.);
#1926=ADVANCED_FACE('',(#145),#49,.F.);
#1927=ADVANCED_FACE('',(#146),#50,.F.);
#1928=ADVANCED_FACE('',(#147),#51,.F.);
#1929=ADVANCED_FACE('',(#148),#52,.F.);
#1930=ADVANCED_FACE('',(#149),#53,.F.);
#1931=ADVANCED_FACE('',(#150),#54,.F.);
#1932=ADVANCED_FACE('',(#151),#55,.F.);
#1933=ADVANCED_FACE('',(#152),#1894,.T.);
#1934=ADVANCED_FACE('',(#153),#56,.T.);
#1935=ADVANCED_FACE('',(#154),#57,.T.);
#1936=ADVANCED_FACE('',(#155),#1895,.T.);
#1937=ADVANCED_FACE('',(#156),#1896,.F.);
#1938=ADVANCED_FACE('',(#157,#15),#58,.F.);
#1939=ADVANCED_FACE('',(#158),#1897,.F.);
#1940=ADVANCED_FACE('',(#159,#16),#59,.F.);
#1941=ADVANCED_FACE('',(#160),#60,.T.);
#1942=ADVANCED_FACE('',(#161),#1898,.F.);
#1943=ADVANCED_FACE('',(#162,#17),#61,.F.);
#1944=ADVANCED_FACE('',(#163),#1899,.F.);
#1945=ADVANCED_FACE('',(#164,#18),#62,.F.);
#1946=ADVANCED_FACE('',(#165),#63,.F.);
#1947=ADVANCED_FACE('',(#166),#64,.T.);
#1948=ADVANCED_FACE('',(#167),#65,.F.);
#1949=ADVANCED_FACE('',(#168),#66,.T.);
#1950=ADVANCED_FACE('',(#169),#67,.T.);
#1951=ADVANCED_FACE('',(#170),#1900,.T.);
#1952=ADVANCED_FACE('',(#171),#68,.F.);
#1953=ADVANCED_FACE('',(#172),#69,.F.);
#1954=ADVANCED_FACE('',(#173),#70,.F.);
#1955=ADVANCED_FACE('',(#174),#71,.F.);
#1956=ADVANCED_FACE('',(#175),#72,.F.);
#1957=ADVANCED_FACE('',(#176),#73,.F.);
#1958=ADVANCED_FACE('',(#177),#74,.F.);
#1959=ADVANCED_FACE('',(#178),#75,.F.);
#1960=ADVANCED_FACE('',(#179),#76,.F.);
#1961=ADVANCED_FACE('',(#180),#77,.F.);
#1962=ADVANCED_FACE('',(#181),#78,.T.);
#1963=ADVANCED_FACE('',(#182),#79,.T.);
#1964=ADVANCED_FACE('',(#183),#80,.T.);
#1965=ADVANCED_FACE('',(#184),#81,.T.);
#1966=ADVANCED_FACE('',(#185),#82,.T.);
#1967=ADVANCED_FACE('',(#186),#83,.T.);
#1968=ADVANCED_FACE('',(#187),#84,.T.);
#1969=ADVANCED_FACE('',(#188),#85,.F.);
#1970=ADVANCED_FACE('',(#189),#86,.F.);
#1971=ADVANCED_FACE('',(#190),#87,.F.);
#1972=ADVANCED_FACE('',(#191),#1901,.T.);
#1973=ADVANCED_FACE('',(#192),#88,.F.);
#1974=ADVANCED_FACE('',(#193,#19),#89,.F.);
#1975=ADVANCED_FACE('',(#194),#90,.F.);
#1976=ADVANCED_FACE('',(#195,#20),#91,.F.);
#1977=ADVANCED_FACE('',(#196),#92,.F.);
#1978=ADVANCED_FACE('',(#197,#21),#93,.F.);
#1979=ADVANCED_FACE('',(#198),#94,.F.);
#1980=ADVANCED_FACE('',(#199,#22),#95,.F.);
#1981=ADVANCED_FACE('',(#200),#96,.F.);
#1982=ADVANCED_FACE('',(#201),#97,.F.);
#1983=ADVANCED_FACE('',(#202),#98,.F.);
#1984=ADVANCED_FACE('',(#203,#23),#99,.F.);
#1985=ADVANCED_FACE('',(#204),#100,.F.);
#1986=ADVANCED_FACE('',(#205,#24),#101,.F.);
#1987=ADVANCED_FACE('',(#206),#102,.F.);
#1988=ADVANCED_FACE('',(#207),#103,.F.);
#1989=ADVANCED_FACE('',(#208,#25),#104,.F.);
#1990=ADVANCED_FACE('',(#209),#105,.F.);
#1991=ADVANCED_FACE('',(#210,#26),#106,.F.);
#1992=ADVANCED_FACE('',(#211),#107,.F.);
#1993=ADVANCED_FACE('',(#212),#108,.F.);
#1994=ADVANCED_FACE('',(#213,#27),#109,.F.);
#1995=ADVANCED_FACE('',(#214),#110,.F.);
#1996=ADVANCED_FACE('',(#215,#28),#111,.F.);
#1997=ADVANCED_FACE('',(#216),#112,.F.);
#1998=ADVANCED_FACE('',(#217,#29),#113,.F.);
#1999=ADVANCED_FACE('',(#218),#114,.F.);
#2000=ADVANCED_FACE('',(#219,#30),#115,.F.);
#2001=ADVANCED_FACE('',(#220),#116,.F.);
#2002=ADVANCED_FACE('',(#221),#117,.F.);
#2003=ADVANCED_FACE('',(#222),#118,.T.);
#2004=ADVANCED_FACE('',(#223,#31),#119,.T.);
#2005=ADVANCED_FACE('',(#224,#32,#33,#34,#35,#36,#37,#38,#39),#120,.F.);
#2006=CLOSED_SHELL('',(#1902,#1903,#1904,#1905,#1906,#1907,#1908,#1909,
#1910,#1911,#1912,#1913,#1914,#1915,#1916,#1917,#1918,#1919,#1920,#1921,
#1922,#1923,#1924,#1925,#1926,#1927,#1928,#1929,#1930,#1931,#1932,#1933,
#1934,#1935,#1936,#1937,#1938,#1939,#1940,#1941,#1942,#1943,#1944,#1945,
#1946,#1947,#1948,#1949,#1950,#1951,#1952,#1953,#1954,#1955,#1956,#1957,
#1958,#1959,#1960,#1961,#1962,#1963,#1964,#1965,#1966,#1967,#1968,#1969,
#1970,#1971,#1972,#1973,#1974,#1975,#1976,#1977,#1978,#1979,#1980,#1981,
#1982,#1983,#1984,#1985,#1986,#1987,#1988,#1989,#1990,#1991,#1992,#1993,
#1994,#1995,#1996,#1997,#1998,#1999,#2000,#2001,#2002,#2003,#2004,#2005));
#2007=DERIVED_UNIT_ELEMENT(#2009,1.);
#2008=DERIVED_UNIT_ELEMENT(#3300,-3.);
#2009=(
MASS_UNIT()
NAMED_UNIT(*)
SI_UNIT(.KILO.,.GRAM.)
);
#2010=DERIVED_UNIT((#2007,#2008));
#2011=MEASURE_REPRESENTATION_ITEM('density measure',
POSITIVE_RATIO_MEASURE(7850.),#2010);
#2012=PROPERTY_DEFINITION_REPRESENTATION(#2017,#2014);
#2013=PROPERTY_DEFINITION_REPRESENTATION(#2018,#2015);
#2014=REPRESENTATION('material name',(#2016),#3297);
#2015=REPRESENTATION('density',(#2011),#3297);
#2016=DESCRIPTIVE_REPRESENTATION_ITEM('Steel','Steel');
#2017=PROPERTY_DEFINITION('material property','material name',#3307);
#2018=PROPERTY_DEFINITION('material property','density of part',#3307);
#2019=AXIS2_PLACEMENT_3D('',#2725,#2180,#2181);
#2020=AXIS2_PLACEMENT_3D('',#2726,#2182,#2183);
#2021=AXIS2_PLACEMENT_3D('',#2728,#2184,#2185);
#2022=AXIS2_PLACEMENT_3D('',#2731,#2187,#2188);
#2023=AXIS2_PLACEMENT_3D('',#2732,#2189,#2190);
#2024=AXIS2_PLACEMENT_3D('',#2733,#2191,#2192);
#2025=AXIS2_PLACEMENT_3D('',#2735,#2193,#2194);
#2026=AXIS2_PLACEMENT_3D('',#2738,#2196,#2197);
#2027=AXIS2_PLACEMENT_3D('',#2739,#2198,#2199);
#2028=AXIS2_PLACEMENT_3D('',#2741,#2200,#2201);
#2029=AXIS2_PLACEMENT_3D('',#2744,#2203,#2204);
#2030=AXIS2_PLACEMENT_3D('',#2745,#2205,#2206);
#2031=AXIS2_PLACEMENT_3D('',#2747,#2207,#2208);
#2032=AXIS2_PLACEMENT_3D('',#2750,#2210,#2211);
#2033=AXIS2_PLACEMENT_3D('',#2751,#2212,#2213);
#2034=AXIS2_PLACEMENT_3D('',#2753,#2214,#2215);
#2035=AXIS2_PLACEMENT_3D('',#2756,#2217,#2218);
#2036=AXIS2_PLACEMENT_3D('',#2757,#2219,#2220);
#2037=AXIS2_PLACEMENT_3D('',#2759,#2221,#2222);
#2038=AXIS2_PLACEMENT_3D('',#2762,#2224,#2225);
#2039=AXIS2_PLACEMENT_3D('',#2763,#2226,#2227);
#2040=AXIS2_PLACEMENT_3D('',#2765,#2228,#2229);
#2041=AXIS2_PLACEMENT_3D('',#2768,#2231,#2232);
#2042=AXIS2_PLACEMENT_3D('',#2769,#2233,#2234);
#2043=AXIS2_PLACEMENT_3D('',#2772,#2235,#2236);
#2044=AXIS2_PLACEMENT_3D('',#2776,#2238,#2239);
#2045=AXIS2_PLACEMENT_3D('',#2778,#2241,#2242);
#2046=AXIS2_PLACEMENT_3D('',#2781,#2243,#2244);
#2047=AXIS2_PLACEMENT_3D('',#2785,#2246,#2247);
#2048=AXIS2_PLACEMENT_3D('',#2787,#2249,#2250);
#2049=AXIS2_PLACEMENT_3D('',#2790,#2251,#2252);
#2050=AXIS2_PLACEMENT_3D('',#2794,#2254,#2255);
#2051=AXIS2_PLACEMENT_3D('',#2796,#2257,#2258);
#2052=AXIS2_PLACEMENT_3D('',#2799,#2259,#2260);
#2053=AXIS2_PLACEMENT_3D('',#2803,#2262,#2263);
#2054=AXIS2_PLACEMENT_3D('',#2805,#2265,#2266);
#2055=AXIS2_PLACEMENT_3D('',#2808,#2267,#2268);
#2056=AXIS2_PLACEMENT_3D('',#2812,#2270,#2271);
#2057=AXIS2_PLACEMENT_3D('',#2814,#2273,#2274);
#2058=AXIS2_PLACEMENT_3D('',#2817,#2275,#2276);
#2059=AXIS2_PLACEMENT_3D('',#2821,#2278,#2279);
#2060=AXIS2_PLACEMENT_3D('',#2823,#2281,#2282);
#2061=AXIS2_PLACEMENT_3D('',#2826,#2283,#2284);
#2062=AXIS2_PLACEMENT_3D('',#2830,#2286,#2287);
#2063=AXIS2_PLACEMENT_3D('',#2832,#2289,#2290);
#2064=AXIS2_PLACEMENT_3D('',#2834,#2291,#2292);
#2065=AXIS2_PLACEMENT_3D('',#2837,#2294,#2295);
#2066=AXIS2_PLACEMENT_3D('',#2838,#2296,#2297);
#2067=AXIS2_PLACEMENT_3D('',#2840,#2298,#2299);
#2068=AXIS2_PLACEMENT_3D('',#2843,#2301,#2302);
#2069=AXIS2_PLACEMENT_3D('',#2844,#2303,#2304);
#2070=AXIS2_PLACEMENT_3D('',#2854,#2310,#2311);
#2071=AXIS2_PLACEMENT_3D('',#2857,#2313,#2314);
#2072=AXIS2_PLACEMENT_3D('',#2858,#2315,#2316);
#2073=AXIS2_PLACEMENT_3D('',#2868,#2322,#2323);
#2074=AXIS2_PLACEMENT_3D('',#2872,#2326,#2327);
#2075=AXIS2_PLACEMENT_3D('',#2882,#2333,#2334);
#2076=AXIS2_PLACEMENT_3D('',#2886,#2337,#2338);
#2077=AXIS2_PLACEMENT_3D('',#2896,#2344,#2345);
#2078=AXIS2_PLACEMENT_3D('',#2900,#2348,#2349);
#2079=AXIS2_PLACEMENT_3D('',#2910,#2355,#2356);
#2080=AXIS2_PLACEMENT_3D('',#2914,#2359,#2360);
#2081=AXIS2_PLACEMENT_3D('',#2924,#2366,#2367);
#2082=AXIS2_PLACEMENT_3D('',#2928,#2370,#2371);
#2083=AXIS2_PLACEMENT_3D('',#2938,#2377,#2378);
#2084=AXIS2_PLACEMENT_3D('',#2942,#2380,#2381);
#2085=AXIS2_PLACEMENT_3D('',#2944,#2383,#2384);
#2086=AXIS2_PLACEMENT_3D('',#2947,#2385,#2386);
#2087=AXIS2_PLACEMENT_3D('',#2951,#2388,#2389);
#2088=AXIS2_PLACEMENT_3D('',#2953,#2391,#2392);
#2089=AXIS2_PLACEMENT_3D('',#2957,#2394,#2395);
#2090=AXIS2_PLACEMENT_3D('',#2958,#2396,#2397);
#2091=AXIS2_PLACEMENT_3D('',#2959,#2398,#2399);
#2092=AXIS2_PLACEMENT_3D('',#2960,#2400,#2401);
#2093=AXIS2_PLACEMENT_3D('',#2964,#2404,#2405);
#2094=AXIS2_PLACEMENT_3D('',#2966,#2406,#2407);
#2095=AXIS2_PLACEMENT_3D('',#2968,#2409,#2410);
#2096=AXIS2_PLACEMENT_3D('',#2971,#2411,#2412);
#2097=AXIS2_PLACEMENT_3D('',#2975,#2414,#2415);
#2098=AXIS2_PLACEMENT_3D('',#2977,#2417,#2418);
#2099=AXIS2_PLACEMENT_3D('',#2983,#2422,#2423);
#2100=AXIS2_PLACEMENT_3D('',#2985,#2424,#2425);
#2101=AXIS2_PLACEMENT_3D('',#2988,#2427,#2428);
#2102=AXIS2_PLACEMENT_3D('',#2989,#2429,#2430);
#2103=AXIS2_PLACEMENT_3D('',#2992,#2433,#2434);
#2104=AXIS2_PLACEMENT_3D('',#2993,#2435,#2436);
#2105=AXIS2_PLACEMENT_3D('',#2996,#2437,#2438);
#2106=AXIS2_PLACEMENT_3D('',#3000,#2440,#2441);
#2107=AXIS2_PLACEMENT_3D('',#3002,#2443,#2444);
#2108=AXIS2_PLACEMENT_3D('',#3008,#2448,#2449);
#2109=AXIS2_PLACEMENT_3D('',#3010,#2450,#2451);
#2110=AXIS2_PLACEMENT_3D('',#3013,#2453,#2454);
#2111=AXIS2_PLACEMENT_3D('',#3014,#2455,#2456);
#2112=AXIS2_PLACEMENT_3D('',#3020,#2460,#2461);
#2113=AXIS2_PLACEMENT_3D('',#3023,#2464,#2465);
#2114=AXIS2_PLACEMENT_3D('',#3024,#2466,#2467);
#2115=AXIS2_PLACEMENT_3D('',#3032,#2472,#2473);
#2116=AXIS2_PLACEMENT_3D('',#3033,#2474,#2475);
#2117=AXIS2_PLACEMENT_3D('',#3034,#2476,#2477);
#2118=AXIS2_PLACEMENT_3D('',#3036,#2478,#2479);
#2119=AXIS2_PLACEMENT_3D('',#3039,#2481,#2482);
#2120=AXIS2_PLACEMENT_3D('',#3040,#2483,#2484);
#2121=AXIS2_PLACEMENT_3D('',#3042,#2485,#2486);
#2122=AXIS2_PLACEMENT_3D('',#3046,#2488,#2489);
#2123=AXIS2_PLACEMENT_3D('',#3049,#2492,#2493);
#2124=AXIS2_PLACEMENT_3D('',#3057,#2498,#2499);
#2125=AXIS2_PLACEMENT_3D('',#3059,#2501,#2502);
#2126=AXIS2_PLACEMENT_3D('',#3067,#2507,#2508);
#2127=AXIS2_PLACEMENT_3D('',#3069,#2510,#2511);
#2128=AXIS2_PLACEMENT_3D('',#3077,#2516,#2517);
#2129=AXIS2_PLACEMENT_3D('',#3079,#2519,#2520);
#2130=AXIS2_PLACEMENT_3D('',#3087,#2525,#2526);
#2131=AXIS2_PLACEMENT_3D('',#3089,#2528,#2529);
#2132=AXIS2_PLACEMENT_3D('',#3097,#2534,#2535);
#2133=AXIS2_PLACEMENT_3D('',#3099,#2537,#2538);
#2134=AXIS2_PLACEMENT_3D('',#3105,#2542,#2543);
#2135=AXIS2_PLACEMENT_3D('',#3108,#2545,#2546);
#2136=AXIS2_PLACEMENT_3D('',#3111,#2549,#2550);
#2137=AXIS2_PLACEMENT_3D('',#3114,#2553,#2554);
#2138=AXIS2_PLACEMENT_3D('',#3117,#2557,#2558);
#2139=AXIS2_PLACEMENT_3D('',#3120,#2561,#2562);
#2140=AXIS2_PLACEMENT_3D('',#3123,#2565,#2566);
#2141=AXIS2_PLACEMENT_3D('',#3127,#2569,#2570);
#2142=AXIS2_PLACEMENT_3D('',#3131,#2573,#2574);
#2143=AXIS2_PLACEMENT_3D('',#3132,#2575,#2576);
#2144=AXIS2_PLACEMENT_3D('',#3133,#2577,#2578);
#2145=AXIS2_PLACEMENT_3D('',#3134,#2579,#2580);
#2146=AXIS2_PLACEMENT_3D('',#3137,#2582,#2583);
#2147=AXIS2_PLACEMENT_3D('',#3138,#2584,#2585);
#2148=AXIS2_PLACEMENT_3D('',#3147,#2590,#2591);
#2149=AXIS2_PLACEMENT_3D('',#3153,#2595,#2596);
#2150=AXIS2_PLACEMENT_3D('',#3159,#2600,#2601);
#2151=AXIS2_PLACEMENT_3D('',#3162,#2604,#2605);
#2152=AXIS2_PLACEMENT_3D('',#3163,#2606,#2607);
#2153=AXIS2_PLACEMENT_3D('',#3172,#2612,#2613);
#2154=AXIS2_PLACEMENT_3D('',#3178,#2617,#2618);
#2155=AXIS2_PLACEMENT_3D('',#3184,#2622,#2623);
#2156=AXIS2_PLACEMENT_3D('',#3187,#2626,#2627);
#2157=AXIS2_PLACEMENT_3D('',#3188,#2628,#2629);
#2158=AXIS2_PLACEMENT_3D('',#3197,#2634,#2635);
#2159=AXIS2_PLACEMENT_3D('',#3203,#2639,#2640);
#2160=AXIS2_PLACEMENT_3D('',#3209,#2644,#2645);
#2161=AXIS2_PLACEMENT_3D('',#3212,#2648,#2649);
#2162=AXIS2_PLACEMENT_3D('',#3213,#2650,#2651);
#2163=AXIS2_PLACEMENT_3D('',#3222,#2656,#2657);
#2164=AXIS2_PLACEMENT_3D('',#3228,#2661,#2662);
#2165=AXIS2_PLACEMENT_3D('',#3234,#2666,#2667);
#2166=AXIS2_PLACEMENT_3D('',#3237,#2670,#2671);
#2167=AXIS2_PLACEMENT_3D('',#3238,#2672,#2673);
#2168=AXIS2_PLACEMENT_3D('',#3247,#2678,#2679);
#2169=AXIS2_PLACEMENT_3D('',#3253,#2683,#2684);
#2170=AXIS2_PLACEMENT_3D('',#3259,#2688,#2689);
#2171=AXIS2_PLACEMENT_3D('',#3262,#2692,#2693);
#2172=AXIS2_PLACEMENT_3D('',#3263,#2694,#2695);
#2173=AXIS2_PLACEMENT_3D('',#3272,#2700,#2701);
#2174=AXIS2_PLACEMENT_3D('',#3278,#2705,#2706);
#2175=AXIS2_PLACEMENT_3D('',#3284,#2710,#2711);
#2176=AXIS2_PLACEMENT_3D('',#3287,#2714,#2715);
#2177=AXIS2_PLACEMENT_3D('',#3288,#2716,#2717);
#2178=AXIS2_PLACEMENT_3D('',#3292,#2720,#2721);
#2179=AXIS2_PLACEMENT_3D('',#3294,#2723,#2724);
#2180=DIRECTION('axis',(0.,0.,1.));
#2181=DIRECTION('refdir',(1.,0.,0.));
#2182=DIRECTION('center_axis',(1.,0.,0.));
#2183=DIRECTION('ref_axis',(0.,-1.,0.));
#2184=DIRECTION('center_axis',(1.,0.,0.));
#2185=DIRECTION('ref_axis',(0.,-1.,0.));
#2186=DIRECTION('',(1.,0.,0.));
#2187=DIRECTION('center_axis',(1.,0.,0.));
#2188=DIRECTION('ref_axis',(0.,-1.,0.));
#2189=DIRECTION('center_axis',(-1.,0.,0.));
#2190=DIRECTION('ref_axis',(0.,-1.,0.));
#2191=DIRECTION('center_axis',(1.,0.,0.));
#2192=DIRECTION('ref_axis',(0.,-1.,0.));
#2193=DIRECTION('center_axis',(1.,0.,0.));
#2194=DIRECTION('ref_axis',(0.,-1.,0.));
#2195=DIRECTION('',(-1.,0.,0.));
#2196=DIRECTION('center_axis',(-1.,0.,0.));
#2197=DIRECTION('ref_axis',(0.,-1.,0.));
#2198=DIRECTION('center_axis',(1.,0.,0.));
#2199=DIRECTION('ref_axis',(0.,-1.,0.));
#2200=DIRECTION('center_axis',(1.,0.,0.));
#2201=DIRECTION('ref_axis',(0.,-1.,0.));
#2202=DIRECTION('',(-1.,0.,0.));
#2203=DIRECTION('center_axis',(-1.,0.,0.));
#2204=DIRECTION('ref_axis',(0.,-1.,0.));
#2205=DIRECTION('center_axis',(1.,0.,0.));
#2206=DIRECTION('ref_axis',(0.,-1.,0.));
#2207=DIRECTION('center_axis',(1.,0.,0.));
#2208=DIRECTION('ref_axis',(0.,-1.,0.));
#2209=DIRECTION('',(-1.,0.,0.));
#2210=DIRECTION('center_axis',(-1.,0.,0.));
#2211=DIRECTION('ref_axis',(0.,-1.,0.));
#2212=DIRECTION('center_axis',(1.,0.,0.));
#2213=DIRECTION('ref_axis',(0.,-1.,0.));
#2214=DIRECTION('center_axis',(1.,0.,0.));
#2215=DIRECTION('ref_axis',(0.,-1.,0.));
#2216=DIRECTION('',(-1.,0.,0.));
#2217=DIRECTION('center_axis',(-1.,0.,0.));
#2218=DIRECTION('ref_axis',(0.,-1.,0.));
#2219=DIRECTION('center_axis',(1.,0.,0.));
#2220=DIRECTION('ref_axis',(0.,-1.,0.));
#2221=DIRECTION('center_axis',(1.,0.,0.));
#2222=DIRECTION('ref_axis',(0.,-1.,0.));
#2223=DIRECTION('',(-1.,0.,0.));
#2224=DIRECTION('center_axis',(-1.,0.,0.));
#2225=DIRECTION('ref_axis',(0.,-1.,0.));
#2226=DIRECTION('center_axis',(1.,0.,0.));
#2227=DIRECTION('ref_axis',(0.,-1.,0.));
#2228=DIRECTION('center_axis',(1.,0.,0.));
#2229=DIRECTION('ref_axis',(0.,-1.,0.));
#2230=DIRECTION('',(-1.,0.,0.));
#2231=DIRECTION('center_axis',(-1.,0.,0.));
#2232=DIRECTION('ref_axis',(0.,-1.,0.));
#2233=DIRECTION('center_axis',(1.,0.,0.));
#2234=DIRECTION('ref_axis',(0.,1.,-1.22464679914735E-16));
#2235=DIRECTION('center_axis',(1.,0.,0.));
#2236=DIRECTION('ref_axis',(0.,-1.,0.));
#2237=DIRECTION('',(1.,0.,0.));
#2238=DIRECTION('center_axis',(-0.999994743173196,0.,-0.00324247220103407));
#2239=DIRECTION('ref_axis',(0.00324247220103407,0.,-0.999994743173195));
#2240=DIRECTION('',(-1.,0.,0.));
#2241=DIRECTION('center_axis',(1.,0.,0.));
#2242=DIRECTION('ref_axis',(0.,1.,-1.22464679914735E-16));
#2243=DIRECTION('center_axis',(1.,0.,0.));
#2244=DIRECTION('ref_axis',(0.,-1.,0.));
#2245=DIRECTION('',(1.,0.,0.));
#2246=DIRECTION('center_axis',(-1.,0.,0.));
#2247=DIRECTION('ref_axis',(0.,-1.,0.));
#2248=DIRECTION('',(-1.,0.,0.));
#2249=DIRECTION('center_axis',(1.,0.,0.));
#2250=DIRECTION('ref_axis',(0.,1.,-1.22464679914735E-16));
#2251=DIRECTION('center_axis',(1.,0.,0.));
#2252=DIRECTION('ref_axis',(0.,-1.,0.));
#2253=DIRECTION('',(1.,0.,0.));
#2254=DIRECTION('center_axis',(-1.,0.,8.88178419700125E-17));
#2255=DIRECTION('ref_axis',(0.,-1.,0.));
#2256=DIRECTION('',(-1.,0.,0.));
#2257=DIRECTION('center_axis',(1.,0.,0.));
#2258=DIRECTION('ref_axis',(0.,1.,-1.22464679914735E-16));
#2259=DIRECTION('center_axis',(-1.,0.,0.));
#2260=DIRECTION('ref_axis',(0.,-1.,0.));
#2261=DIRECTION('',(-1.,0.,0.));
#2262=DIRECTION('center_axis',(1.,0.,-1.77635683940025E-16));
#2263=DIRECTION('ref_axis',(0.,-1.,0.));
#2264=DIRECTION('',(1.,0.,0.));
#2265=DIRECTION('center_axis',(1.,0.,0.));
#2266=DIRECTION('ref_axis',(0.,1.,-1.22464679914735E-16));
#2267=DIRECTION('center_axis',(-1.,0.,0.));
#2268=DIRECTION('ref_axis',(0.,-1.,0.));
#2269=DIRECTION('',(-1.,0.,0.));
#2270=DIRECTION('center_axis',(1.,0.,-1.11022302462516E-16));
#2271=DIRECTION('ref_axis',(0.,-1.,0.));
#2272=DIRECTION('',(1.,0.,0.));
#2273=DIRECTION('center_axis',(1.,0.,0.));
#2274=DIRECTION('ref_axis',(0.,1.,-1.22464679914735E-16));
#2275=DIRECTION('center_axis',(-1.,0.,8.88178419700125E-17));
#2276=DIRECTION('ref_axis',(0.,-1.,0.));
#2277=DIRECTION('',(-1.,0.,0.));
#2278=DIRECTION('center_axis',(1.,0.,0.));
#2279=DIRECTION('ref_axis',(0.,-1.,0.));
#2280=DIRECTION('',(1.,0.,0.));
#2281=DIRECTION('center_axis',(1.,0.,0.));
#2282=DIRECTION('ref_axis',(0.,1.,-1.22464679914735E-16));
#2283=DIRECTION('center_axis',(-1.,0.,0.));
#2284=DIRECTION('ref_axis',(0.,-1.,0.));
#2285=DIRECTION('',(-1.,0.,0.));
#2286=DIRECTION('center_axis',(1.,0.,0.));
#2287=DIRECTION('ref_axis',(0.,-1.,0.));
#2288=DIRECTION('',(1.,0.,0.));
#2289=DIRECTION('center_axis',(1.,0.,0.));
#2290=DIRECTION('ref_axis',(0.,-1.,0.));
#2291=DIRECTION('center_axis',(1.,0.,0.));
#2292=DIRECTION('ref_axis',(0.,-1.,0.));
#2293=DIRECTION('',(-1.,0.,0.));
#2294=DIRECTION('center_axis',(-1.,0.,2.87239666584939E-15));
#2295=DIRECTION('ref_axis',(0.,-1.,0.));
#2296=DIRECTION('center_axis',(1.,0.,0.));
#2297=DIRECTION('ref_axis',(0.,-1.,0.));
#2298=DIRECTION('center_axis',(1.,0.,2.08707798742781E-15));
#2299=DIRECTION('ref_axis',(0.,-1.,0.));
#2300=DIRECTION('',(-1.,0.,0.));
#2301=DIRECTION('center_axis',(-1.,0.,0.));
#2302=DIRECTION('ref_axis',(0.,-1.,0.));
#2303=DIRECTION('center_axis',(1.,0.,0.));
#2304=DIRECTION('ref_axis',(0.,0.,1.));
#2305=DIRECTION('',(0.,0.,1.));
#2306=DIRECTION('',(0.,-1.,0.));
#2307=DIRECTION('',(0.,0.,1.));
#2308=DIRECTION('',(0.,1.,0.));
#2309=DIRECTION('',(0.,0.,1.));
#2310=DIRECTION('center_axis',(0.,1.,0.));
#2311=DIRECTION('ref_axis',(-1.,0.,0.));
#2312=DIRECTION('',(0.,0.,-1.));
#2313=DIRECTION('center_axis',(0.,-1.,0.));
#2314=DIRECTION('ref_axis',(3.54680234156455E-16,0.,1.));
#2315=DIRECTION('center_axis',(1.,0.,0.));
#2316=DIRECTION('ref_axis',(0.,0.,1.));
#2317=DIRECTION('',(0.,0.,1.));
#2318=DIRECTION('',(0.,-1.,0.));
#2319=DIRECTION('',(0.,0.,1.));
#2320=DIRECTION('',(0.,1.,0.));
#2321=DIRECTION('',(0.,0.,1.));
#2322=DIRECTION('center_axis',(0.,-1.,0.));
#2323=DIRECTION('ref_axis',(0.,0.,-1.));
#2324=DIRECTION('',(-8.88178419700125E-17,0.,-1.));
#2325=DIRECTION('',(-1.,0.,0.));
#2326=DIRECTION('center_axis',(1.,0.,-1.11022302462516E-16));
#2327=DIRECTION('ref_axis',(1.11022302462516E-16,0.,1.));
#2328=DIRECTION('',(1.11022302462516E-16,0.,1.));
#2329=DIRECTION('',(0.,-1.,0.));
#2330=DIRECTION('',(1.11022302462516E-16,0.,1.));
#2331=DIRECTION('',(0.,1.,0.));
#2332=DIRECTION('',(1.11022302462516E-16,0.,1.));
#2333=DIRECTION('center_axis',(0.,-1.,0.));
#2334=DIRECTION('ref_axis',(0.,0.,-1.));
#2335=DIRECTION('',(0.,0.,-1.));
#2336=DIRECTION('',(-1.,0.,0.));
#2337=DIRECTION('center_axis',(1.,0.,-1.77635683940025E-16));
#2338=DIRECTION('ref_axis',(1.77635683940025E-16,0.,1.));
#2339=DIRECTION('',(1.77635683940025E-16,0.,1.));
#2340=DIRECTION('',(0.,-1.,0.));
#2341=DIRECTION('',(1.77635683940025E-16,0.,1.));
#2342=DIRECTION('',(0.,1.,0.));
#2343=DIRECTION('',(1.77635683940025E-16,0.,1.));
#2344=DIRECTION('center_axis',(0.,-1.,0.));
#2345=DIRECTION('ref_axis',(0.,0.,-1.));
#2346=DIRECTION('',(0.,0.,-1.));
#2347=DIRECTION('',(-1.,0.,0.));
#2348=DIRECTION('center_axis',(-1.,0.,8.88178419700125E-17));
#2349=DIRECTION('ref_axis',(-8.88178419700125E-17,0.,-1.));
#2350=DIRECTION('',(-8.88178419700125E-17,0.,-1.));
#2351=DIRECTION('',(0.,-1.,0.));
#2352=DIRECTION('',(-8.88178419700125E-17,0.,-1.));
#2353=DIRECTION('',(0.,1.,0.));
#2354=DIRECTION('',(-8.88178419700125E-17,0.,-1.));
#2355=DIRECTION('center_axis',(0.,-1.,0.));
#2356=DIRECTION('ref_axis',(0.,0.,-1.));
#2357=DIRECTION('',(0.,0.,1.));
#2358=DIRECTION('',(1.,0.,0.));
#2359=DIRECTION('center_axis',(-1.,0.,0.));
#2360=DIRECTION('ref_axis',(0.,0.,-1.));
#2361=DIRECTION('',(0.,0.,-1.));
#2362=DIRECTION('',(0.,-1.,0.));
#2363=DIRECTION('',(0.,0.,-1.));
#2364=DIRECTION('',(0.,1.,0.));
#2365=DIRECTION('',(0.,0.,-1.));
#2366=DIRECTION('center_axis',(0.,-1.,0.));
#2367=DIRECTION('ref_axis',(0.,0.,-1.));
#2368=DIRECTION('',(0.,0.,1.));
#2369=DIRECTION('',(1.,0.,0.));
#2370=DIRECTION('center_axis',(-0.999994743173196,0.,-0.00324247220103407));
#2371=DIRECTION('ref_axis',(0.00324247220103407,0.,-0.999994743173196));
#2372=DIRECTION('',(0.00324247220103407,0.,-0.999994743173196));
#2373=DIRECTION('',(0.,-1.,0.));
#2374=DIRECTION('',(0.00324247220103407,0.,-0.999994743173196));
#2375=DIRECTION('',(0.,1.,0.));
#2376=DIRECTION('',(0.00324247220103407,0.,-0.999994743173196));
#2377=DIRECTION('center_axis',(0.,-1.,0.));
#2378=DIRECTION('ref_axis',(0.,0.,-1.));
#2379=DIRECTION('',(0.,0.,1.));
#2380=DIRECTION('center_axis',(0.,-1.,0.));
#2381=DIRECTION('ref_axis',(0.399334442595673,0.,-0.916805324459235));
#2382=DIRECTION('',(1.,0.,0.));
#2383=DIRECTION('center_axis',(0.,1.,0.));
#2384=DIRECTION('ref_axis',(0.826303092942278,0.,0.563225708392315));
#2385=DIRECTION('center_axis',(0.,-1.,0.));
#2386=DIRECTION('ref_axis',(0.826303092942278,0.,0.563225708392315));
#2387=DIRECTION('',(0.,-1.,0.));
#2388=DIRECTION('center_axis',(0.,1.,0.));
#2389=DIRECTION('ref_axis',(0.826303092942278,0.,0.563225708392315));
#2390=DIRECTION('',(0.,1.,0.));
#2391=DIRECTION('center_axis',(0.,1.,0.));
#2392=DIRECTION('ref_axis',(1.,0.,0.));
#2393=DIRECTION('',(0.,0.,-1.));
#2394=DIRECTION('center_axis',(0.,-1.,0.));
#2395=DIRECTION('ref_axis',(0.826303092942278,0.,-0.563225708392315));
#2396=DIRECTION('center_axis',(0.,1.,0.));
#2397=DIRECTION('ref_axis',(0.399334442595673,0.,-0.916805324459235));
#2398=DIRECTION('center_axis',(0.,1.,0.));
#2399=DIRECTION('ref_axis',(3.54680234156455E-16,0.,1.));
#2400=DIRECTION('center_axis',(1.,0.,0.));
#2401=DIRECTION('ref_axis',(0.,0.,-1.));
#2402=DIRECTION('',(0.,0.,-1.));
#2403=DIRECTION('',(0.,-1.,0.));
#2404=DIRECTION('center_axis',(0.,1.,0.));
#2405=DIRECTION('ref_axis',(0.826303092942278,0.,-0.563225708392315));
#2406=DIRECTION('center_axis',(0.,1.,0.));
#2407=DIRECTION('ref_axis',(0.826303092942278,0.,-0.563225708392315));
#2408=DIRECTION('',(0.,1.,0.));
#2409=DIRECTION('center_axis',(0.,1.,0.));
#2410=DIRECTION('ref_axis',(2.3397421108218E-15,0.,-1.));
#2411=DIRECTION('center_axis',(0.,1.,0.));
#2412=DIRECTION('ref_axis',(2.3397421108218E-15,0.,-1.));
#2413=DIRECTION('',(0.,1.,0.));
#2414=DIRECTION('center_axis',(0.,1.,0.));
#2415=DIRECTION('ref_axis',(2.3397421108218E-15,0.,-1.));
#2416=DIRECTION('',(0.,1.,0.));
#2417=DIRECTION('center_axis',(1.,0.,2.08707798742781E-15));
#2418=DIRECTION('ref_axis',(2.08707798742781E-15,0.,-1.));
#2419=DIRECTION('',(2.08707798742781E-15,0.,-1.));
#2420=DIRECTION('',(0.,1.,0.));
#2421=DIRECTION('',(2.08707798742781E-15,0.,-1.));
#2422=DIRECTION('center_axis',(0.,1.,0.));
#2423=DIRECTION('ref_axis',(0.374350086655112,0.,0.927287448756485));
#2424=DIRECTION('center_axis',(0.,1.,0.));
#2425=DIRECTION('ref_axis',(0.374350086655112,0.,0.927287448756485));
#2426=DIRECTION('',(0.,1.,0.));
#2427=DIRECTION('center_axis',(0.,1.,0.));
#2428=DIRECTION('ref_axis',(0.374350086655112,0.,0.927287448756485));
#2429=DIRECTION('center_axis',(-1.,0.,0.));
#2430=DIRECTION('ref_axis',(0.,0.,1.));
#2431=DIRECTION('',(0.,0.,1.));
#2432=DIRECTION('',(0.,0.,1.));
#2433=DIRECTION('center_axis',(0.,-1.,0.));
#2434=DIRECTION('ref_axis',(1.,0.,0.));
#2435=DIRECTION('center_axis',(0.,1.,0.));
#2436=DIRECTION('ref_axis',(0.374350086655112,0.,0.927287448756485));
#2437=DIRECTION('center_axis',(0.,1.,0.));
#2438=DIRECTION('ref_axis',(0.374350086655112,0.,0.927287448756485));
#2439=DIRECTION('',(0.,1.,0.));
#2440=DIRECTION('center_axis',(0.,1.,0.));
#2441=DIRECTION('ref_axis',(0.374350086655112,0.,0.927287448756485));
#2442=DIRECTION('',(0.,1.,0.));
#2443=DIRECTION('center_axis',(-1.,0.,2.87239666584939E-15));
#2444=DIRECTION('ref_axis',(2.87239666584939E-15,0.,1.));
#2445=DIRECTION('',(2.87239666584939E-15,0.,1.));
#2446=DIRECTION('',(0.,1.,0.));
#2447=DIRECTION('',(2.87239666584939E-15,0.,1.));
#2448=DIRECTION('center_axis',(0.,1.,0.));
#2449=DIRECTION('ref_axis',(2.3397421108218E-15,0.,-1.));
#2450=DIRECTION('center_axis',(0.,1.,0.));
#2451=DIRECTION('ref_axis',(2.3397421108218E-15,0.,-1.));
#2452=DIRECTION('',(0.,1.,0.));
#2453=DIRECTION('center_axis',(0.,1.,0.));
#2454=DIRECTION('ref_axis',(2.3397421108218E-15,0.,-1.));
#2455=DIRECTION('center_axis',(1.,0.,0.));
#2456=DIRECTION('ref_axis',(0.,0.,-1.));
#2457=DIRECTION('',(0.,0.,-1.));
#2458=DIRECTION('',(0.,1.,0.));
#2459=DIRECTION('',(0.,0.,-1.));
#2460=DIRECTION('center_axis',(0.999947085562898,0.,0.0102871800929946));
#2461=DIRECTION('ref_axis',(0.0102871800929946,0.,-0.999947085562898));
#2462=DIRECTION('',(0.0102871800929946,0.,-0.999947085562898));
#2463=DIRECTION('',(0.0102871800929946,0.,-0.999947085562898));
#2464=DIRECTION('center_axis',(0.,-1.,0.));
#2465=DIRECTION('ref_axis',(1.,0.,0.));
#2466=DIRECTION('center_axis',(-1.,0.,0.));
#2467=DIRECTION('ref_axis',(0.,0.,-1.));
#2468=DIRECTION('',(0.,0.,-1.));
#2469=DIRECTION('',(0.,-1.,0.));
#2470=DIRECTION('',(0.,0.,-1.));
#2471=DIRECTION('',(0.,1.,0.));
#2472=DIRECTION('center_axis',(0.,1.,0.));
#2473=DIRECTION('ref_axis',(-1.,0.,0.));
#2474=DIRECTION('center_axis',(0.,-1.,0.));
#2475=DIRECTION('ref_axis',(0.399334442595673,0.,-0.916805324459235));
#2476=DIRECTION('center_axis',(0.,1.,0.));
#2477=DIRECTION('ref_axis',(1.,0.,0.));
#2478=DIRECTION('center_axis',(0.,1.,0.));
#2479=DIRECTION('ref_axis',(0.399334442595673,0.,-0.916805324459235));
#2480=DIRECTION('',(0.,0.,1.));
#2481=DIRECTION('center_axis',(0.,1.,0.));
#2482=DIRECTION('ref_axis',(3.54680234156455E-16,0.,1.));
#2483=DIRECTION('center_axis',(0.,1.,0.));
#2484=DIRECTION('ref_axis',(0.399334442595673,0.,-0.916805324459235));
#2485=DIRECTION('center_axis',(0.,1.,0.));
#2486=DIRECTION('ref_axis',(0.399334442595673,0.,-0.916805324459235));
#2487=DIRECTION('',(0.,1.,0.));
#2488=DIRECTION('center_axis',(0.,1.,0.));
#2489=DIRECTION('ref_axis',(0.399334442595673,0.,-0.916805324459235));
#2490=DIRECTION('',(0.,-1.,0.));
#2491=DIRECTION('',(0.,1.,0.));
#2492=DIRECTION('center_axis',(-1.,0.,8.88178419700125E-17));
#2493=DIRECTION('ref_axis',(-8.88178419700125E-17,0.,-1.));
#2494=DIRECTION('',(-8.88178419700125E-17,0.,-1.));
#2495=DIRECTION('',(0.,-1.,0.));
#2496=DIRECTION('',(-8.88178419700125E-17,0.,-1.));
#2497=DIRECTION('',(0.,1.,0.));
#2498=DIRECTION('center_axis',(0.,-1.,0.));
#2499=DIRECTION('ref_axis',(0.,0.,-1.));
#2500=DIRECTION('',(1.,0.,0.));
#2501=DIRECTION('center_axis',(-1.,0.,0.));
#2502=DIRECTION('ref_axis',(0.,0.,-1.));
#2503=DIRECTION('',(0.,0.,-1.));
#2504=DIRECTION('',(0.,-1.,0.));
#2505=DIRECTION('',(0.,0.,-1.));
#2506=DIRECTION('',(0.,1.,0.));
#2507=DIRECTION('center_axis',(0.,-1.,0.));
#2508=DIRECTION('ref_axis',(0.,0.,-1.));
#2509=DIRECTION('',(1.,0.,0.));
#2510=DIRECTION('center_axis',(-1.,0.,0.));
#2511=DIRECTION('ref_axis',(0.,0.,-1.));
#2512=DIRECTION('',(0.,0.,-1.));
#2513=DIRECTION('',(0.,-1.,0.));
#2514=DIRECTION('',(0.,0.,-1.));
#2515=DIRECTION('',(0.,1.,0.));
#2516=DIRECTION('center_axis',(0.,-1.,0.));
#2517=DIRECTION('ref_axis',(0.,0.,-1.));
#2518=DIRECTION('',(1.,0.,0.));
#2519=DIRECTION('center_axis',(1.,0.,0.));
#2520=DIRECTION('ref_axis',(0.,0.,1.));
#2521=DIRECTION('',(0.,0.,1.));
#2522=DIRECTION('',(0.,-1.,0.));
#2523=DIRECTION('',(0.,0.,1.));
#2524=DIRECTION('',(0.,1.,0.));
#2525=DIRECTION('center_axis',(0.,-1.,0.));
#2526=DIRECTION('ref_axis',(0.,0.,-1.));
#2527=DIRECTION('',(-1.,0.,0.));
#2528=DIRECTION('center_axis',(1.,0.,0.));
#2529=DIRECTION('ref_axis',(0.,0.,1.));
#2530=DIRECTION('',(0.,0.,1.));
#2531=DIRECTION('',(0.,-1.,0.));
#2532=DIRECTION('',(0.,0.,1.));
#2533=DIRECTION('',(0.,1.,0.));
#2534=DIRECTION('center_axis',(0.,-1.,0.));
#2535=DIRECTION('ref_axis',(0.,0.,-1.));
#2536=DIRECTION('',(-1.,0.,0.));
#2537=DIRECTION('center_axis',(0.,1.,0.));
#2538=DIRECTION('ref_axis',(1.,0.,0.));
#2539=DIRECTION('',(-1.,0.,0.));
#2540=DIRECTION('',(0.,0.,1.));
#2541=DIRECTION('',(1.,0.,0.));
#2542=DIRECTION('center_axis',(0.,1.,0.));
#2543=DIRECTION('ref_axis',(1.,0.,0.));
#2544=DIRECTION('',(1.,0.,0.));
#2545=DIRECTION('center_axis',(0.,1.,0.));
#2546=DIRECTION('ref_axis',(3.54680234156455E-16,0.,1.));
#2547=DIRECTION('',(1.,0.,0.));
#2548=DIRECTION('',(-1.,0.,0.));
#2549=DIRECTION('center_axis',(0.,1.,0.));
#2550=DIRECTION('ref_axis',(1.,0.,0.));
#2551=DIRECTION('',(1.,0.,0.));
#2552=DIRECTION('',(-1.,0.,0.));
#2553=DIRECTION('center_axis',(0.,1.,0.));
#2554=DIRECTION('ref_axis',(1.,0.,0.));
#2555=DIRECTION('',(-1.,0.,0.));
#2556=DIRECTION('',(1.,0.,0.));
#2557=DIRECTION('center_axis',(0.,1.,0.));
#2558=DIRECTION('ref_axis',(1.,0.,0.));
#2559=DIRECTION('',(-1.,0.,0.));
#2560=DIRECTION('',(1.,0.,0.));
#2561=DIRECTION('center_axis',(0.,1.,0.));
#2562=DIRECTION('ref_axis',(1.,0.,0.));
#2563=DIRECTION('',(1.,0.,0.));
#2564=DIRECTION('',(-1.,0.,0.));
#2565=DIRECTION('center_axis',(0.,0.,-1.));
#2566=DIRECTION('ref_axis',(-1.,0.,0.));
#2567=DIRECTION('',(-1.,0.,0.));
#2568=DIRECTION('',(0.,1.,0.));
#2569=DIRECTION('center_axis',(1.,0.,0.));
#2570=DIRECTION('ref_axis',(0.,0.,1.));
#2571=DIRECTION('',(0.,0.,1.));
#2572=DIRECTION('',(0.,-1.,0.));
#2573=DIRECTION('center_axis',(0.,-1.,0.));
#2574=DIRECTION('ref_axis',(0.,0.,-1.));
#2575=DIRECTION('center_axis',(0.,-1.,0.));
#2576=DIRECTION('ref_axis',(3.54680234156455E-16,0.,1.));
#2577=DIRECTION('center_axis',(0.,0.,-1.));
#2578=DIRECTION('ref_axis',(1.,0.,0.));
#2579=DIRECTION('center_axis',(0.,1.,0.));
#2580=DIRECTION('ref_axis',(3.54680234156455E-16,0.,1.));
#2581=DIRECTION('',(0.,1.,0.));
#2582=DIRECTION('center_axis',(0.,1.,0.));
#2583=DIRECTION('ref_axis',(3.54680234156455E-16,0.,1.));
#2584=DIRECTION('center_axis',(0.,0.,1.));
#2585=DIRECTION('ref_axis',(1.,0.,0.));
#2586=DIRECTION('',(1.,0.,0.));
#2587=DIRECTION('',(0.,1.,0.));
#2588=DIRECTION('',(1.,0.,0.));
#2589=DIRECTION('',(0.,1.,0.));
#2590=DIRECTION('center_axis',(-1.,0.,0.));
#2591=DIRECTION('ref_axis',(0.,0.,1.));
#2592=DIRECTION('',(0.,0.,1.));
#2593=DIRECTION('',(0.,1.,0.));
#2594=DIRECTION('',(0.,0.,1.));
#2595=DIRECTION('center_axis',(0.,0.,-1.));
#2596=DIRECTION('ref_axis',(-1.,0.,0.));
#2597=DIRECTION('',(-1.,0.,0.));
#2598=DIRECTION('',(0.,1.,0.));
#2599=DIRECTION('',(-1.,0.,0.));
#2600=DIRECTION('center_axis',(1.,0.,0.));
#2601=DIRECTION('ref_axis',(0.,0.,-1.));
#2602=DIRECTION('',(0.,0.,-1.));
#2603=DIRECTION('',(0.,0.,-1.));
#2604=DIRECTION('center_axis',(0.,1.,0.));
#2605=DIRECTION('ref_axis',(0.,0.,1.));
#2606=DIRECTION('center_axis',(-1.,0.,0.));
#2607=DIRECTION('ref_axis',(0.,0.,1.));
#2608=DIRECTION('',(0.,0.,1.));
#2609=DIRECTION('',(0.,1.,0.));
#2610=DIRECTION('',(0.,0.,1.));
#2611=DIRECTION('',(0.,1.,0.));
#2612=DIRECTION('center_axis',(0.,0.,-1.));
#2613=DIRECTION('ref_axis',(-1.,0.,0.));
#2614=DIRECTION('',(-1.,0.,0.));
#2615=DIRECTION('',(0.,1.,0.));
#2616=DIRECTION('',(-1.,0.,0.));
#2617=DIRECTION('center_axis',(1.,0.,0.));
#2618=DIRECTION('ref_axis',(0.,0.,-1.));
#2619=DIRECTION('',(0.,0.,-1.));
#2620=DIRECTION('',(0.,1.,0.));
#2621=DIRECTION('',(0.,0.,-1.));
#2622=DIRECTION('center_axis',(0.,0.,1.));
#2623=DIRECTION('ref_axis',(1.,0.,0.));
#2624=DIRECTION('',(1.,0.,0.));
#2625=DIRECTION('',(1.,0.,0.));
#2626=DIRECTION('center_axis',(0.,1.,0.));
#2627=DIRECTION('ref_axis',(0.,0.,1.));
#2628=DIRECTION('center_axis',(0.,0.,1.));
#2629=DIRECTION('ref_axis',(1.,0.,0.));
#2630=DIRECTION('',(1.,0.,0.));
#2631=DIRECTION('',(0.,1.,0.));
#2632=DIRECTION('',(1.,0.,0.));
#2633=DIRECTION('',(0.,1.,0.));
#2634=DIRECTION('center_axis',(-1.,0.,0.));
#2635=DIRECTION('ref_axis',(0.,0.,1.));
#2636=DIRECTION('',(0.,0.,1.));
#2637=DIRECTION('',(0.,1.,0.));
#2638=DIRECTION('',(0.,0.,1.));
#2639=DIRECTION('center_axis',(0.,0.,-1.));
#2640=DIRECTION('ref_axis',(-1.,0.,0.));
#2641=DIRECTION('',(-1.,0.,0.));
#2642=DIRECTION('',(0.,1.,0.));
#2643=DIRECTION('',(-1.,0.,0.));
#2644=DIRECTION('center_axis',(1.,0.,0.));
#2645=DIRECTION('ref_axis',(0.,0.,-1.));
#2646=DIRECTION('',(0.,0.,-1.));
#2647=DIRECTION('',(0.,0.,-1.));
#2648=DIRECTION('center_axis',(0.,1.,0.));
#2649=DIRECTION('ref_axis',(0.,0.,1.));
#2650=DIRECTION('center_axis',(0.,0.,-1.));
#2651=DIRECTION('ref_axis',(-1.,0.,0.));
#2652=DIRECTION('',(-1.,0.,0.));
#2653=DIRECTION('',(0.,1.,0.));
#2654=DIRECTION('',(-1.,0.,0.));
#2655=DIRECTION('',(0.,1.,0.));
#2656=DIRECTION('center_axis',(1.,0.,0.));
#2657=DIRECTION('ref_axis',(0.,0.,-1.));
#2658=DIRECTION('',(0.,0.,-1.));
#2659=DIRECTION('',(0.,1.,0.));
#2660=DIRECTION('',(0.,0.,-1.));
#2661=DIRECTION('center_axis',(0.,0.,1.));
#2662=DIRECTION('ref_axis',(1.,0.,0.));
#2663=DIRECTION('',(1.,0.,0.));
#2664=DIRECTION('',(0.,1.,0.));
#2665=DIRECTION('',(1.,0.,0.));
#2666=DIRECTION('center_axis',(-1.,0.,0.));
#2667=DIRECTION('ref_axis',(0.,0.,1.));
#2668=DIRECTION('',(0.,0.,1.));
#2669=DIRECTION('',(0.,0.,1.));
#2670=DIRECTION('center_axis',(0.,1.,0.));
#2671=DIRECTION('ref_axis',(0.,0.,1.));
#2672=DIRECTION('center_axis',(0.,0.,1.));
#2673=DIRECTION('ref_axis',(1.,0.,0.));
#2674=DIRECTION('',(1.,0.,0.));
#2675=DIRECTION('',(0.,1.,0.));
#2676=DIRECTION('',(1.,0.,0.));
#2677=DIRECTION('',(0.,1.,0.));
#2678=DIRECTION('center_axis',(-1.,0.,0.));
#2679=DIRECTION('ref_axis',(0.,0.,1.));
#2680=DIRECTION('',(0.,0.,1.));
#2681=DIRECTION('',(0.,1.,0.));
#2682=DIRECTION('',(0.,0.,1.));
#2683=DIRECTION('center_axis',(0.,0.,-1.));
#2684=DIRECTION('ref_axis',(-1.,0.,0.));
#2685=DIRECTION('',(-1.,0.,0.));
#2686=DIRECTION('',(0.,1.,0.));
#2687=DIRECTION('',(-1.,0.,0.));
#2688=DIRECTION('center_axis',(1.,0.,0.));
#2689=DIRECTION('ref_axis',(0.,0.,-1.));
#2690=DIRECTION('',(0.,0.,-1.));
#2691=DIRECTION('',(0.,0.,-1.));
#2692=DIRECTION('center_axis',(0.,1.,0.));
#2693=DIRECTION('ref_axis',(0.,0.,1.));
#2694=DIRECTION('center_axis',(1.,0.,0.));
#2695=DIRECTION('ref_axis',(0.,0.,-1.));
#2696=DIRECTION('',(0.,0.,-1.));
#2697=DIRECTION('',(0.,1.,0.));
#2698=DIRECTION('',(0.,0.,-1.));
#2699=DIRECTION('',(0.,1.,0.));
#2700=DIRECTION('center_axis',(0.,0.,1.));
#2701=DIRECTION('ref_axis',(1.,0.,0.));
#2702=DIRECTION('',(1.,0.,0.));
#2703=DIRECTION('',(0.,1.,0.));
#2704=DIRECTION('',(1.,0.,0.));
#2705=DIRECTION('center_axis',(-1.,0.,0.));
#2706=DIRECTION('ref_axis',(0.,0.,1.));
#2707=DIRECTION('',(0.,0.,1.));
#2708=DIRECTION('',(0.,1.,0.));
#2709=DIRECTION('',(0.,0.,1.));
#2710=DIRECTION('center_axis',(0.,0.,-1.));
#2711=DIRECTION('ref_axis',(-1.,0.,0.));
#2712=DIRECTION('',(-1.,0.,0.));
#2713=DIRECTION('',(-1.,0.,0.));
#2714=DIRECTION('center_axis',(0.,1.,0.));
#2715=DIRECTION('ref_axis',(0.,0.,1.));
#2716=DIRECTION('center_axis',(0.,0.,1.));
#2717=DIRECTION('ref_axis',(1.,0.,0.));
#2718=DIRECTION('',(0.,1.,0.));
#2719=DIRECTION('',(1.,0.,0.));
#2720=DIRECTION('center_axis',(-1.,0.,0.));
#2721=DIRECTION('ref_axis',(0.,0.,1.));
#2722=DIRECTION('',(0.,0.,1.));
#2723=DIRECTION('center_axis',(0.,1.,0.));
#2724=DIRECTION('ref_axis',(1.,0.,0.));
#2725=CARTESIAN_POINT('',(0.,0.,0.));
#2726=CARTESIAN_POINT('Origin',(-55.,4.5,0.));
#2727=CARTESIAN_POINT('',(-55.,5.5,-1.22464679914735E-16));
#2728=CARTESIAN_POINT('Origin',(-55.,4.5,0.));
#2729=CARTESIAN_POINT('',(52.,5.5,-1.22464679914735E-16));
#2730=CARTESIAN_POINT('',(-55.,5.5,1.22464679914735E-16));
#2731=CARTESIAN_POINT('Origin',(52.,4.5,0.));
#2732=CARTESIAN_POINT('Origin',(52.,4.5,0.));
#2733=CARTESIAN_POINT('Origin',(-55.,4.5,0.));
#2734=CARTESIAN_POINT('',(-46.5,6.5,2.44929359829471E-16));
#2735=CARTESIAN_POINT('Origin',(-46.5,4.5,0.));
#2736=CARTESIAN_POINT('',(-52.,6.5,-2.44929359829471E-16));
#2737=CARTESIAN_POINT('',(-55.,6.5,2.44929359829471E-16));
#2738=CARTESIAN_POINT('Origin',(-52.,4.5,0.));
#2739=CARTESIAN_POINT('Origin',(-55.,4.5,0.));
#2740=CARTESIAN_POINT('',(23.4725378217315,6.5,2.44929359829471E-16));
#2741=CARTESIAN_POINT('Origin',(23.4725378217315,4.5,0.));
#2742=CARTESIAN_POINT('',(17.9725378217315,6.5,-2.44929359829471E-16));
#2743=CARTESIAN_POINT('',(-55.,6.5,2.44929359829471E-16));
#2744=CARTESIAN_POINT('Origin',(17.9725378217315,4.5,0.));
#2745=CARTESIAN_POINT('Origin',(-55.,4.5,0.));
#2746=CARTESIAN_POINT('',(-32.5274621782685,6.5,2.44929359829471E-16));
#2747=CARTESIAN_POINT('Origin',(-32.5274621782685,4.5,0.));
#2748=CARTESIAN_POINT('',(-38.0274621782685,6.5,-2.44929359829471E-16));
#2749=CARTESIAN_POINT('',(-55.,6.5,2.44929359829471E-16));
#2750=CARTESIAN_POINT('Origin',(-38.0274621782685,4.5,0.));
#2751=CARTESIAN_POINT('Origin',(-55.,4.5,0.));
#2752=CARTESIAN_POINT('',(9.47253782173147,6.5,2.44929359829471E-16));
#2753=CARTESIAN_POINT('Origin',(9.47253782173147,4.5,0.));
#2754=CARTESIAN_POINT('',(3.97253782173147,6.5,-2.44929359829471E-16));
#2755=CARTESIAN_POINT('',(-55.,6.5,2.44929359829471E-16));
#2756=CARTESIAN_POINT('Origin',(3.97253782173147,4.5,0.));
#2757=CARTESIAN_POINT('Origin',(-55.,4.5,0.));
#2758=CARTESIAN_POINT('',(-18.5274621782685,6.5,2.44929359829471E-16));
#2759=CARTESIAN_POINT('Origin',(-18.5274621782685,4.5,0.));
#2760=CARTESIAN_POINT('',(-24.0274621782685,6.5,-2.44929359829471E-16));
#2761=CARTESIAN_POINT('',(-55.,6.5,2.44929359829471E-16));
#2762=CARTESIAN_POINT('Origin',(-24.0274621782685,4.5,0.));
#2763=CARTESIAN_POINT('Origin',(-55.,4.5,0.));
#2764=CARTESIAN_POINT('',(-4.52746217826853,6.5,2.44929359829471E-16));
#2765=CARTESIAN_POINT('Origin',(-4.52746217826853,4.5,0.));
#2766=CARTESIAN_POINT('',(-10.0274621782685,6.5,-2.44929359829471E-16));
#2767=CARTESIAN_POINT('',(-55.,6.5,2.44929359829471E-16));
#2768=CARTESIAN_POINT('Origin',(-10.0274621782685,4.5,0.));
#2769=CARTESIAN_POINT('Origin',(-55.,4.5,0.));
#2770=CARTESIAN_POINT('',(28.9125719447611,3.,-1.32287565553229));
#2771=CARTESIAN_POINT('',(28.9125719447611,3.,1.32287565553229));
#2772=CARTESIAN_POINT('Origin',(28.9125719447611,4.5,0.));
#2773=CARTESIAN_POINT('',(26.4577199549184,3.,-1.32287565553229));
#2774=CARTESIAN_POINT('',(-55.,3.,-1.32287565553229));
#2775=CARTESIAN_POINT('',(26.449141134744,3.,1.32287565553229));
#2776=CARTESIAN_POINT('Origin',(26.4534305448312,4.5,0.));
#2777=CARTESIAN_POINT('',(-55.,3.,1.32287565553229));
#2778=CARTESIAN_POINT('Origin',(-55.,4.5,0.));
#2779=CARTESIAN_POINT('',(-41.,3.,-1.32287565553229));
#2780=CARTESIAN_POINT('',(-41.,3.,1.32287565553229));
#2781=CARTESIAN_POINT('Origin',(-41.,4.5,0.));
#2782=CARTESIAN_POINT('',(-43.5,3.,-1.32287565553229));
#2783=CARTESIAN_POINT('',(-55.,3.,-1.32287565553229));
#2784=CARTESIAN_POINT('',(-43.5,3.,1.32287565553229));
#2785=CARTESIAN_POINT('Origin',(-43.5,4.5,0.));
#2786=CARTESIAN_POINT('',(-55.,3.,1.32287565553229));
#2787=CARTESIAN_POINT('Origin',(-55.,4.5,0.));
#2788=CARTESIAN_POINT('',(15.,3.,-1.32287565553229));
#2789=CARTESIAN_POINT('',(15.,3.,1.32287565553229));
#2790=CARTESIAN_POINT('Origin',(15.,4.5,0.));
#2791=CARTESIAN_POINT('',(12.5,3.,-1.32287565553229));
#2792=CARTESIAN_POINT('',(-55.,3.,-1.32287565553229));
#2793=CARTESIAN_POINT('',(12.5,3.,1.32287565553229));
#2794=CARTESIAN_POINT('Origin',(12.5,4.5,0.));
#2795=CARTESIAN_POINT('',(-55.,3.,1.32287565553229));
#2796=CARTESIAN_POINT('Origin',(-55.,4.5,0.));
#2797=CARTESIAN_POINT('',(-29.5,3.,1.32287565553229));
#2798=CARTESIAN_POINT('',(-29.5,3.,-1.32287565553229));
#2799=CARTESIAN_POINT('Origin',(-29.5,4.5,0.));
#2800=CARTESIAN_POINT('',(-27.,3.,1.32287565553229));
#2801=CARTESIAN_POINT('',(-55.,3.,1.32287565553229));
#2802=CARTESIAN_POINT('',(-27.,3.,-1.32287565553229));
#2803=CARTESIAN_POINT('Origin',(-27.,4.5,0.));
#2804=CARTESIAN_POINT('',(-55.,3.,-1.32287565553229));
#2805=CARTESIAN_POINT('Origin',(-55.,4.5,0.));
#2806=CARTESIAN_POINT('',(-1.49999999999999,3.,1.32287565553229));
#2807=CARTESIAN_POINT('',(-1.49999999999999,3.,-1.32287565553229));
#2808=CARTESIAN_POINT('Origin',(-1.49999999999999,4.5,0.));
#2809=CARTESIAN_POINT('',(1.00000000000001,3.,1.32287565553229));
#2810=CARTESIAN_POINT('',(-55.,3.,1.32287565553229));
#2811=CARTESIAN_POINT('',(1.00000000000001,3.,-1.32287565553229));
#2812=CARTESIAN_POINT('Origin',(1.00000000000001,4.5,0.));
#2813=CARTESIAN_POINT('',(-55.,3.,-1.32287565553229));
#2814=CARTESIAN_POINT('Origin',(-55.,4.5,0.));
#2815=CARTESIAN_POINT('',(-15.5,3.,1.32287565553229));
#2816=CARTESIAN_POINT('',(-15.5,3.,-1.32287565553229));
#2817=CARTESIAN_POINT('Origin',(-15.5,4.5,0.));
#2818=CARTESIAN_POINT('',(-13.,3.,1.32287565553229));
#2819=CARTESIAN_POINT('',(-55.,3.,1.32287565553229));
#2820=CARTESIAN_POINT('',(-13.,3.,-1.32287565553229));
#2821=CARTESIAN_POINT('Origin',(-13.,4.5,0.));
#2822=CARTESIAN_POINT('',(-55.,3.,-1.32287565553229));
#2823=CARTESIAN_POINT('Origin',(-55.,4.5,0.));
#2824=CARTESIAN_POINT('',(40.4125719447611,3.,1.32287565553229));
#2825=CARTESIAN_POINT('',(40.4125719447611,3.,-1.32287565553229));
#2826=CARTESIAN_POINT('Origin',(40.4125719447611,4.5,0.));
#2827=CARTESIAN_POINT('',(42.9125719447611,3.,1.32287565553229));
#2828=CARTESIAN_POINT('',(-55.,3.,1.32287565553229));
#2829=CARTESIAN_POINT('',(42.9125719447611,3.,-1.32287565553229));
#2830=CARTESIAN_POINT('Origin',(42.9125719447611,4.5,0.));
#2831=CARTESIAN_POINT('',(-55.,3.,-1.32287565553229));
#2832=CARTESIAN_POINT('Origin',(-55.,4.5,0.));
#2833=CARTESIAN_POINT('',(37.3538472333719,6.5,2.44929359829471E-16));
#2834=CARTESIAN_POINT('Origin',(37.3538472333719,4.5,0.));
#2835=CARTESIAN_POINT('',(31.9725378217314,6.5,-2.44929359829471E-16));
#2836=CARTESIAN_POINT('',(-55.,6.5,2.44929359829471E-16));
#2837=CARTESIAN_POINT('Origin',(31.9725378217314,4.5,0.));
#2838=CARTESIAN_POINT('Origin',(-55.,4.5,0.));
#2839=CARTESIAN_POINT('',(52.,6.5,2.44929359829471E-16));
#2840=CARTESIAN_POINT('Origin',(52.,4.5,0.));
#2841=CARTESIAN_POINT('',(46.,6.5,-2.44929359829471E-16));
#2842=CARTESIAN_POINT('',(-55.,6.5,2.44929359829471E-16));
#2843=CARTESIAN_POINT('Origin',(46.,4.5,0.));
#2844=CARTESIAN_POINT('Origin',(42.9125719447611,15.,-10.3332441628344));
#2845=CARTESIAN_POINT('',(42.9125719447611,3.,10.3332441628344));
#2846=CARTESIAN_POINT('',(42.9125719447611,3.,10.9019899495931));
#2847=CARTESIAN_POINT('',(42.9125719447611,15.,10.3332441628344));
#2848=CARTESIAN_POINT('',(42.9125719447611,0.,10.3332441628344));
#2849=CARTESIAN_POINT('',(42.9125719447611,15.,-10.3332441628344));
#2850=CARTESIAN_POINT('',(42.9125719447611,15.,-5.16662208141719));
#2851=CARTESIAN_POINT('',(42.9125719447611,3.,-10.3332441628344));
#2852=CARTESIAN_POINT('',(42.9125719447611,0.,-10.3332441628344));
#2853=CARTESIAN_POINT('',(42.9125719447611,3.,10.9019899495931));
#2854=CARTESIAN_POINT('Origin',(41.6625719447611,3.,8.88178419700125E-15));
#2855=CARTESIAN_POINT('',(40.4125719447611,3.,10.9019899495931));
#2856=CARTESIAN_POINT('',(40.4125719447611,3.,-10.9019899495931));
#2857=CARTESIAN_POINT('Origin',(25.,3.,-62.6250000000001));
#2858=CARTESIAN_POINT('Origin',(-13.,15.,-12.5));
#2859=CARTESIAN_POINT('',(-13.,3.,12.5));
#2860=CARTESIAN_POINT('',(-13.,3.,-12.5));
#2861=CARTESIAN_POINT('',(-13.,15.,12.5));
#2862=CARTESIAN_POINT('',(-13.,7.5,12.5));
#2863=CARTESIAN_POINT('',(-13.,15.,-12.5));
#2864=CARTESIAN_POINT('',(-13.,15.,-6.25));
#2865=CARTESIAN_POINT('',(-13.,3.,-12.5));
#2866=CARTESIAN_POINT('',(-13.,7.5,-12.5));
#2867=CARTESIAN_POINT('',(-13.,3.,-12.5));
#2868=CARTESIAN_POINT('Origin',(-14.25,3.,-2.22044604925031E-15));
#2869=CARTESIAN_POINT('',(-15.5,3.,12.5));
#2870=CARTESIAN_POINT('',(-15.5,3.,12.5));
#2871=CARTESIAN_POINT('',(-34.625,3.,12.5));
#2872=CARTESIAN_POINT('Origin',(1.,15.,-12.5));
#2873=CARTESIAN_POINT('',(1.00000000000001,3.,12.5));
#2874=CARTESIAN_POINT('',(1.00000000000001,3.,12.5));
#2875=CARTESIAN_POINT('',(1.00000000000001,15.,12.5));
#2876=CARTESIAN_POINT('',(1.00000000000001,7.5,12.5));
#2877=CARTESIAN_POINT('',(1.,15.,-12.5));
#2878=CARTESIAN_POINT('',(1.00000000000001,15.,-6.25));
#2879=CARTESIAN_POINT('',(1.,3.,-12.5));
#2880=CARTESIAN_POINT('',(1.00000000000001,7.5,-12.5));
#2881=CARTESIAN_POINT('',(1.00000000000001,3.,12.5));
#2882=CARTESIAN_POINT('Origin',(-0.249999999999992,3.,-4.44089209850063E-15));
#2883=CARTESIAN_POINT('',(-1.49999999999999,3.,12.5));
#2884=CARTESIAN_POINT('',(-1.49999999999999,3.,-12.5));
#2885=CARTESIAN_POINT('',(-27.625,3.,12.5));
#2886=CARTESIAN_POINT('Origin',(-27.,15.,-12.5));
#2887=CARTESIAN_POINT('',(-27.,3.,12.5));
#2888=CARTESIAN_POINT('',(-27.,3.,12.5));
#2889=CARTESIAN_POINT('',(-27.,15.,12.5));
#2890=CARTESIAN_POINT('',(-27.,7.5,12.5));
#2891=CARTESIAN_POINT('',(-27.,15.,-12.5));
#2892=CARTESIAN_POINT('',(-27.,15.,-6.25));
#2893=CARTESIAN_POINT('',(-27.,3.,-12.5));
#2894=CARTESIAN_POINT('',(-27.,7.5,-12.5));
#2895=CARTESIAN_POINT('',(-27.,3.,12.5));
#2896=CARTESIAN_POINT('Origin',(-28.25,3.,-2.22044604925031E-15));
#2897=CARTESIAN_POINT('',(-29.5,3.,12.5));
#2898=CARTESIAN_POINT('',(-29.5,3.,-12.5));
#2899=CARTESIAN_POINT('',(-41.625,3.,12.5));
#2900=CARTESIAN_POINT('Origin',(12.5,15.,12.5));
#2901=CARTESIAN_POINT('',(12.5,3.,-12.5));
#2902=CARTESIAN_POINT('',(12.5,3.,12.5));
#2903=CARTESIAN_POINT('',(12.5,15.,-12.5));
#2904=CARTESIAN_POINT('',(12.5,7.5,-12.5));
#2905=CARTESIAN_POINT('',(12.5,15.,12.5));
#2906=CARTESIAN_POINT('',(12.5,15.,6.25));
#2907=CARTESIAN_POINT('',(12.5,3.,12.5));
#2908=CARTESIAN_POINT('',(12.5,7.5,12.5));
#2909=CARTESIAN_POINT('',(12.5,3.,12.5));
#2910=CARTESIAN_POINT('Origin',(13.75,3.,-2.22044604925031E-15));
#2911=CARTESIAN_POINT('',(15.,3.,-12.5));
#2912=CARTESIAN_POINT('',(15.,3.,-12.5));
#2913=CARTESIAN_POINT('',(19.375,3.,-12.5));
#2914=CARTESIAN_POINT('Origin',(-43.5,15.,12.5));
#2915=CARTESIAN_POINT('',(-43.5,3.,-12.5));
#2916=CARTESIAN_POINT('',(-43.5,3.,-12.5));
#2917=CARTESIAN_POINT('',(-43.5,15.,-12.5));
#2918=CARTESIAN_POINT('',(-43.5,7.5,-12.5));
#2919=CARTESIAN_POINT('',(-43.5,15.,12.5));
#2920=CARTESIAN_POINT('',(-43.5,15.,6.25));
#2921=CARTESIAN_POINT('',(-43.5,3.,12.5));
#2922=CARTESIAN_POINT('',(-43.5,7.5,12.5));
#2923=CARTESIAN_POINT('',(-43.5,3.,-12.5));
#2924=CARTESIAN_POINT('Origin',(-42.25,3.,-2.22044604925031E-15));
#2925=CARTESIAN_POINT('',(-41.,3.,-12.5));
#2926=CARTESIAN_POINT('',(-41.,3.,12.5));
#2927=CARTESIAN_POINT('',(-8.625,3.,-12.5));
#2928=CARTESIAN_POINT('Origin',(26.4125719447611,15.,12.6009978653131));
#2929=CARTESIAN_POINT('',(26.4939096228816,3.,-12.4839513646306));
#2930=CARTESIAN_POINT('',(26.4939096228816,3.,-12.4839513646306));
#2931=CARTESIAN_POINT('',(26.4939096228816,15.,-12.4839513646306));
#2932=CARTESIAN_POINT('',(26.4939096228816,15.,-12.4839513646306));
#2933=CARTESIAN_POINT('',(26.4129425167697,15.,12.4867115930952));
#2934=CARTESIAN_POINT('',(26.4328621840589,15.,6.34338596378747));
#2935=CARTESIAN_POINT('',(26.4129425167697,3.,12.4867115930952));
#2936=CARTESIAN_POINT('',(26.4129425167697,0.,12.4867115930951));
#2937=CARTESIAN_POINT('',(26.4939096228816,3.,-12.4839513646306));
#2938=CARTESIAN_POINT('Origin',(27.6625719447611,3.,0.0585232503412669));
#2939=CARTESIAN_POINT('',(28.9125719447611,3.,-12.3980458311116));
#2940=CARTESIAN_POINT('',(28.9125719447611,3.,12.6009978653131));
#2941=CARTESIAN_POINT('',(26.5527555846172,3.,-12.4839513646306));
#2942=CARTESIAN_POINT('Origin',(24.9999999999999,3.,62.6250000000003));
#2943=CARTESIAN_POINT('',(26.4939096228816,3.,-12.4839513646306));
#2944=CARTESIAN_POINT('Origin',(51.,0.,3.57745935764018));
#2945=CARTESIAN_POINT('',(55.,15.,3.57745935764018));
#2946=CARTESIAN_POINT('',(52.4622144112478,15.,7.30062051659359));
#2947=CARTESIAN_POINT('Origin',(51.,15.,3.57745935764018));
#2948=CARTESIAN_POINT('',(52.4622144112478,0.,7.30062051659359));
#2949=CARTESIAN_POINT('',(52.4622144112478,0.,7.30062051659358));
#2950=CARTESIAN_POINT('',(55.,0.,3.57745935764018));
#2951=CARTESIAN_POINT('Origin',(51.,0.,3.57745935764018));
#2952=CARTESIAN_POINT('',(55.,0.,3.57745935764018));
#2953=CARTESIAN_POINT('Origin',(0.,15.,0.));
#2954=CARTESIAN_POINT('',(55.,15.,-3.57745935764018));
#2955=CARTESIAN_POINT('',(55.,15.,6.25));
#2956=CARTESIAN_POINT('',(52.4622144112478,15.,-7.30062051659359));
#2957=CARTESIAN_POINT('Origin',(51.,15.,-3.57745935764018));
#2958=CARTESIAN_POINT('Origin',(24.9999999999999,15.,62.6250000000003));
#2959=CARTESIAN_POINT('Origin',(25.,15.,-62.6250000000001));
#2960=CARTESIAN_POINT('Origin',(55.,0.,6.25));
#2961=CARTESIAN_POINT('',(55.,0.,-3.57745935764018));
#2962=CARTESIAN_POINT('',(55.,0.,6.25));
#2963=CARTESIAN_POINT('',(55.,0.,-3.57745935764018));
#2964=CARTESIAN_POINT('Origin',(51.,0.,-3.57745935764018));
#2965=CARTESIAN_POINT('',(52.4622144112478,0.,-7.30062051659359));
#2966=CARTESIAN_POINT('Origin',(51.,0.,-3.57745935764018));
#2967=CARTESIAN_POINT('',(52.4622144112478,0.,-7.30062051659359));
#2968=CARTESIAN_POINT('Origin',(24.9999999999999,0.,62.6250000000007));
#2969=CARTESIAN_POINT('',(52.,0.,-4.25560724156143));
#2970=CARTESIAN_POINT('',(46.,0.,-6.37511322454477));
#2971=CARTESIAN_POINT('Origin',(24.9999999999999,0.,62.6250000000007));
#2972=CARTESIAN_POINT('',(52.,12.,-4.25560724156143));
#2973=CARTESIAN_POINT('',(52.,0.,-4.25560724156143));
#2974=CARTESIAN_POINT('',(46.,12.,-6.37511322454477));
#2975=CARTESIAN_POINT('Origin',(24.9999999999999,12.,62.6250000000007));
#2976=CARTESIAN_POINT('',(46.,0.,-6.37511322454477));
#2977=CARTESIAN_POINT('Origin',(52.,0.,4.25560724156143));
#2978=CARTESIAN_POINT('',(52.,0.,4.25560724156143));
#2979=CARTESIAN_POINT('',(52.,0.,2.12780362078077));
#2980=CARTESIAN_POINT('',(52.,12.,4.25560724156143));
#2981=CARTESIAN_POINT('',(52.,0.,4.25560724156143));
#2982=CARTESIAN_POINT('',(52.,12.,-4.25560724156143));
#2983=CARTESIAN_POINT('Origin',(24.9999999999999,0.,-62.6250000000004));
#2984=CARTESIAN_POINT('',(46.,0.,6.37511322454478));
#2985=CARTESIAN_POINT('Origin',(24.9999999999999,0.,-62.6250000000004));
#2986=CARTESIAN_POINT('',(46.,12.,6.37511322454478));
#2987=CARTESIAN_POINT('',(46.,0.,6.37511322454478));
#2988=CARTESIAN_POINT('Origin',(24.9999999999999,12.,-62.6250000000004));
#2989=CARTESIAN_POINT('Origin',(46.,0.,-6.37511322454477));
#2990=CARTESIAN_POINT('',(46.,0.,-3.18755661227238));
#2991=CARTESIAN_POINT('',(46.,12.,-4.25560724156144));
#2992=CARTESIAN_POINT('Origin',(49.,12.,4.44089209850063E-15));
#2993=CARTESIAN_POINT('Origin',(24.9999999999999,0.,-62.6250000000004));
#2994=CARTESIAN_POINT('',(31.9725378217315,0.,9.16218089829496));
#2995=CARTESIAN_POINT('',(37.3474765788474,0.,8.4352240858753));
#2996=CARTESIAN_POINT('Origin',(24.9999999999999,0.,-62.6250000000004));
#2997=CARTESIAN_POINT('',(31.9725378217315,12.,9.16218089829496));
#2998=CARTESIAN_POINT('',(31.9725378217315,0.,9.16218089829496));
#2999=CARTESIAN_POINT('',(37.3474765788474,12.,8.4352240858753));
#3000=CARTESIAN_POINT('Origin',(24.9999999999999,12.,-62.6250000000004));
#3001=CARTESIAN_POINT('',(37.3474765788474,0.,8.4352240858753));
#3002=CARTESIAN_POINT('Origin',(31.9725378217314,0.,-9.16218089829496));
#3003=CARTESIAN_POINT('',(31.9725378217314,0.,-9.16218089829496));
#3004=CARTESIAN_POINT('',(31.9725378217314,0.,-4.58109044914752));
#3005=CARTESIAN_POINT('',(31.9725378217314,12.,-9.16218089829496));
#3006=CARTESIAN_POINT('',(31.9725378217314,0.,-9.16218089829496));
#3007=CARTESIAN_POINT('',(31.9725378217315,12.,9.39051616321939));
#3008=CARTESIAN_POINT('Origin',(24.9999999999999,0.,62.6250000000007));
#3009=CARTESIAN_POINT('',(37.3538472333719,0.,-8.43411682208349));
#3010=CARTESIAN_POINT('Origin',(24.9999999999999,0.,62.6250000000007));
#3011=CARTESIAN_POINT('',(37.3538472333719,12.,-8.43411682208349));
#3012=CARTESIAN_POINT('',(37.3538472333719,0.,-8.43411682208349));
#3013=CARTESIAN_POINT('Origin',(24.9999999999999,12.,62.6250000000007));
#3014=CARTESIAN_POINT('Origin',(37.3538472333719,0.,7.81597591802898));
#3015=CARTESIAN_POINT('',(37.3538472333719,0.,7.81597591802898));
#3016=CARTESIAN_POINT('',(37.3538472333719,0.,3.90798795901449));
#3017=CARTESIAN_POINT('',(37.3538472333719,12.,7.81597591802898));
#3018=CARTESIAN_POINT('',(37.3538472333719,0.,7.81597591802898));
#3019=CARTESIAN_POINT('',(37.3538472333719,12.,7.81597591802898));
#3020=CARTESIAN_POINT('Origin',(37.3474765788474,0.,8.4352240858753));
#3021=CARTESIAN_POINT('',(37.3888854492641,0.,4.41014832018656));
#3022=CARTESIAN_POINT('',(37.3538472333719,12.,7.81597591802898));
#3023=CARTESIAN_POINT('Origin',(34.6631925275517,12.,-1.11022302462516E-15));
#3024=CARTESIAN_POINT('Origin',(40.4125719447611,15.,10.9019899495931));
#3025=CARTESIAN_POINT('',(40.4125719447611,3.,-10.9019899495931));
#3026=CARTESIAN_POINT('',(40.4125719447611,3.,-10.9019899495931));
#3027=CARTESIAN_POINT('',(40.4125719447611,15.,-10.9019899495931));
#3028=CARTESIAN_POINT('',(40.4125719447611,0.,-10.9019899495931));
#3029=CARTESIAN_POINT('',(40.4125719447611,15.,10.9019899495931));
#3030=CARTESIAN_POINT('',(40.4125719447611,15.,5.45099497479656));
#3031=CARTESIAN_POINT('',(40.4125719447611,0.,10.9019899495931));
#3032=CARTESIAN_POINT('Origin',(41.6625719447611,3.,8.88178419700125E-15));
#3033=CARTESIAN_POINT('Origin',(24.9999999999999,3.,62.6250000000003));
#3034=CARTESIAN_POINT('Origin',(0.,15.,0.));
#3035=CARTESIAN_POINT('',(28.9125719447611,15.,-12.3980458311116));
#3036=CARTESIAN_POINT('Origin',(24.9999999999999,15.,62.6250000000003));
#3037=CARTESIAN_POINT('',(28.9125719447611,15.,12.3980458311116));
#3038=CARTESIAN_POINT('',(28.9125719447611,15.,-6.24197568231528));
#3039=CARTESIAN_POINT('Origin',(25.,15.,-62.6250000000001));
#3040=CARTESIAN_POINT('Origin',(24.9999999999999,0.,62.6250000000003));
#3041=CARTESIAN_POINT('',(25.,0.,-12.5));
#3042=CARTESIAN_POINT('Origin',(24.9999999999999,0.,62.6250000000003));
#3043=CARTESIAN_POINT('',(25.,15.,-12.5));
#3044=CARTESIAN_POINT('',(25.,0.,-12.5));
#3045=CARTESIAN_POINT('',(26.5527555846172,15.,-12.4839513646306));
#3046=CARTESIAN_POINT('Origin',(24.9999999999999,15.,62.6250000000003));
#3047=CARTESIAN_POINT('',(26.5527555846172,0.,-12.4839513646306));
#3048=CARTESIAN_POINT('',(28.9125719447611,0.,-12.3980458311116));
#3049=CARTESIAN_POINT('Origin',(-15.5,15.,12.5));
#3050=CARTESIAN_POINT('',(-15.5,3.,-12.5));
#3051=CARTESIAN_POINT('',(-15.5,3.,12.5));
#3052=CARTESIAN_POINT('',(-15.5,15.,-12.5));
#3053=CARTESIAN_POINT('',(-15.5,7.5,-12.5));
#3054=CARTESIAN_POINT('',(-15.5,15.,12.5));
#3055=CARTESIAN_POINT('',(-15.5,15.,6.25));
#3056=CARTESIAN_POINT('',(-15.5,7.5,12.5));
#3057=CARTESIAN_POINT('Origin',(-14.25,3.,-2.22044604925031E-15));
#3058=CARTESIAN_POINT('',(5.375,3.,-12.5));
#3059=CARTESIAN_POINT('Origin',(-1.49999999999999,15.,12.5));
#3060=CARTESIAN_POINT('',(-1.49999999999999,3.,-12.5));
#3061=CARTESIAN_POINT('',(-1.49999999999999,3.,-12.5));
#3062=CARTESIAN_POINT('',(-1.49999999999999,15.,-12.5));
#3063=CARTESIAN_POINT('',(-1.49999999999999,7.5,-12.5));
#3064=CARTESIAN_POINT('',(-1.49999999999999,15.,12.5));
#3065=CARTESIAN_POINT('',(-1.49999999999999,15.,6.25));
#3066=CARTESIAN_POINT('',(-1.49999999999999,7.5,12.5));
#3067=CARTESIAN_POINT('Origin',(-0.249999999999992,3.,-4.44089209850063E-15));
#3068=CARTESIAN_POINT('',(12.375,3.,-12.5));
#3069=CARTESIAN_POINT('Origin',(-29.5,15.,12.5));
#3070=CARTESIAN_POINT('',(-29.5,3.,-12.5));
#3071=CARTESIAN_POINT('',(-29.5,3.,-12.5));
#3072=CARTESIAN_POINT('',(-29.5,15.,-12.5));
#3073=CARTESIAN_POINT('',(-29.5,7.5,-12.5));
#3074=CARTESIAN_POINT('',(-29.5,15.,12.5));
#3075=CARTESIAN_POINT('',(-29.5,15.,6.25));
#3076=CARTESIAN_POINT('',(-29.5,7.5,12.5));
#3077=CARTESIAN_POINT('Origin',(-28.25,3.,-2.22044604925031E-15));
#3078=CARTESIAN_POINT('',(-1.625,3.,-12.5));
#3079=CARTESIAN_POINT('Origin',(15.,15.,-12.5));
#3080=CARTESIAN_POINT('',(15.,3.,12.5));
#3081=CARTESIAN_POINT('',(15.,3.,-12.5));
#3082=CARTESIAN_POINT('',(15.,15.,12.5));
#3083=CARTESIAN_POINT('',(15.,7.5,12.5));
#3084=CARTESIAN_POINT('',(15.,15.,-12.5));
#3085=CARTESIAN_POINT('',(15.,15.,-6.25));
#3086=CARTESIAN_POINT('',(15.,7.5,-12.5));
#3087=CARTESIAN_POINT('Origin',(13.75,3.,-2.22044604925031E-15));
#3088=CARTESIAN_POINT('',(-20.625,3.,12.5));
#3089=CARTESIAN_POINT('Origin',(-41.,15.,-12.5));
#3090=CARTESIAN_POINT('',(-41.,3.,12.5));
#3091=CARTESIAN_POINT('',(-41.,3.,12.5));
#3092=CARTESIAN_POINT('',(-41.,15.,12.5));
#3093=CARTESIAN_POINT('',(-41.,7.5,12.5));
#3094=CARTESIAN_POINT('',(-41.,15.,-12.5));
#3095=CARTESIAN_POINT('',(-41.,15.,-6.25));
#3096=CARTESIAN_POINT('',(-41.,7.5,-12.5));
#3097=CARTESIAN_POINT('Origin',(-42.25,3.,-2.22044604925031E-15));
#3098=CARTESIAN_POINT('',(-48.625,3.,12.5));
#3099=CARTESIAN_POINT('Origin',(0.,15.,0.));
#3100=CARTESIAN_POINT('',(-55.,15.,-12.5));
#3101=CARTESIAN_POINT('',(25.,15.,-12.5));
#3102=CARTESIAN_POINT('',(-55.,15.,12.5));
#3103=CARTESIAN_POINT('',(-55.,15.,-12.5));
#3104=CARTESIAN_POINT('',(-55.,15.,12.5));
#3105=CARTESIAN_POINT('Origin',(0.,15.,0.));
#3106=CARTESIAN_POINT('',(25.,15.,12.5));
#3107=CARTESIAN_POINT('',(-55.,15.,12.5));
#3108=CARTESIAN_POINT('Origin',(25.,15.,-62.6250000000001));
#3109=CARTESIAN_POINT('',(13.2469548114408,15.,-12.4839513646306));
#3110=CARTESIAN_POINT('',(25.,15.,-12.5));
#3111=CARTESIAN_POINT('Origin',(0.,15.,0.));
#3112=CARTESIAN_POINT('',(-55.,15.,12.5));
#3113=CARTESIAN_POINT('',(25.,15.,-12.5));
#3114=CARTESIAN_POINT('Origin',(0.,15.,0.));
#3115=CARTESIAN_POINT('',(25.,15.,-12.5));
#3116=CARTESIAN_POINT('',(-55.,15.,12.5));
#3117=CARTESIAN_POINT('Origin',(0.,15.,0.));
#3118=CARTESIAN_POINT('',(25.,15.,-12.5));
#3119=CARTESIAN_POINT('',(-55.,15.,12.5));
#3120=CARTESIAN_POINT('Origin',(0.,15.,0.));
#3121=CARTESIAN_POINT('',(-55.,15.,12.5));
#3122=CARTESIAN_POINT('',(25.,15.,-12.5));
#3123=CARTESIAN_POINT('Origin',(25.,0.,-12.5));
#3124=CARTESIAN_POINT('',(-55.,0.,-12.5));
#3125=CARTESIAN_POINT('',(25.,0.,-12.5));
#3126=CARTESIAN_POINT('',(-55.,0.,-12.5));
#3127=CARTESIAN_POINT('Origin',(28.9125719447611,15.,-12.4839513646306));
#3128=CARTESIAN_POINT('',(28.9125719447611,3.,12.3980458311116));
#3129=CARTESIAN_POINT('',(28.9125719447611,3.,12.6009978653131));
#3130=CARTESIAN_POINT('',(28.9125719447611,0.,12.3980458311116));
#3131=CARTESIAN_POINT('Origin',(27.6625719447611,3.,0.0585232503412669));
#3132=CARTESIAN_POINT('Origin',(25.,3.,-62.6250000000001));
#3133=CARTESIAN_POINT('Origin',(26.4939096228816,15.,-12.4839513646306));
#3134=CARTESIAN_POINT('Origin',(25.,0.,-62.6250000000001));
#3135=CARTESIAN_POINT('',(25.,0.,12.5));
#3136=CARTESIAN_POINT('',(25.,0.,12.5));
#3137=CARTESIAN_POINT('Origin',(25.,0.,-62.6250000000001));
#3138=CARTESIAN_POINT('Origin',(-10.0274621782685,0.,9.54493555066287));
#3139=CARTESIAN_POINT('',(-10.0274621782685,0.,9.54493555066287));
#3140=CARTESIAN_POINT('',(-4.52746217826853,0.,9.54493555066287));
#3141=CARTESIAN_POINT('',(-5.01373108913426,0.,9.54493555066287));
#3142=CARTESIAN_POINT('',(-10.0274621782685,12.,9.54493555066287));
#3143=CARTESIAN_POINT('',(-10.0274621782685,0.,9.54493555066287));
#3144=CARTESIAN_POINT('',(-4.52746217826853,12.,9.54493555066287));
#3145=CARTESIAN_POINT('',(-10.0274621782685,12.,9.54493555066287));
#3146=CARTESIAN_POINT('',(-4.52746217826853,0.,9.54493555066287));
#3147=CARTESIAN_POINT('Origin',(-10.0274621782685,0.,-9.45506444933713));
#3148=CARTESIAN_POINT('',(-10.0274621782685,0.,-9.45506444933713));
#3149=CARTESIAN_POINT('',(-10.0274621782685,0.,-4.72753222466856));
#3150=CARTESIAN_POINT('',(-10.0274621782685,12.,-9.45506444933713));
#3151=CARTESIAN_POINT('',(-10.0274621782685,0.,-9.45506444933713));
#3152=CARTESIAN_POINT('',(-10.0274621782685,12.,-9.45506444933713));
#3153=CARTESIAN_POINT('Origin',(-4.52746217826853,0.,-9.45506444933713));
#3154=CARTESIAN_POINT('',(-4.52746217826853,0.,-9.45506444933713));
#3155=CARTESIAN_POINT('',(-2.26373108913426,0.,-9.45506444933713));
#3156=CARTESIAN_POINT('',(-4.52746217826853,12.,-9.45506444933713));
#3157=CARTESIAN_POINT('',(-4.52746217826853,0.,-9.45506444933713));
#3158=CARTESIAN_POINT('',(-4.52746217826853,12.,-9.45506444933713));
#3159=CARTESIAN_POINT('Origin',(-4.52746217826853,0.,9.54493555066287));
#3160=CARTESIAN_POINT('',(-4.52746217826853,0.,4.77246777533144));
#3161=CARTESIAN_POINT('',(-4.52746217826853,12.,9.54493555066287));
#3162=CARTESIAN_POINT('Origin',(-7.27746217826853,12.,0.0449355506628712));
#3163=CARTESIAN_POINT('Origin',(-24.0274621782685,0.,-9.45506444933713));
#3164=CARTESIAN_POINT('',(-24.0274621782685,0.,-9.45506444933713));
#3165=CARTESIAN_POINT('',(-24.0274621782685,0.,9.54493555066287));
#3166=CARTESIAN_POINT('',(-24.0274621782685,0.,-4.72753222466856));
#3167=CARTESIAN_POINT('',(-24.0274621782685,12.,-9.45506444933713));
#3168=CARTESIAN_POINT('',(-24.0274621782685,0.,-9.45506444933713));
#3169=CARTESIAN_POINT('',(-24.0274621782685,12.,9.54493555066287));
#3170=CARTESIAN_POINT('',(-24.0274621782685,12.,9.54493555066287));
#3171=CARTESIAN_POINT('',(-24.0274621782685,0.,9.54493555066287));
#3172=CARTESIAN_POINT('Origin',(-18.5274621782685,0.,-9.45506444933713));
#3173=CARTESIAN_POINT('',(-18.5274621782685,0.,-9.45506444933713));
#3174=CARTESIAN_POINT('',(-9.26373108913426,0.,-9.45506444933713));
#3175=CARTESIAN_POINT('',(-18.5274621782685,12.,-9.45506444933713));
#3176=CARTESIAN_POINT('',(-18.5274621782685,0.,-9.45506444933713));
#3177=CARTESIAN_POINT('',(-24.0274621782685,12.,-9.45506444933713));
#3178=CARTESIAN_POINT('Origin',(-18.5274621782685,0.,9.54493555066287));
#3179=CARTESIAN_POINT('',(-18.5274621782685,0.,9.54493555066287));
#3180=CARTESIAN_POINT('',(-18.5274621782685,0.,4.77246777533144));
#3181=CARTESIAN_POINT('',(-18.5274621782685,12.,9.54493555066287));
#3182=CARTESIAN_POINT('',(-18.5274621782685,0.,9.54493555066287));
#3183=CARTESIAN_POINT('',(-18.5274621782685,12.,-9.45506444933713));
#3184=CARTESIAN_POINT('Origin',(-24.0274621782685,0.,9.54493555066287));
#3185=CARTESIAN_POINT('',(-12.0137310891343,0.,9.54493555066287));
#3186=CARTESIAN_POINT('',(-18.5274621782685,12.,9.54493555066287));
#3187=CARTESIAN_POINT('Origin',(-21.2774621782685,12.,0.0449355506628712));
#3188=CARTESIAN_POINT('Origin',(3.97253782173147,0.,9.54493555066287));
#3189=CARTESIAN_POINT('',(3.97253782173147,0.,9.54493555066287));
#3190=CARTESIAN_POINT('',(9.47253782173147,0.,9.54493555066287));
#3191=CARTESIAN_POINT('',(1.98626891086574,0.,9.54493555066287));
#3192=CARTESIAN_POINT('',(3.97253782173147,12.,9.54493555066287));
#3193=CARTESIAN_POINT('',(3.97253782173147,0.,9.54493555066287));
#3194=CARTESIAN_POINT('',(9.47253782173147,12.,9.54493555066287));
#3195=CARTESIAN_POINT('',(3.97253782173147,12.,9.54493555066287));
#3196=CARTESIAN_POINT('',(9.47253782173147,0.,9.54493555066287));
#3197=CARTESIAN_POINT('Origin',(3.97253782173147,0.,-9.45506444933713));
#3198=CARTESIAN_POINT('',(3.97253782173147,0.,-9.45506444933713));
#3199=CARTESIAN_POINT('',(3.97253782173147,0.,-4.72753222466857));
#3200=CARTESIAN_POINT('',(3.97253782173147,12.,-9.45506444933713));
#3201=CARTESIAN_POINT('',(3.97253782173147,0.,-9.45506444933713));
#3202=CARTESIAN_POINT('',(3.97253782173147,12.,-9.45506444933713));
#3203=CARTESIAN_POINT('Origin',(9.47253782173147,0.,-9.45506444933713));
#3204=CARTESIAN_POINT('',(9.47253782173147,0.,-9.45506444933713));
#3205=CARTESIAN_POINT('',(4.73626891086574,0.,-9.45506444933713));
#3206=CARTESIAN_POINT('',(9.47253782173147,12.,-9.45506444933713));
#3207=CARTESIAN_POINT('',(9.47253782173147,0.,-9.45506444933713));
#3208=CARTESIAN_POINT('',(9.47253782173147,12.,-9.45506444933713));
#3209=CARTESIAN_POINT('Origin',(9.47253782173147,0.,9.54493555066287));
#3210=CARTESIAN_POINT('',(9.47253782173147,0.,4.77246777533144));
#3211=CARTESIAN_POINT('',(9.47253782173147,12.,9.54493555066287));
#3212=CARTESIAN_POINT('Origin',(6.72253782173147,12.,0.044935550662869));
#3213=CARTESIAN_POINT('Origin',(-32.5274621782685,0.,-9.45506444933713));
#3214=CARTESIAN_POINT('',(-32.5274621782685,0.,-9.45506444933713));
#3215=CARTESIAN_POINT('',(-38.0274621782685,0.,-9.45506444933713));
#3216=CARTESIAN_POINT('',(-16.2637310891343,0.,-9.45506444933713));
#3217=CARTESIAN_POINT('',(-32.5274621782685,12.,-9.45506444933713));
#3218=CARTESIAN_POINT('',(-32.5274621782685,0.,-9.45506444933713));
#3219=CARTESIAN_POINT('',(-38.0274621782685,12.,-9.45506444933713));
#3220=CARTESIAN_POINT('',(-38.0274621782685,12.,-9.45506444933713));
#3221=CARTESIAN_POINT('',(-38.0274621782685,0.,-9.45506444933713));
#3222=CARTESIAN_POINT('Origin',(-32.5274621782685,0.,9.54493555066287));
#3223=CARTESIAN_POINT('',(-32.5274621782685,0.,9.54493555066287));
#3224=CARTESIAN_POINT('',(-32.5274621782685,0.,4.77246777533144));
#3225=CARTESIAN_POINT('',(-32.5274621782685,12.,9.54493555066287));
#3226=CARTESIAN_POINT('',(-32.5274621782685,0.,9.54493555066287));
#3227=CARTESIAN_POINT('',(-32.5274621782685,12.,9.54493555066287));
#3228=CARTESIAN_POINT('Origin',(-38.0274621782685,0.,9.54493555066287));
#3229=CARTESIAN_POINT('',(-38.0274621782685,0.,9.54493555066287));
#3230=CARTESIAN_POINT('',(-19.0137310891343,0.,9.54493555066287));
#3231=CARTESIAN_POINT('',(-38.0274621782685,12.,9.54493555066287));
#3232=CARTESIAN_POINT('',(-38.0274621782685,0.,9.54493555066287));
#3233=CARTESIAN_POINT('',(-38.0274621782685,12.,9.54493555066287));
#3234=CARTESIAN_POINT('Origin',(-38.0274621782685,0.,-9.45506444933713));
#3235=CARTESIAN_POINT('',(-38.0274621782685,0.,-4.72753222466856));
#3236=CARTESIAN_POINT('',(-38.0274621782685,12.,9.54493555066287));
#3237=CARTESIAN_POINT('Origin',(-35.2774621782685,12.,0.0449355506628712));
#3238=CARTESIAN_POINT('Origin',(17.9725378217315,0.,9.54493555066287));
#3239=CARTESIAN_POINT('',(17.9725378217315,0.,9.54493555066287));
#3240=CARTESIAN_POINT('',(23.4725378217315,0.,9.54493555066287));
#3241=CARTESIAN_POINT('',(8.98626891086574,0.,9.54493555066287));
#3242=CARTESIAN_POINT('',(17.9725378217315,12.,9.54493555066287));
#3243=CARTESIAN_POINT('',(17.9725378217315,0.,9.54493555066287));
#3244=CARTESIAN_POINT('',(23.4725378217315,12.,9.54493555066287));
#3245=CARTESIAN_POINT('',(17.9725378217315,12.,9.54493555066287));
#3246=CARTESIAN_POINT('',(23.4725378217315,0.,9.54493555066287));
#3247=CARTESIAN_POINT('Origin',(17.9725378217315,0.,-9.45506444933713));
#3248=CARTESIAN_POINT('',(17.9725378217315,0.,-9.45506444933713));
#3249=CARTESIAN_POINT('',(17.9725378217315,0.,-4.72753222466857));
#3250=CARTESIAN_POINT('',(17.9725378217315,12.,-9.45506444933713));
#3251=CARTESIAN_POINT('',(17.9725378217315,0.,-9.45506444933713));
#3252=CARTESIAN_POINT('',(17.9725378217315,12.,-9.45506444933713));
#3253=CARTESIAN_POINT('Origin',(23.4725378217315,0.,-9.45506444933713));
#3254=CARTESIAN_POINT('',(23.4725378217315,0.,-9.45506444933713));
#3255=CARTESIAN_POINT('',(11.7362689108657,0.,-9.45506444933713));
#3256=CARTESIAN_POINT('',(23.4725378217315,12.,-9.45506444933713));
#3257=CARTESIAN_POINT('',(23.4725378217315,0.,-9.45506444933713));
#3258=CARTESIAN_POINT('',(23.4725378217315,12.,-9.45506444933713));
#3259=CARTESIAN_POINT('Origin',(23.4725378217315,0.,9.54493555066287));
#3260=CARTESIAN_POINT('',(23.4725378217315,0.,4.77246777533144));
#3261=CARTESIAN_POINT('',(23.4725378217315,12.,9.54493555066287));
#3262=CARTESIAN_POINT('Origin',(20.7225378217315,12.,0.044935550662869));
#3263=CARTESIAN_POINT('Origin',(-46.5,0.,9.5));
#3264=CARTESIAN_POINT('',(-46.5,0.,9.5));
#3265=CARTESIAN_POINT('',(-46.5,0.,-9.5));
#3266=CARTESIAN_POINT('',(-46.5,0.,4.75));
#3267=CARTESIAN_POINT('',(-46.5,12.,9.5));
#3268=CARTESIAN_POINT('',(-46.5,0.,9.5));
#3269=CARTESIAN_POINT('',(-46.5,12.,-9.5));
#3270=CARTESIAN_POINT('',(-46.5,12.,9.5));
#3271=CARTESIAN_POINT('',(-46.5,0.,-9.5));
#3272=CARTESIAN_POINT('Origin',(-52.,0.,9.5));
#3273=CARTESIAN_POINT('',(-52.,0.,9.5));
#3274=CARTESIAN_POINT('',(-26.,0.,9.5));
#3275=CARTESIAN_POINT('',(-52.,12.,9.5));
#3276=CARTESIAN_POINT('',(-52.,0.,9.5));
#3277=CARTESIAN_POINT('',(-52.,12.,9.5));
#3278=CARTESIAN_POINT('Origin',(-52.,0.,-9.5));
#3279=CARTESIAN_POINT('',(-52.,0.,-9.5));
#3280=CARTESIAN_POINT('',(-52.,0.,-4.75));
#3281=CARTESIAN_POINT('',(-52.,12.,-9.5));
#3282=CARTESIAN_POINT('',(-52.,0.,-9.5));
#3283=CARTESIAN_POINT('',(-52.,12.,-9.5));
#3284=CARTESIAN_POINT('Origin',(-46.5,0.,-9.5));
#3285=CARTESIAN_POINT('',(-23.25,0.,-9.5));
#3286=CARTESIAN_POINT('',(-46.5,12.,-9.5));
#3287=CARTESIAN_POINT('Origin',(-49.25,12.,-1.11022302462516E-15));
#3288=CARTESIAN_POINT('Origin',(-55.,0.,12.5));
#3289=CARTESIAN_POINT('',(-55.,0.,12.5));
#3290=CARTESIAN_POINT('',(-55.,0.,12.5));
#3291=CARTESIAN_POINT('',(-55.,0.,12.5));
#3292=CARTESIAN_POINT('Origin',(-55.,0.,-12.5));
#3293=CARTESIAN_POINT('',(-55.,0.,-12.5));
#3294=CARTESIAN_POINT('Origin',(0.,0.,0.));
#3295=UNCERTAINTY_MEASURE_WITH_UNIT(LENGTH_MEASURE(0.01),#3299,
'DISTANCE_ACCURACY_VALUE',
'Maximum model space distance between geometric entities at asserted c
onnectivities');
#3296=UNCERTAINTY_MEASURE_WITH_UNIT(LENGTH_MEASURE(0.01),#3299,
'DISTANCE_ACCURACY_VALUE',
'Maximum model space distance between geometric entities at asserted c
onnectivities');
#3297=(
GEOMETRIC_REPRESENTATION_CONTEXT(3)
GLOBAL_UNCERTAINTY_ASSIGNED_CONTEXT((#3295))
GLOBAL_UNIT_ASSIGNED_CONTEXT((#3299,#3301,#3302))
REPRESENTATION_CONTEXT('','3D')
);
#3298=(
GEOMETRIC_REPRESENTATION_CONTEXT(3)
GLOBAL_UNCERTAINTY_ASSIGNED_CONTEXT((#3296))
GLOBAL_UNIT_ASSIGNED_CONTEXT((#3299,#3301,#3302))
REPRESENTATION_CONTEXT('','3D')
);
#3299=(
LENGTH_UNIT()
NAMED_UNIT(*)
SI_UNIT(.MILLI.,.METRE.)
);
#3300=(
LENGTH_UNIT()
NAMED_UNIT(*)
SI_UNIT($,.METRE.)
);
#3301=(
NAMED_UNIT(*)
PLANE_ANGLE_UNIT()
SI_UNIT($,.RADIAN.)
);
#3302=(
NAMED_UNIT(*)
SI_UNIT($,.STERADIAN.)
SOLID_ANGLE_UNIT()
);
#3303=SHAPE_DEFINITION_REPRESENTATION(#3304,#3305);
#3304=PRODUCT_DEFINITION_SHAPE('',$,#3307);
#3305=SHAPE_REPRESENTATION('',(#2019),#3297);
#3306=PRODUCT_DEFINITION_CONTEXT('part definition',#3311,'design');
#3307=PRODUCT_DEFINITION('PNeu','PNeu v3',#3308,#3306);
#3308=PRODUCT_DEFINITION_FORMATION('',$,#3313);
#3309=PRODUCT_RELATED_PRODUCT_CATEGORY('PNeu v3','PNeu v3',(#3313));
#3310=APPLICATION_PROTOCOL_DEFINITION('international standard',
'automotive_design',2009,#3311);
#3311=APPLICATION_CONTEXT(
'Core Data for Automotive Mechanical Design Process');
#3312=PRODUCT_CONTEXT('part definition',#3311,'mechanical');
#3313=PRODUCT('PNeu','PNeu v3',$,(#3312));
#3314=PRESENTATION_STYLE_ASSIGNMENT((#3315));
#3315=SURFACE_STYLE_USAGE(.BOTH.,#3316);
#3316=SURFACE_SIDE_STYLE('',(#3317));
#3317=SURFACE_STYLE_FILL_AREA(#3318);
#3318=FILL_AREA_STYLE('Steel - Satin',(#3319));
#3319=FILL_AREA_STYLE_COLOUR('Steel - Satin',#3320);
#3320=COLOUR_RGB('Steel - Satin',0.627450980392157,0.627450980392157,0.627450980392157);
ENDSEC;
END-ISO-10303-21;
