ISO-10303-21;
HEADER;
/* Generated by software containing ST-Developer
 * from STEP Tools, Inc. (www.steptools.com) 
 */

FILE_DESCRIPTION(
/* description */ (''),
/* implementation_level */ '2;1');

FILE_NAME(
/* name */ 'Pneu_BottomCase.step',
/* time_stamp */ '2026-09-14T15:50:09+05:30',
/* author */ (''),
/* organization */ (''),
/* preprocessor_version */ 'ST-DEVELOPER v20.2',
/* originating_system */ 'Autodesk Translation Framework v15.15.0.0',
/* authorisation */ '');

FILE_SCHEMA (('AUTOMOTIVE_DESIGN { 1 0 10303 214 3 1 1 }'));
ENDSEC;

DATA;
#10=MECHANICAL_DESIGN_GEOMETRIC_PRESENTATION_REPRESENTATION('',(#13,#14),
#2623);
#11=SHAPE_REPRESENTATION_RELATIONSHIP('SRR','None',#2630,#12);
#12=ADVANCED_BREP_SHAPE_REPRESENTATION('',(#15,#16),#2622);
#13=STYLED_ITEM('',(#2639),#15);
#14=STYLED_ITEM('',(#2639),#16);
#15=MANIFOLD_SOLID_BREP('Body2',#1563);
#16=MANIFOLD_SOLID_BREP('Body3',#1564);
#17=FACE_BOUND('',#201,.T.);
#18=FACE_BOUND('',#225,.T.);
#19=FACE_BOUND('',#236,.T.);
#20=FACE_BOUND('',#240,.T.);
#21=FACE_BOUND('',#243,.T.);
#22=FACE_BOUND('',#247,.T.);
#23=FACE_BOUND('',#250,.T.);
#24=FACE_BOUND('',#255,.T.);
#25=FACE_BOUND('',#258,.T.);
#26=FACE_BOUND('',#264,.T.);
#27=FACE_BOUND('',#267,.T.);
#28=FACE_BOUND('',#272,.T.);
#29=FACE_BOUND('',#277,.T.);
#30=FACE_BOUND('',#280,.T.);
#31=FACE_BOUND('',#286,.T.);
#32=FACE_BOUND('',#289,.T.);
#33=FACE_BOUND('',#293,.T.);
#34=FACE_BOUND('',#296,.T.);
#35=PLANE('',#1581);
#36=PLANE('',#1582);
#37=PLANE('',#1587);
#38=PLANE('',#1588);
#39=PLANE('',#1592);
#40=PLANE('',#1593);
#41=PLANE('',#1597);
#42=PLANE('',#1606);
#43=PLANE('',#1607);
#44=PLANE('',#1610);
#45=PLANE('',#1611);
#46=PLANE('',#1612);
#47=PLANE('',#1617);
#48=PLANE('',#1620);
#49=PLANE('',#1621);
#50=PLANE('',#1626);
#51=PLANE('',#1631);
#52=PLANE('',#1632);
#53=PLANE('',#1639);
#54=PLANE('',#1643);
#55=PLANE('',#1670);
#56=PLANE('',#1671);
#57=PLANE('',#1672);
#58=PLANE('',#1673);
#59=PLANE('',#1674);
#60=PLANE('',#1675);
#61=PLANE('',#1676);
#62=PLANE('',#1677);
#63=PLANE('',#1678);
#64=PLANE('',#1679);
#65=PLANE('',#1680);
#66=PLANE('',#1681);
#67=PLANE('',#1682);
#68=PLANE('',#1683);
#69=PLANE('',#1684);
#70=PLANE('',#1685);
#71=PLANE('',#1686);
#72=PLANE('',#1687);
#73=PLANE('',#1688);
#74=PLANE('',#1689);
#75=PLANE('',#1690);
#76=PLANE('',#1691);
#77=PLANE('',#1692);
#78=PLANE('',#1693);
#79=PLANE('',#1694);
#80=PLANE('',#1699);
#81=PLANE('',#1700);
#82=PLANE('',#1701);
#83=PLANE('',#1706);
#84=PLANE('',#1709);
#85=PLANE('',#1710);
#86=PLANE('',#1711);
#87=PLANE('',#1712);
#88=PLANE('',#1713);
#89=PLANE('',#1714);
#90=PLANE('',#1715);
#91=PLANE('',#1716);
#92=PLANE('',#1717);
#93=PLANE('',#1718);
#94=PLANE('',#1719);
#95=PLANE('',#1720);
#96=PLANE('',#1721);
#97=PLANE('',#1722);
#98=PLANE('',#1723);
#99=FACE_OUTER_BOUND('',#190,.T.);
#100=FACE_OUTER_BOUND('',#191,.T.);
#101=FACE_OUTER_BOUND('',#192,.T.);
#102=FACE_OUTER_BOUND('',#193,.T.);
#103=FACE_OUTER_BOUND('',#194,.T.);
#104=FACE_OUTER_BOUND('',#195,.T.);
#105=FACE_OUTER_BOUND('',#196,.T.);
#106=FACE_OUTER_BOUND('',#197,.T.);
#107=FACE_OUTER_BOUND('',#198,.T.);
#108=FACE_OUTER_BOUND('',#199,.T.);
#109=FACE_OUTER_BOUND('',#200,.T.);
#110=FACE_OUTER_BOUND('',#202,.T.);
#111=FACE_OUTER_BOUND('',#203,.T.);
#112=FACE_OUTER_BOUND('',#204,.T.);
#113=FACE_OUTER_BOUND('',#205,.T.);
#114=FACE_OUTER_BOUND('',#206,.T.);
#115=FACE_OUTER_BOUND('',#207,.T.);
#116=FACE_OUTER_BOUND('',#208,.T.);
#117=FACE_OUTER_BOUND('',#209,.T.);
#118=FACE_OUTER_BOUND('',#210,.T.);
#119=FACE_OUTER_BOUND('',#211,.T.);
#120=FACE_OUTER_BOUND('',#212,.T.);
#121=FACE_OUTER_BOUND('',#213,.T.);
#122=FACE_OUTER_BOUND('',#214,.T.);
#123=FACE_OUTER_BOUND('',#215,.T.);
#124=FACE_OUTER_BOUND('',#216,.T.);
#125=FACE_OUTER_BOUND('',#217,.T.);
#126=FACE_OUTER_BOUND('',#218,.T.);
#127=FACE_OUTER_BOUND('',#219,.T.);
#128=FACE_OUTER_BOUND('',#220,.T.);
#129=FACE_OUTER_BOUND('',#221,.T.);
#130=FACE_OUTER_BOUND('',#222,.T.);
#131=FACE_OUTER_BOUND('',#223,.T.);
#132=FACE_OUTER_BOUND('',#224,.T.);
#133=FACE_OUTER_BOUND('',#226,.T.);
#134=FACE_OUTER_BOUND('',#227,.T.);
#135=FACE_OUTER_BOUND('',#228,.T.);
#136=FACE_OUTER_BOUND('',#229,.T.);
#137=FACE_OUTER_BOUND('',#230,.T.);
#138=FACE_OUTER_BOUND('',#231,.T.);
#139=FACE_OUTER_BOUND('',#232,.T.);
#140=FACE_OUTER_BOUND('',#233,.T.);
#141=FACE_OUTER_BOUND('',#234,.T.);
#142=FACE_OUTER_BOUND('',#235,.T.);
#143=FACE_OUTER_BOUND('',#237,.T.);
#144=FACE_OUTER_BOUND('',#238,.T.);
#145=FACE_OUTER_BOUND('',#239,.T.);
#146=FACE_OUTER_BOUND('',#241,.T.);
#147=FACE_OUTER_BOUND('',#242,.T.);
#148=FACE_OUTER_BOUND('',#244,.T.);
#149=FACE_OUTER_BOUND('',#245,.T.);
#150=FACE_OUTER_BOUND('',#246,.T.);
#151=FACE_OUTER_BOUND('',#248,.T.);
#152=FACE_OUTER_BOUND('',#249,.T.);
#153=FACE_OUTER_BOUND('',#251,.T.);
#154=FACE_OUTER_BOUND('',#252,.T.);
#155=FACE_OUTER_BOUND('',#253,.T.);
#156=FACE_OUTER_BOUND('',#254,.T.);
#157=FACE_OUTER_BOUND('',#256,.T.);
#158=FACE_OUTER_BOUND('',#257,.T.);
#159=FACE_OUTER_BOUND('',#259,.T.);
#160=FACE_OUTER_BOUND('',#260,.T.);
#161=FACE_OUTER_BOUND('',#261,.T.);
#162=FACE_OUTER_BOUND('',#262,.T.);
#163=FACE_OUTER_BOUND('',#263,.T.);
#164=FACE_OUTER_BOUND('',#265,.T.);
#165=FACE_OUTER_BOUND('',#266,.T.);
#166=FACE_OUTER_BOUND('',#268,.T.);
#167=FACE_OUTER_BOUND('',#269,.T.);
#168=FACE_OUTER_BOUND('',#270,.T.);
#169=FACE_OUTER_BOUND('',#271,.T.);
#170=FACE_OUTER_BOUND('',#273,.T.);
#171=FACE_OUTER_BOUND('',#274,.T.);
#172=FACE_OUTER_BOUND('',#275,.T.);
#173=FACE_OUTER_BOUND('',#276,.T.);
#174=FACE_OUTER_BOUND('',#278,.T.);
#175=FACE_OUTER_BOUND('',#279,.T.);
#176=FACE_OUTER_BOUND('',#281,.T.);
#177=FACE_OUTER_BOUND('',#282,.T.);
#178=FACE_OUTER_BOUND('',#283,.T.);
#179=FACE_OUTER_BOUND('',#284,.T.);
#180=FACE_OUTER_BOUND('',#285,.T.);
#181=FACE_OUTER_BOUND('',#287,.T.);
#182=FACE_OUTER_BOUND('',#288,.T.);
#183=FACE_OUTER_BOUND('',#290,.T.);
#184=FACE_OUTER_BOUND('',#291,.T.);
#185=FACE_OUTER_BOUND('',#292,.T.);
#186=FACE_OUTER_BOUND('',#294,.T.);
#187=FACE_OUTER_BOUND('',#295,.T.);
#188=FACE_OUTER_BOUND('',#297,.T.);
#189=FACE_OUTER_BOUND('',#298,.T.);
#190=EDGE_LOOP('',(#1021,#1022,#1023,#1024));
#191=EDGE_LOOP('',(#1025,#1026,#1027,#1028));
#192=EDGE_LOOP('',(#1029,#1030,#1031,#1032,#1033,#1034));
#193=EDGE_LOOP('',(#1035,#1036,#1037,#1038));
#194=EDGE_LOOP('',(#1039,#1040,#1041,#1042));
#195=EDGE_LOOP('',(#1043,#1044,#1045,#1046));
#196=EDGE_LOOP('',(#1047,#1048,#1049,#1050));
#197=EDGE_LOOP('',(#1051,#1052,#1053,#1054));
#198=EDGE_LOOP('',(#1055,#1056,#1057,#1058,#1059,#1060));
#199=EDGE_LOOP('',(#1061,#1062,#1063,#1064));
#200=EDGE_LOOP('',(#1065,#1066,#1067,#1068,#1069,#1070,#1071,#1072,#1073,
#1074,#1075,#1076,#1077,#1078,#1079,#1080,#1081));
#201=EDGE_LOOP('',(#1082,#1083,#1084,#1085,#1086,#1087,#1088,#1089));
#202=EDGE_LOOP('',(#1090,#1091,#1092,#1093));
#203=EDGE_LOOP('',(#1094,#1095,#1096,#1097,#1098,#1099));
#204=EDGE_LOOP('',(#1100,#1101,#1102,#1103));
#205=EDGE_LOOP('',(#1104,#1105,#1106,#1107));
#206=EDGE_LOOP('',(#1108,#1109,#1110,#1111));
#207=EDGE_LOOP('',(#1112,#1113,#1114,#1115));
#208=EDGE_LOOP('',(#1116,#1117,#1118,#1119));
#209=EDGE_LOOP('',(#1120,#1121,#1122,#1123));
#210=EDGE_LOOP('',(#1124,#1125,#1126,#1127));
#211=EDGE_LOOP('',(#1128,#1129,#1130,#1131));
#212=EDGE_LOOP('',(#1132,#1133,#1134,#1135,#1136,#1137));
#213=EDGE_LOOP('',(#1138,#1139,#1140,#1141,#1142));
#214=EDGE_LOOP('',(#1143,#1144,#1145,#1146,#1147,#1148));
#215=EDGE_LOOP('',(#1149,#1150,#1151,#1152));
#216=EDGE_LOOP('',(#1153,#1154,#1155,#1156));
#217=EDGE_LOOP('',(#1157,#1158,#1159,#1160));
#218=EDGE_LOOP('',(#1161,#1162,#1163,#1164));
#219=EDGE_LOOP('',(#1165,#1166,#1167,#1168,#1169,#1170,#1171,#1172));
#220=EDGE_LOOP('',(#1173,#1174,#1175,#1176,#1177,#1178,#1179,#1180));
#221=EDGE_LOOP('',(#1181,#1182,#1183,#1184));
#222=EDGE_LOOP('',(#1185,#1186,#1187,#1188));
#223=EDGE_LOOP('',(#1189,#1190,#1191,#1192,#1193,#1194));
#224=EDGE_LOOP('',(#1195,#1196,#1197,#1198));
#225=EDGE_LOOP('',(#1199));
#226=EDGE_LOOP('',(#1200,#1201,#1202,#1203));
#227=EDGE_LOOP('',(#1204,#1205,#1206,#1207));
#228=EDGE_LOOP('',(#1208,#1209,#1210,#1211));
#229=EDGE_LOOP('',(#1212,#1213,#1214,#1215));
#230=EDGE_LOOP('',(#1216,#1217,#1218,#1219));
#231=EDGE_LOOP('',(#1220,#1221,#1222,#1223));
#232=EDGE_LOOP('',(#1224,#1225,#1226,#1227));
#233=EDGE_LOOP('',(#1228,#1229,#1230,#1231));
#234=EDGE_LOOP('',(#1232,#1233,#1234,#1235));
#235=EDGE_LOOP('',(#1236));
#236=EDGE_LOOP('',(#1237));
#237=EDGE_LOOP('',(#1238,#1239,#1240,#1241));
#238=EDGE_LOOP('',(#1242,#1243,#1244,#1245));
#239=EDGE_LOOP('',(#1246,#1247,#1248,#1249));
#240=EDGE_LOOP('',(#1250));
#241=EDGE_LOOP('',(#1251,#1252,#1253,#1254));
#242=EDGE_LOOP('',(#1255,#1256,#1257,#1258));
#243=EDGE_LOOP('',(#1259));
#244=EDGE_LOOP('',(#1260,#1261,#1262,#1263));
#245=EDGE_LOOP('',(#1264,#1265,#1266,#1267));
#246=EDGE_LOOP('',(#1268,#1269,#1270,#1271));
#247=EDGE_LOOP('',(#1272));
#248=EDGE_LOOP('',(#1273,#1274,#1275,#1276));
#249=EDGE_LOOP('',(#1277,#1278,#1279,#1280));
#250=EDGE_LOOP('',(#1281));
#251=EDGE_LOOP('',(#1282,#1283,#1284,#1285));
#252=EDGE_LOOP('',(#1286,#1287,#1288,#1289));
#253=EDGE_LOOP('',(#1290,#1291,#1292,#1293));
#254=EDGE_LOOP('',(#1294,#1295,#1296,#1297));
#255=EDGE_LOOP('',(#1298));
#256=EDGE_LOOP('',(#1299,#1300,#1301,#1302));
#257=EDGE_LOOP('',(#1303,#1304,#1305,#1306));
#258=EDGE_LOOP('',(#1307));
#259=EDGE_LOOP('',(#1308,#1309,#1310,#1311));
#260=EDGE_LOOP('',(#1312,#1313,#1314,#1315));
#261=EDGE_LOOP('',(#1316,#1317,#1318,#1319));
#262=EDGE_LOOP('',(#1320,#1321,#1322,#1323));
#263=EDGE_LOOP('',(#1324,#1325,#1326,#1327));
#264=EDGE_LOOP('',(#1328));
#265=EDGE_LOOP('',(#1329,#1330,#1331,#1332));
#266=EDGE_LOOP('',(#1333,#1334,#1335,#1336));
#267=EDGE_LOOP('',(#1337));
#268=EDGE_LOOP('',(#1338,#1339,#1340,#1341));
#269=EDGE_LOOP('',(#1342,#1343,#1344,#1345));
#270=EDGE_LOOP('',(#1346,#1347,#1348,#1349));
#271=EDGE_LOOP('',(#1350,#1351,#1352,#1353));
#272=EDGE_LOOP('',(#1354));
#273=EDGE_LOOP('',(#1355,#1356,#1357,#1358,#1359,#1360));
#274=EDGE_LOOP('',(#1361,#1362,#1363,#1364,#1365));
#275=EDGE_LOOP('',(#1366,#1367,#1368,#1369));
#276=EDGE_LOOP('',(#1370,#1371,#1372,#1373));
#277=EDGE_LOOP('',(#1374));
#278=EDGE_LOOP('',(#1375,#1376,#1377,#1378));
#279=EDGE_LOOP('',(#1379,#1380,#1381,#1382));
#280=EDGE_LOOP('',(#1383));
#281=EDGE_LOOP('',(#1384,#1385,#1386,#1387));
#282=EDGE_LOOP('',(#1388,#1389,#1390,#1391,#1392));
#283=EDGE_LOOP('',(#1393,#1394,#1395,#1396));
#284=EDGE_LOOP('',(#1397,#1398,#1399,#1400));
#285=EDGE_LOOP('',(#1401,#1402,#1403,#1404));
#286=EDGE_LOOP('',(#1405));
#287=EDGE_LOOP('',(#1406,#1407,#1408,#1409));
#288=EDGE_LOOP('',(#1410,#1411,#1412,#1413));
#289=EDGE_LOOP('',(#1414));
#290=EDGE_LOOP('',(#1415,#1416,#1417,#1418));
#291=EDGE_LOOP('',(#1419,#1420,#1421,#1422));
#292=EDGE_LOOP('',(#1423,#1424,#1425,#1426));
#293=EDGE_LOOP('',(#1427));
#294=EDGE_LOOP('',(#1428,#1429,#1430,#1431));
#295=EDGE_LOOP('',(#1432,#1433,#1434,#1435));
#296=EDGE_LOOP('',(#1436));
#297=EDGE_LOOP('',(#1437,#1438,#1439,#1440));
#298=EDGE_LOOP('',(#1441,#1442,#1443,#1444));
#299=LINE('',#2181,#456);
#300=LINE('',#2184,#457);
#301=LINE('',#2187,#458);
#302=LINE('',#2189,#459);
#303=LINE('',#2190,#460);
#304=LINE('',#2193,#461);
#305=LINE('',#2197,#462);
#306=LINE('',#2201,#463);
#307=LINE('',#2205,#464);
#308=LINE('',#2206,#465);
#309=LINE('',#2209,#466);
#310=LINE('',#2210,#467);
#311=LINE('',#2216,#468);
#312=LINE('',#2219,#469);
#313=LINE('',#2222,#470);
#314=LINE('',#2224,#471);
#315=LINE('',#2225,#472);
#316=LINE('',#2228,#473);
#317=LINE('',#2230,#474);
#318=LINE('',#2232,#475);
#319=LINE('',#2237,#476);
#320=LINE('',#2240,#477);
#321=LINE('',#2241,#478);
#322=LINE('',#2243,#479);
#323=LINE('',#2245,#480);
#324=LINE('',#2251,#481);
#325=LINE('',#2259,#482);
#326=LINE('',#2265,#483);
#327=LINE('',#2267,#484);
#328=LINE('',#2269,#485);
#329=LINE('',#2272,#486);
#330=LINE('',#2275,#487);
#331=LINE('',#2277,#488);
#332=LINE('',#2278,#489);
#333=LINE('',#2283,#490);
#334=LINE('',#2284,#491);
#335=LINE('',#2287,#492);
#336=LINE('',#2288,#493);
#337=LINE('',#2291,#494);
#338=LINE('',#2292,#495);
#339=LINE('',#2295,#496);
#340=LINE('',#2296,#497);
#341=LINE('',#2300,#498);
#342=LINE('',#2304,#499);
#343=LINE('',#2307,#500);
#344=LINE('',#2308,#501);
#345=LINE('',#2313,#502);
#346=LINE('',#2314,#503);
#347=LINE('',#2317,#504);
#348=LINE('',#2318,#505);
#349=LINE('',#2321,#506);
#350=LINE('',#2325,#507);
#351=LINE('',#2329,#508);
#352=LINE('',#2330,#509);
#353=LINE('',#2333,#510);
#354=LINE('',#2343,#511);
#355=LINE('',#2350,#512);
#356=LINE('',#2353,#513);
#357=LINE('',#2356,#514);
#358=LINE('',#2362,#515);
#359=LINE('',#2366,#516);
#360=LINE('',#2367,#517);
#361=LINE('',#2371,#518);
#362=LINE('',#2376,#519);
#363=LINE('',#2382,#520);
#364=LINE('',#2388,#521);
#365=LINE('',#2394,#522);
#366=LINE('',#2400,#523);
#367=LINE('',#2406,#524);
#368=LINE('',#2412,#525);
#369=LINE('',#2418,#526);
#370=LINE('',#2424,#527);
#371=LINE('',#2426,#528);
#372=LINE('',#2428,#529);
#373=LINE('',#2429,#530);
#374=LINE('',#2432,#531);
#375=LINE('',#2434,#532);
#376=LINE('',#2435,#533);
#377=LINE('',#2438,#534);
#378=LINE('',#2439,#535);
#379=LINE('',#2442,#536);
#380=LINE('',#2443,#537);
#381=LINE('',#2445,#538);
#382=LINE('',#2450,#539);
#383=LINE('',#2452,#540);
#384=LINE('',#2454,#541);
#385=LINE('',#2455,#542);
#386=LINE('',#2459,#543);
#387=LINE('',#2460,#544);
#388=LINE('',#2461,#545);
#389=LINE('',#2464,#546);
#390=LINE('',#2465,#547);
#391=LINE('',#2468,#548);
#392=LINE('',#2469,#549);
#393=LINE('',#2471,#550);
#394=LINE('',#2476,#551);
#395=LINE('',#2478,#552);
#396=LINE('',#2480,#553);
#397=LINE('',#2481,#554);
#398=LINE('',#2485,#555);
#399=LINE('',#2486,#556);
#400=LINE('',#2487,#557);
#401=LINE('',#2490,#558);
#402=LINE('',#2491,#559);
#403=LINE('',#2494,#560);
#404=LINE('',#2495,#561);
#405=LINE('',#2497,#562);
#406=LINE('',#2502,#563);
#407=LINE('',#2504,#564);
#408=LINE('',#2506,#565);
#409=LINE('',#2507,#566);
#410=LINE('',#2511,#567);
#411=LINE('',#2512,#568);
#412=LINE('',#2513,#569);
#413=LINE('',#2516,#570);
#414=LINE('',#2517,#571);
#415=LINE('',#2520,#572);
#416=LINE('',#2521,#573);
#417=LINE('',#2523,#574);
#418=LINE('',#2527,#575);
#419=LINE('',#2532,#576);
#420=LINE('',#2534,#577);
#421=LINE('',#2541,#578);
#422=LINE('',#2545,#579);
#423=LINE('',#2546,#580);
#424=LINE('',#2549,#581);
#425=LINE('',#2552,#582);
#426=LINE('',#2555,#583);
#427=LINE('',#2556,#584);
#428=LINE('',#2560,#585);
#429=LINE('',#2563,#586);
#430=LINE('',#2564,#587);
#431=LINE('',#2566,#588);
#432=LINE('',#2571,#589);
#433=LINE('',#2573,#590);
#434=LINE('',#2575,#591);
#435=LINE('',#2576,#592);
#436=LINE('',#2579,#593);
#437=LINE('',#2581,#594);
#438=LINE('',#2582,#595);
#439=LINE('',#2585,#596);
#440=LINE('',#2586,#597);
#441=LINE('',#2589,#598);
#442=LINE('',#2590,#599);
#443=LINE('',#2592,#600);
#444=LINE('',#2597,#601);
#445=LINE('',#2599,#602);
#446=LINE('',#2601,#603);
#447=LINE('',#2602,#604);
#448=LINE('',#2605,#605);
#449=LINE('',#2607,#606);
#450=LINE('',#2608,#607);
#451=LINE('',#2611,#608);
#452=LINE('',#2612,#609);
#453=LINE('',#2615,#610);
#454=LINE('',#2616,#611);
#455=LINE('',#2618,#612);
#456=VECTOR('',#1730,10.);
#457=VECTOR('',#1733,10.);
#458=VECTOR('',#1736,10.);
#459=VECTOR('',#1737,10.);
#460=VECTOR('',#1738,10.);
#461=VECTOR('',#1741,10.);
#462=VECTOR('',#1744,10.);
#463=VECTOR('',#1749,10.);
#464=VECTOR('',#1754,10.);
#465=VECTOR('',#1755,10.);
#466=VECTOR('',#1758,10.);
#467=VECTOR('',#1759,10.);
#468=VECTOR('',#1764,10.);
#469=VECTOR('',#1767,10.);
#470=VECTOR('',#1770,10.);
#471=VECTOR('',#1771,10.);
#472=VECTOR('',#1772,10.);
#473=VECTOR('',#1775,10.);
#474=VECTOR('',#1776,10.);
#475=VECTOR('',#1777,10.);
#476=VECTOR('',#1784,10.);
#477=VECTOR('',#1787,10.);
#478=VECTOR('',#1788,10.);
#479=VECTOR('',#1789,10.);
#480=VECTOR('',#1790,10.);
#481=VECTOR('',#1795,10.);
#482=VECTOR('',#1802,10.);
#483=VECTOR('',#1807,10.);
#484=VECTOR('',#1808,10.);
#485=VECTOR('',#1809,10.);
#486=VECTOR('',#1814,10.);
#487=VECTOR('',#1817,10.);
#488=VECTOR('',#1818,10.);
#489=VECTOR('',#1819,10.);
#490=VECTOR('',#1824,10.);
#491=VECTOR('',#1825,10.);
#492=VECTOR('',#1828,10.);
#493=VECTOR('',#1829,10.);
#494=VECTOR('',#1832,10.);
#495=VECTOR('',#1833,10.);
#496=VECTOR('',#1836,10.);
#497=VECTOR('',#1837,10.);
#498=VECTOR('',#1842,10.);
#499=VECTOR('',#1847,10.);
#500=VECTOR('',#1850,10.);
#501=VECTOR('',#1851,10.);
#502=VECTOR('',#1858,10.);
#503=VECTOR('',#1859,10.);
#504=VECTOR('',#1862,10.);
#505=VECTOR('',#1863,10.);
#506=VECTOR('',#1866,10.);
#507=VECTOR('',#1871,10.);
#508=VECTOR('',#1876,10.);
#509=VECTOR('',#1877,10.);
#510=VECTOR('',#1880,10.);
#511=VECTOR('',#1895,1.);
#512=VECTOR('',#1902,10.);
#513=VECTOR('',#1905,10.);
#514=VECTOR('',#1908,10.);
#515=VECTOR('',#1913,10.);
#516=VECTOR('',#1918,10.);
#517=VECTOR('',#1919,10.);
#518=VECTOR('',#1924,10.);
#519=VECTOR('',#1929,2.);
#520=VECTOR('',#1936,2.);
#521=VECTOR('',#1943,2.);
#522=VECTOR('',#1950,2.);
#523=VECTOR('',#1957,2.);
#524=VECTOR('',#1964,2.);
#525=VECTOR('',#1971,2.);
#526=VECTOR('',#1978,2.);
#527=VECTOR('',#1985,10.);
#528=VECTOR('',#1986,10.);
#529=VECTOR('',#1987,10.);
#530=VECTOR('',#1988,10.);
#531=VECTOR('',#1991,10.);
#532=VECTOR('',#1992,10.);
#533=VECTOR('',#1993,10.);
#534=VECTOR('',#1996,10.);
#535=VECTOR('',#1997,10.);
#536=VECTOR('',#2000,10.);
#537=VECTOR('',#2001,10.);
#538=VECTOR('',#2004,10.);
#539=VECTOR('',#2009,10.);
#540=VECTOR('',#2010,10.);
#541=VECTOR('',#2011,10.);
#542=VECTOR('',#2012,10.);
#543=VECTOR('',#2015,10.);
#544=VECTOR('',#2016,10.);
#545=VECTOR('',#2017,10.);
#546=VECTOR('',#2020,10.);
#547=VECTOR('',#2021,10.);
#548=VECTOR('',#2024,10.);
#549=VECTOR('',#2025,10.);
#550=VECTOR('',#2028,10.);
#551=VECTOR('',#2033,10.);
#552=VECTOR('',#2034,10.);
#553=VECTOR('',#2035,10.);
#554=VECTOR('',#2036,10.);
#555=VECTOR('',#2039,10.);
#556=VECTOR('',#2040,10.);
#557=VECTOR('',#2041,10.);
#558=VECTOR('',#2044,10.);
#559=VECTOR('',#2045,10.);
#560=VECTOR('',#2048,10.);
#561=VECTOR('',#2049,10.);
#562=VECTOR('',#2052,10.);
#563=VECTOR('',#2057,10.);
#564=VECTOR('',#2058,10.);
#565=VECTOR('',#2059,10.);
#566=VECTOR('',#2060,10.);
#567=VECTOR('',#2063,10.);
#568=VECTOR('',#2064,10.);
#569=VECTOR('',#2065,10.);
#570=VECTOR('',#2068,10.);
#571=VECTOR('',#2069,10.);
#572=VECTOR('',#2072,10.);
#573=VECTOR('',#2073,10.);
#574=VECTOR('',#2076,10.);
#575=VECTOR('',#2081,10.);
#576=VECTOR('',#2088,10.);
#577=VECTOR('',#2091,10.);
#578=VECTOR('',#2098,10.);
#579=VECTOR('',#2101,10.);
#580=VECTOR('',#2102,10.);
#581=VECTOR('',#2105,10.);
#582=VECTOR('',#2108,10.);
#583=VECTOR('',#2111,10.);
#584=VECTOR('',#2112,10.);
#585=VECTOR('',#2117,10.);
#586=VECTOR('',#2120,10.);
#587=VECTOR('',#2121,10.);
#588=VECTOR('',#2124,10.);
#589=VECTOR('',#2129,10.);
#590=VECTOR('',#2130,10.);
#591=VECTOR('',#2131,10.);
#592=VECTOR('',#2132,10.);
#593=VECTOR('',#2135,10.);
#594=VECTOR('',#2136,10.);
#595=VECTOR('',#2137,10.);
#596=VECTOR('',#2140,10.);
#597=VECTOR('',#2141,10.);
#598=VECTOR('',#2144,10.);
#599=VECTOR('',#2145,10.);
#600=VECTOR('',#2148,10.);
#601=VECTOR('',#2153,10.);
#602=VECTOR('',#2154,10.);
#603=VECTOR('',#2155,10.);
#604=VECTOR('',#2156,10.);
#605=VECTOR('',#2159,10.);
#606=VECTOR('',#2160,10.);
#607=VECTOR('',#2161,10.);
#608=VECTOR('',#2164,10.);
#609=VECTOR('',#2165,10.);
#610=VECTOR('',#2168,10.);
#611=VECTOR('',#2169,10.);
#612=VECTOR('',#2172,10.);
#613=CIRCLE('',#1579,4.);
#614=CIRCLE('',#1580,4.);
#615=CIRCLE('',#1583,80.1250000000003);
#616=CIRCLE('',#1584,4.);
#617=CIRCLE('',#1586,4.);
#618=CIRCLE('',#1590,4.);
#619=CIRCLE('',#1591,4.);
#620=CIRCLE('',#1594,4.);
#621=CIRCLE('',#1596,4.);
#622=CIRCLE('',#1598,80.1250000000001);
#623=CIRCLE('',#1599,6.00000000000009);
#624=CIRCLE('',#1600,6.00000000000003);
#625=CIRCLE('',#1601,80.1250000000003);
#626=CIRCLE('',#1602,4.00000000000003);
#627=CIRCLE('',#1603,4.00000000000008);
#628=CIRCLE('',#1604,78.1250000000001);
#629=CIRCLE('',#1605,78.1250000000003);
#630=CIRCLE('',#1609,78.1250000000003);
#631=CIRCLE('',#1614,78.1250000000001);
#632=CIRCLE('',#1616,4.00000000000008);
#633=CIRCLE('',#1619,4.00000000000003);
#634=CIRCLE('',#1623,80.1250000000003);
#635=CIRCLE('',#1625,6.00000000000003);
#636=CIRCLE('',#1628,6.00000000000009);
#637=CIRCLE('',#1630,80.1250000000001);
#638=CIRCLE('',#1634,1.);
#639=CIRCLE('',#1635,1.);
#640=CIRCLE('',#1637,4.);
#641=CIRCLE('',#1638,4.);
#642=CIRCLE('',#1640,4.);
#643=CIRCLE('',#1641,72.1250000000004);
#644=CIRCLE('',#1642,72.1250000000007);
#645=CIRCLE('',#1645,4.);
#646=CIRCLE('',#1647,2.);
#647=CIRCLE('',#1648,2.);
#648=CIRCLE('',#1650,2.);
#649=CIRCLE('',#1651,2.);
#650=CIRCLE('',#1653,2.);
#651=CIRCLE('',#1654,2.);
#652=CIRCLE('',#1656,2.);
#653=CIRCLE('',#1657,2.);
#654=CIRCLE('',#1659,2.);
#655=CIRCLE('',#1660,2.);
#656=CIRCLE('',#1662,2.);
#657=CIRCLE('',#1663,2.);
#658=CIRCLE('',#1665,2.);
#659=CIRCLE('',#1666,2.);
#660=CIRCLE('',#1668,2.);
#661=CIRCLE('',#1669,2.);
#662=CIRCLE('',#1696,72.1250000000007);
#663=CIRCLE('',#1698,72.1250000000004);
#664=CIRCLE('',#1702,72.1250000000004);
#665=CIRCLE('',#1703,72.1250000000007);
#666=CIRCLE('',#1705,72.1250000000004);
#667=CIRCLE('',#1708,72.1250000000007);
#668=VERTEX_POINT('',#2177);
#669=VERTEX_POINT('',#2178);
#670=VERTEX_POINT('',#2180);
#671=VERTEX_POINT('',#2182);
#672=VERTEX_POINT('',#2186);
#673=VERTEX_POINT('',#2188);
#674=VERTEX_POINT('',#2192);
#675=VERTEX_POINT('',#2194);
#676=VERTEX_POINT('',#2196);
#677=VERTEX_POINT('',#2200);
#678=VERTEX_POINT('',#2204);
#679=VERTEX_POINT('',#2208);
#680=VERTEX_POINT('',#2212);
#681=VERTEX_POINT('',#2213);
#682=VERTEX_POINT('',#2215);
#683=VERTEX_POINT('',#2217);
#684=VERTEX_POINT('',#2221);
#685=VERTEX_POINT('',#2223);
#686=VERTEX_POINT('',#2227);
#687=VERTEX_POINT('',#2229);
#688=VERTEX_POINT('',#2231);
#689=VERTEX_POINT('',#2235);
#690=VERTEX_POINT('',#2239);
#691=VERTEX_POINT('',#2242);
#692=VERTEX_POINT('',#2244);
#693=VERTEX_POINT('',#2246);
#694=VERTEX_POINT('',#2248);
#695=VERTEX_POINT('',#2250);
#696=VERTEX_POINT('',#2252);
#697=VERTEX_POINT('',#2255);
#698=VERTEX_POINT('',#2256);
#699=VERTEX_POINT('',#2258);
#700=VERTEX_POINT('',#2260);
#701=VERTEX_POINT('',#2262);
#702=VERTEX_POINT('',#2264);
#703=VERTEX_POINT('',#2266);
#704=VERTEX_POINT('',#2268);
#705=VERTEX_POINT('',#2274);
#706=VERTEX_POINT('',#2276);
#707=VERTEX_POINT('',#2280);
#708=VERTEX_POINT('',#2281);
#709=VERTEX_POINT('',#2286);
#710=VERTEX_POINT('',#2290);
#711=VERTEX_POINT('',#2294);
#712=VERTEX_POINT('',#2298);
#713=VERTEX_POINT('',#2302);
#714=VERTEX_POINT('',#2306);
#715=VERTEX_POINT('',#2312);
#716=VERTEX_POINT('',#2316);
#717=VERTEX_POINT('',#2320);
#718=VERTEX_POINT('',#2324);
#719=VERTEX_POINT('',#2328);
#720=VERTEX_POINT('',#2332);
#721=VERTEX_POINT('',#2340);
#722=VERTEX_POINT('',#2342);
#723=VERTEX_POINT('',#2346);
#724=VERTEX_POINT('',#2347);
#725=VERTEX_POINT('',#2349);
#726=VERTEX_POINT('',#2351);
#727=VERTEX_POINT('',#2355);
#728=VERTEX_POINT('',#2357);
#729=VERTEX_POINT('',#2359);
#730=VERTEX_POINT('',#2361);
#731=VERTEX_POINT('',#2365);
#732=VERTEX_POINT('',#2369);
#733=VERTEX_POINT('',#2373);
#734=VERTEX_POINT('',#2375);
#735=VERTEX_POINT('',#2379);
#736=VERTEX_POINT('',#2381);
#737=VERTEX_POINT('',#2385);
#738=VERTEX_POINT('',#2387);
#739=VERTEX_POINT('',#2391);
#740=VERTEX_POINT('',#2393);
#741=VERTEX_POINT('',#2397);
#742=VERTEX_POINT('',#2399);
#743=VERTEX_POINT('',#2403);
#744=VERTEX_POINT('',#2405);
#745=VERTEX_POINT('',#2409);
#746=VERTEX_POINT('',#2411);
#747=VERTEX_POINT('',#2415);
#748=VERTEX_POINT('',#2417);
#749=VERTEX_POINT('',#2422);
#750=VERTEX_POINT('',#2423);
#751=VERTEX_POINT('',#2425);
#752=VERTEX_POINT('',#2427);
#753=VERTEX_POINT('',#2431);
#754=VERTEX_POINT('',#2433);
#755=VERTEX_POINT('',#2437);
#756=VERTEX_POINT('',#2441);
#757=VERTEX_POINT('',#2448);
#758=VERTEX_POINT('',#2449);
#759=VERTEX_POINT('',#2451);
#760=VERTEX_POINT('',#2453);
#761=VERTEX_POINT('',#2457);
#762=VERTEX_POINT('',#2458);
#763=VERTEX_POINT('',#2463);
#764=VERTEX_POINT('',#2467);
#765=VERTEX_POINT('',#2474);
#766=VERTEX_POINT('',#2475);
#767=VERTEX_POINT('',#2477);
#768=VERTEX_POINT('',#2479);
#769=VERTEX_POINT('',#2483);
#770=VERTEX_POINT('',#2484);
#771=VERTEX_POINT('',#2489);
#772=VERTEX_POINT('',#2493);
#773=VERTEX_POINT('',#2500);
#774=VERTEX_POINT('',#2501);
#775=VERTEX_POINT('',#2503);
#776=VERTEX_POINT('',#2505);
#777=VERTEX_POINT('',#2509);
#778=VERTEX_POINT('',#2510);
#779=VERTEX_POINT('',#2515);
#780=VERTEX_POINT('',#2519);
#781=VERTEX_POINT('',#2526);
#782=VERTEX_POINT('',#2530);
#783=VERTEX_POINT('',#2537);
#784=VERTEX_POINT('',#2538);
#785=VERTEX_POINT('',#2540);
#786=VERTEX_POINT('',#2542);
#787=VERTEX_POINT('',#2544);
#788=VERTEX_POINT('',#2548);
#789=VERTEX_POINT('',#2550);
#790=VERTEX_POINT('',#2554);
#791=VERTEX_POINT('',#2558);
#792=VERTEX_POINT('',#2562);
#793=VERTEX_POINT('',#2569);
#794=VERTEX_POINT('',#2570);
#795=VERTEX_POINT('',#2572);
#796=VERTEX_POINT('',#2574);
#797=VERTEX_POINT('',#2578);
#798=VERTEX_POINT('',#2580);
#799=VERTEX_POINT('',#2584);
#800=VERTEX_POINT('',#2588);
#801=VERTEX_POINT('',#2595);
#802=VERTEX_POINT('',#2596);
#803=VERTEX_POINT('',#2598);
#804=VERTEX_POINT('',#2600);
#805=VERTEX_POINT('',#2604);
#806=VERTEX_POINT('',#2606);
#807=VERTEX_POINT('',#2610);
#808=VERTEX_POINT('',#2614);
#809=EDGE_CURVE('',#668,#669,#613,.T.);
#810=EDGE_CURVE('',#669,#670,#299,.T.);
#811=EDGE_CURVE('',#670,#671,#614,.T.);
#812=EDGE_CURVE('',#671,#668,#300,.T.);
#813=EDGE_CURVE('',#672,#669,#301,.T.);
#814=EDGE_CURVE('',#673,#672,#302,.T.);
#815=EDGE_CURVE('',#670,#673,#303,.T.);
#816=EDGE_CURVE('',#668,#674,#304,.T.);
#817=EDGE_CURVE('',#675,#674,#615,.T.);
#818=EDGE_CURVE('',#675,#676,#305,.T.);
#819=EDGE_CURVE('',#672,#676,#616,.T.);
#820=EDGE_CURVE('',#676,#677,#306,.T.);
#821=EDGE_CURVE('',#677,#673,#617,.T.);
#822=EDGE_CURVE('',#675,#678,#307,.T.);
#823=EDGE_CURVE('',#678,#677,#308,.T.);
#824=EDGE_CURVE('',#671,#679,#309,.T.);
#825=EDGE_CURVE('',#674,#679,#310,.T.);
#826=EDGE_CURVE('',#680,#681,#618,.T.);
#827=EDGE_CURVE('',#681,#682,#311,.T.);
#828=EDGE_CURVE('',#682,#683,#619,.T.);
#829=EDGE_CURVE('',#683,#680,#312,.T.);
#830=EDGE_CURVE('',#681,#684,#313,.T.);
#831=EDGE_CURVE('',#685,#684,#314,.T.);
#832=EDGE_CURVE('',#685,#682,#315,.T.);
#833=EDGE_CURVE('',#686,#680,#316,.T.);
#834=EDGE_CURVE('',#687,#686,#317,.T.);
#835=EDGE_CURVE('',#687,#688,#318,.T.);
#836=EDGE_CURVE('',#684,#688,#620,.T.);
#837=EDGE_CURVE('',#689,#685,#621,.T.);
#838=EDGE_CURVE('',#688,#689,#319,.T.);
#839=EDGE_CURVE('',#678,#690,#320,.T.);
#840=EDGE_CURVE('',#690,#683,#321,.T.);
#841=EDGE_CURVE('',#691,#689,#322,.T.);
#842=EDGE_CURVE('',#691,#692,#323,.T.);
#843=EDGE_CURVE('',#692,#693,#622,.T.);
#844=EDGE_CURVE('',#693,#694,#623,.T.);
#845=EDGE_CURVE('',#694,#695,#324,.T.);
#846=EDGE_CURVE('',#695,#696,#624,.T.);
#847=EDGE_CURVE('',#696,#679,#625,.T.);
#848=EDGE_CURVE('',#697,#698,#626,.T.);
#849=EDGE_CURVE('',#698,#699,#325,.T.);
#850=EDGE_CURVE('',#699,#700,#627,.T.);
#851=EDGE_CURVE('',#700,#701,#628,.T.);
#852=EDGE_CURVE('',#701,#702,#326,.T.);
#853=EDGE_CURVE('',#702,#703,#327,.T.);
#854=EDGE_CURVE('',#703,#704,#328,.T.);
#855=EDGE_CURVE('',#704,#697,#629,.T.);
#856=EDGE_CURVE('',#691,#687,#329,.T.);
#857=EDGE_CURVE('',#705,#686,#330,.T.);
#858=EDGE_CURVE('',#706,#705,#331,.T.);
#859=EDGE_CURVE('',#692,#706,#332,.T.);
#860=EDGE_CURVE('',#707,#708,#630,.T.);
#861=EDGE_CURVE('',#707,#697,#333,.T.);
#862=EDGE_CURVE('',#708,#704,#334,.T.);
#863=EDGE_CURVE('',#708,#709,#335,.T.);
#864=EDGE_CURVE('',#709,#703,#336,.T.);
#865=EDGE_CURVE('',#709,#710,#337,.T.);
#866=EDGE_CURVE('',#710,#702,#338,.T.);
#867=EDGE_CURVE('',#710,#711,#339,.T.);
#868=EDGE_CURVE('',#711,#701,#340,.T.);
#869=EDGE_CURVE('',#711,#712,#631,.T.);
#870=EDGE_CURVE('',#712,#700,#341,.T.);
#871=EDGE_CURVE('',#712,#713,#632,.T.);
#872=EDGE_CURVE('',#713,#699,#342,.T.);
#873=EDGE_CURVE('',#713,#714,#343,.T.);
#874=EDGE_CURVE('',#714,#698,#344,.T.);
#875=EDGE_CURVE('',#714,#707,#633,.T.);
#876=EDGE_CURVE('',#715,#690,#345,.T.);
#877=EDGE_CURVE('',#705,#715,#346,.T.);
#878=EDGE_CURVE('',#716,#675,#347,.T.);
#879=EDGE_CURVE('',#715,#716,#348,.T.);
#880=EDGE_CURVE('',#717,#696,#349,.T.);
#881=EDGE_CURVE('',#716,#717,#634,.T.);
#882=EDGE_CURVE('',#718,#695,#350,.T.);
#883=EDGE_CURVE('',#717,#718,#635,.T.);
#884=EDGE_CURVE('',#719,#694,#351,.T.);
#885=EDGE_CURVE('',#718,#719,#352,.T.);
#886=EDGE_CURVE('',#720,#693,#353,.T.);
#887=EDGE_CURVE('',#719,#720,#636,.T.);
#888=EDGE_CURVE('',#720,#706,#637,.T.);
#889=EDGE_CURVE('',#721,#721,#638,.T.);
#890=EDGE_CURVE('',#721,#722,#354,.T.);
#891=EDGE_CURVE('',#722,#722,#639,.T.);
#892=EDGE_CURVE('',#723,#724,#640,.T.);
#893=EDGE_CURVE('',#724,#725,#355,.T.);
#894=EDGE_CURVE('',#725,#726,#641,.T.);
#895=EDGE_CURVE('',#726,#723,#356,.T.);
#896=EDGE_CURVE('',#727,#725,#357,.T.);
#897=EDGE_CURVE('',#728,#727,#642,.T.);
#898=EDGE_CURVE('',#729,#728,#643,.T.);
#899=EDGE_CURVE('',#730,#729,#358,.T.);
#900=EDGE_CURVE('',#726,#730,#644,.T.);
#901=EDGE_CURVE('',#731,#724,#359,.T.);
#902=EDGE_CURVE('',#727,#731,#360,.T.);
#903=EDGE_CURVE('',#731,#732,#645,.T.);
#904=EDGE_CURVE('',#732,#728,#361,.T.);
#905=EDGE_CURVE('',#733,#733,#646,.T.);
#906=EDGE_CURVE('',#733,#734,#362,.T.);
#907=EDGE_CURVE('',#734,#734,#647,.T.);
#908=EDGE_CURVE('',#735,#735,#648,.T.);
#909=EDGE_CURVE('',#735,#736,#363,.T.);
#910=EDGE_CURVE('',#736,#736,#649,.T.);
#911=EDGE_CURVE('',#737,#737,#650,.T.);
#912=EDGE_CURVE('',#737,#738,#364,.T.);
#913=EDGE_CURVE('',#738,#738,#651,.T.);
#914=EDGE_CURVE('',#739,#739,#652,.T.);
#915=EDGE_CURVE('',#739,#740,#365,.T.);
#916=EDGE_CURVE('',#740,#740,#653,.T.);
#917=EDGE_CURVE('',#741,#741,#654,.T.);
#918=EDGE_CURVE('',#741,#742,#366,.T.);
#919=EDGE_CURVE('',#742,#742,#655,.T.);
#920=EDGE_CURVE('',#743,#743,#656,.T.);
#921=EDGE_CURVE('',#743,#744,#367,.T.);
#922=EDGE_CURVE('',#744,#744,#657,.T.);
#923=EDGE_CURVE('',#745,#745,#658,.T.);
#924=EDGE_CURVE('',#745,#746,#368,.T.);
#925=EDGE_CURVE('',#746,#746,#659,.T.);
#926=EDGE_CURVE('',#747,#747,#660,.T.);
#927=EDGE_CURVE('',#747,#748,#369,.T.);
#928=EDGE_CURVE('',#748,#748,#661,.T.);
#929=EDGE_CURVE('',#749,#750,#370,.T.);
#930=EDGE_CURVE('',#751,#749,#371,.T.);
#931=EDGE_CURVE('',#752,#751,#372,.T.);
#932=EDGE_CURVE('',#750,#752,#373,.T.);
#933=EDGE_CURVE('',#750,#753,#374,.T.);
#934=EDGE_CURVE('',#754,#753,#375,.T.);
#935=EDGE_CURVE('',#749,#754,#376,.T.);
#936=EDGE_CURVE('',#755,#754,#377,.T.);
#937=EDGE_CURVE('',#751,#755,#378,.T.);
#938=EDGE_CURVE('',#756,#755,#379,.T.);
#939=EDGE_CURVE('',#752,#756,#380,.T.);
#940=EDGE_CURVE('',#753,#756,#381,.T.);
#941=EDGE_CURVE('',#757,#758,#382,.T.);
#942=EDGE_CURVE('',#758,#759,#383,.T.);
#943=EDGE_CURVE('',#759,#760,#384,.T.);
#944=EDGE_CURVE('',#760,#757,#385,.T.);
#945=EDGE_CURVE('',#761,#762,#386,.T.);
#946=EDGE_CURVE('',#762,#758,#387,.T.);
#947=EDGE_CURVE('',#761,#757,#388,.T.);
#948=EDGE_CURVE('',#762,#763,#389,.T.);
#949=EDGE_CURVE('',#763,#759,#390,.T.);
#950=EDGE_CURVE('',#763,#764,#391,.T.);
#951=EDGE_CURVE('',#764,#760,#392,.T.);
#952=EDGE_CURVE('',#764,#761,#393,.T.);
#953=EDGE_CURVE('',#765,#766,#394,.T.);
#954=EDGE_CURVE('',#766,#767,#395,.T.);
#955=EDGE_CURVE('',#767,#768,#396,.T.);
#956=EDGE_CURVE('',#768,#765,#397,.T.);
#957=EDGE_CURVE('',#769,#770,#398,.T.);
#958=EDGE_CURVE('',#770,#766,#399,.T.);
#959=EDGE_CURVE('',#769,#765,#400,.T.);
#960=EDGE_CURVE('',#770,#771,#401,.T.);
#961=EDGE_CURVE('',#771,#767,#402,.T.);
#962=EDGE_CURVE('',#771,#772,#403,.T.);
#963=EDGE_CURVE('',#772,#768,#404,.T.);
#964=EDGE_CURVE('',#772,#769,#405,.T.);
#965=EDGE_CURVE('',#773,#774,#406,.T.);
#966=EDGE_CURVE('',#774,#775,#407,.T.);
#967=EDGE_CURVE('',#775,#776,#408,.T.);
#968=EDGE_CURVE('',#776,#773,#409,.T.);
#969=EDGE_CURVE('',#777,#778,#410,.T.);
#970=EDGE_CURVE('',#778,#774,#411,.T.);
#971=EDGE_CURVE('',#777,#773,#412,.T.);
#972=EDGE_CURVE('',#778,#779,#413,.T.);
#973=EDGE_CURVE('',#779,#775,#414,.T.);
#974=EDGE_CURVE('',#779,#780,#415,.T.);
#975=EDGE_CURVE('',#780,#776,#416,.T.);
#976=EDGE_CURVE('',#780,#777,#417,.T.);
#977=EDGE_CURVE('',#730,#781,#418,.T.);
#978=EDGE_CURVE('',#723,#781,#662,.T.);
#979=EDGE_CURVE('',#782,#732,#663,.T.);
#980=EDGE_CURVE('',#729,#782,#419,.T.);
#981=EDGE_CURVE('',#781,#782,#420,.T.);
#982=EDGE_CURVE('',#783,#784,#664,.T.);
#983=EDGE_CURVE('',#785,#783,#421,.T.);
#984=EDGE_CURVE('',#786,#785,#665,.T.);
#985=EDGE_CURVE('',#787,#786,#422,.T.);
#986=EDGE_CURVE('',#784,#787,#423,.T.);
#987=EDGE_CURVE('',#784,#788,#424,.T.);
#988=EDGE_CURVE('',#789,#788,#666,.T.);
#989=EDGE_CURVE('',#783,#789,#425,.T.);
#990=EDGE_CURVE('',#790,#789,#426,.T.);
#991=EDGE_CURVE('',#785,#790,#427,.T.);
#992=EDGE_CURVE('',#791,#790,#667,.T.);
#993=EDGE_CURVE('',#786,#791,#428,.T.);
#994=EDGE_CURVE('',#792,#791,#429,.T.);
#995=EDGE_CURVE('',#787,#792,#430,.T.);
#996=EDGE_CURVE('',#788,#792,#431,.T.);
#997=EDGE_CURVE('',#793,#794,#432,.T.);
#998=EDGE_CURVE('',#795,#793,#433,.T.);
#999=EDGE_CURVE('',#796,#795,#434,.T.);
#1000=EDGE_CURVE('',#794,#796,#435,.T.);
#1001=EDGE_CURVE('',#794,#797,#436,.T.);
#1002=EDGE_CURVE('',#798,#797,#437,.T.);
#1003=EDGE_CURVE('',#793,#798,#438,.T.);
#1004=EDGE_CURVE('',#799,#798,#439,.T.);
#1005=EDGE_CURVE('',#795,#799,#440,.T.);
#1006=EDGE_CURVE('',#800,#799,#441,.T.);
#1007=EDGE_CURVE('',#796,#800,#442,.T.);
#1008=EDGE_CURVE('',#797,#800,#443,.T.);
#1009=EDGE_CURVE('',#801,#802,#444,.T.);
#1010=EDGE_CURVE('',#803,#801,#445,.T.);
#1011=EDGE_CURVE('',#804,#803,#446,.T.);
#1012=EDGE_CURVE('',#802,#804,#447,.T.);
#1013=EDGE_CURVE('',#802,#805,#448,.T.);
#1014=EDGE_CURVE('',#806,#805,#449,.T.);
#1015=EDGE_CURVE('',#801,#806,#450,.T.);
#1016=EDGE_CURVE('',#807,#806,#451,.T.);
#1017=EDGE_CURVE('',#803,#807,#452,.T.);
#1018=EDGE_CURVE('',#808,#807,#453,.T.);
#1019=EDGE_CURVE('',#804,#808,#454,.T.);
#1020=EDGE_CURVE('',#805,#808,#455,.T.);
#1021=ORIENTED_EDGE('',*,*,#809,.T.);
#1022=ORIENTED_EDGE('',*,*,#810,.T.);
#1023=ORIENTED_EDGE('',*,*,#811,.T.);
#1024=ORIENTED_EDGE('',*,*,#812,.T.);
#1025=ORIENTED_EDGE('',*,*,#810,.F.);
#1026=ORIENTED_EDGE('',*,*,#813,.F.);
#1027=ORIENTED_EDGE('',*,*,#814,.F.);
#1028=ORIENTED_EDGE('',*,*,#815,.F.);
#1029=ORIENTED_EDGE('',*,*,#809,.F.);
#1030=ORIENTED_EDGE('',*,*,#816,.T.);
#1031=ORIENTED_EDGE('',*,*,#817,.F.);
#1032=ORIENTED_EDGE('',*,*,#818,.T.);
#1033=ORIENTED_EDGE('',*,*,#819,.F.);
#1034=ORIENTED_EDGE('',*,*,#813,.T.);
#1035=ORIENTED_EDGE('',*,*,#819,.T.);
#1036=ORIENTED_EDGE('',*,*,#820,.T.);
#1037=ORIENTED_EDGE('',*,*,#821,.T.);
#1038=ORIENTED_EDGE('',*,*,#814,.T.);
#1039=ORIENTED_EDGE('',*,*,#820,.F.);
#1040=ORIENTED_EDGE('',*,*,#818,.F.);
#1041=ORIENTED_EDGE('',*,*,#822,.T.);
#1042=ORIENTED_EDGE('',*,*,#823,.T.);
#1043=ORIENTED_EDGE('',*,*,#812,.F.);
#1044=ORIENTED_EDGE('',*,*,#824,.T.);
#1045=ORIENTED_EDGE('',*,*,#825,.F.);
#1046=ORIENTED_EDGE('',*,*,#816,.F.);
#1047=ORIENTED_EDGE('',*,*,#826,.T.);
#1048=ORIENTED_EDGE('',*,*,#827,.T.);
#1049=ORIENTED_EDGE('',*,*,#828,.T.);
#1050=ORIENTED_EDGE('',*,*,#829,.T.);
#1051=ORIENTED_EDGE('',*,*,#827,.F.);
#1052=ORIENTED_EDGE('',*,*,#830,.T.);
#1053=ORIENTED_EDGE('',*,*,#831,.F.);
#1054=ORIENTED_EDGE('',*,*,#832,.T.);
#1055=ORIENTED_EDGE('',*,*,#826,.F.);
#1056=ORIENTED_EDGE('',*,*,#833,.F.);
#1057=ORIENTED_EDGE('',*,*,#834,.F.);
#1058=ORIENTED_EDGE('',*,*,#835,.T.);
#1059=ORIENTED_EDGE('',*,*,#836,.F.);
#1060=ORIENTED_EDGE('',*,*,#830,.F.);
#1061=ORIENTED_EDGE('',*,*,#837,.T.);
#1062=ORIENTED_EDGE('',*,*,#831,.T.);
#1063=ORIENTED_EDGE('',*,*,#836,.T.);
#1064=ORIENTED_EDGE('',*,*,#838,.T.);
#1065=ORIENTED_EDGE('',*,*,#811,.F.);
#1066=ORIENTED_EDGE('',*,*,#815,.T.);
#1067=ORIENTED_EDGE('',*,*,#821,.F.);
#1068=ORIENTED_EDGE('',*,*,#823,.F.);
#1069=ORIENTED_EDGE('',*,*,#839,.T.);
#1070=ORIENTED_EDGE('',*,*,#840,.T.);
#1071=ORIENTED_EDGE('',*,*,#828,.F.);
#1072=ORIENTED_EDGE('',*,*,#832,.F.);
#1073=ORIENTED_EDGE('',*,*,#837,.F.);
#1074=ORIENTED_EDGE('',*,*,#841,.F.);
#1075=ORIENTED_EDGE('',*,*,#842,.T.);
#1076=ORIENTED_EDGE('',*,*,#843,.T.);
#1077=ORIENTED_EDGE('',*,*,#844,.T.);
#1078=ORIENTED_EDGE('',*,*,#845,.T.);
#1079=ORIENTED_EDGE('',*,*,#846,.T.);
#1080=ORIENTED_EDGE('',*,*,#847,.T.);
#1081=ORIENTED_EDGE('',*,*,#824,.F.);
#1082=ORIENTED_EDGE('',*,*,#848,.T.);
#1083=ORIENTED_EDGE('',*,*,#849,.T.);
#1084=ORIENTED_EDGE('',*,*,#850,.T.);
#1085=ORIENTED_EDGE('',*,*,#851,.T.);
#1086=ORIENTED_EDGE('',*,*,#852,.T.);
#1087=ORIENTED_EDGE('',*,*,#853,.T.);
#1088=ORIENTED_EDGE('',*,*,#854,.T.);
#1089=ORIENTED_EDGE('',*,*,#855,.T.);
#1090=ORIENTED_EDGE('',*,*,#838,.F.);
#1091=ORIENTED_EDGE('',*,*,#835,.F.);
#1092=ORIENTED_EDGE('',*,*,#856,.F.);
#1093=ORIENTED_EDGE('',*,*,#841,.T.);
#1094=ORIENTED_EDGE('',*,*,#856,.T.);
#1095=ORIENTED_EDGE('',*,*,#834,.T.);
#1096=ORIENTED_EDGE('',*,*,#857,.F.);
#1097=ORIENTED_EDGE('',*,*,#858,.F.);
#1098=ORIENTED_EDGE('',*,*,#859,.F.);
#1099=ORIENTED_EDGE('',*,*,#842,.F.);
#1100=ORIENTED_EDGE('',*,*,#860,.F.);
#1101=ORIENTED_EDGE('',*,*,#861,.T.);
#1102=ORIENTED_EDGE('',*,*,#855,.F.);
#1103=ORIENTED_EDGE('',*,*,#862,.F.);
#1104=ORIENTED_EDGE('',*,*,#863,.F.);
#1105=ORIENTED_EDGE('',*,*,#862,.T.);
#1106=ORIENTED_EDGE('',*,*,#854,.F.);
#1107=ORIENTED_EDGE('',*,*,#864,.F.);
#1108=ORIENTED_EDGE('',*,*,#865,.F.);
#1109=ORIENTED_EDGE('',*,*,#864,.T.);
#1110=ORIENTED_EDGE('',*,*,#853,.F.);
#1111=ORIENTED_EDGE('',*,*,#866,.F.);
#1112=ORIENTED_EDGE('',*,*,#867,.F.);
#1113=ORIENTED_EDGE('',*,*,#866,.T.);
#1114=ORIENTED_EDGE('',*,*,#852,.F.);
#1115=ORIENTED_EDGE('',*,*,#868,.F.);
#1116=ORIENTED_EDGE('',*,*,#869,.F.);
#1117=ORIENTED_EDGE('',*,*,#868,.T.);
#1118=ORIENTED_EDGE('',*,*,#851,.F.);
#1119=ORIENTED_EDGE('',*,*,#870,.F.);
#1120=ORIENTED_EDGE('',*,*,#871,.F.);
#1121=ORIENTED_EDGE('',*,*,#870,.T.);
#1122=ORIENTED_EDGE('',*,*,#850,.F.);
#1123=ORIENTED_EDGE('',*,*,#872,.F.);
#1124=ORIENTED_EDGE('',*,*,#873,.F.);
#1125=ORIENTED_EDGE('',*,*,#872,.T.);
#1126=ORIENTED_EDGE('',*,*,#849,.F.);
#1127=ORIENTED_EDGE('',*,*,#874,.F.);
#1128=ORIENTED_EDGE('',*,*,#875,.F.);
#1129=ORIENTED_EDGE('',*,*,#874,.T.);
#1130=ORIENTED_EDGE('',*,*,#848,.F.);
#1131=ORIENTED_EDGE('',*,*,#861,.F.);
#1132=ORIENTED_EDGE('',*,*,#829,.F.);
#1133=ORIENTED_EDGE('',*,*,#840,.F.);
#1134=ORIENTED_EDGE('',*,*,#876,.F.);
#1135=ORIENTED_EDGE('',*,*,#877,.F.);
#1136=ORIENTED_EDGE('',*,*,#857,.T.);
#1137=ORIENTED_EDGE('',*,*,#833,.T.);
#1138=ORIENTED_EDGE('',*,*,#876,.T.);
#1139=ORIENTED_EDGE('',*,*,#839,.F.);
#1140=ORIENTED_EDGE('',*,*,#822,.F.);
#1141=ORIENTED_EDGE('',*,*,#878,.F.);
#1142=ORIENTED_EDGE('',*,*,#879,.F.);
#1143=ORIENTED_EDGE('',*,*,#825,.T.);
#1144=ORIENTED_EDGE('',*,*,#847,.F.);
#1145=ORIENTED_EDGE('',*,*,#880,.F.);
#1146=ORIENTED_EDGE('',*,*,#881,.F.);
#1147=ORIENTED_EDGE('',*,*,#878,.T.);
#1148=ORIENTED_EDGE('',*,*,#817,.T.);
#1149=ORIENTED_EDGE('',*,*,#880,.T.);
#1150=ORIENTED_EDGE('',*,*,#846,.F.);
#1151=ORIENTED_EDGE('',*,*,#882,.F.);
#1152=ORIENTED_EDGE('',*,*,#883,.F.);
#1153=ORIENTED_EDGE('',*,*,#882,.T.);
#1154=ORIENTED_EDGE('',*,*,#845,.F.);
#1155=ORIENTED_EDGE('',*,*,#884,.F.);
#1156=ORIENTED_EDGE('',*,*,#885,.F.);
#1157=ORIENTED_EDGE('',*,*,#884,.T.);
#1158=ORIENTED_EDGE('',*,*,#844,.F.);
#1159=ORIENTED_EDGE('',*,*,#886,.F.);
#1160=ORIENTED_EDGE('',*,*,#887,.F.);
#1161=ORIENTED_EDGE('',*,*,#886,.T.);
#1162=ORIENTED_EDGE('',*,*,#843,.F.);
#1163=ORIENTED_EDGE('',*,*,#859,.T.);
#1164=ORIENTED_EDGE('',*,*,#888,.F.);
#1165=ORIENTED_EDGE('',*,*,#888,.T.);
#1166=ORIENTED_EDGE('',*,*,#858,.T.);
#1167=ORIENTED_EDGE('',*,*,#877,.T.);
#1168=ORIENTED_EDGE('',*,*,#879,.T.);
#1169=ORIENTED_EDGE('',*,*,#881,.T.);
#1170=ORIENTED_EDGE('',*,*,#883,.T.);
#1171=ORIENTED_EDGE('',*,*,#885,.T.);
#1172=ORIENTED_EDGE('',*,*,#887,.T.);
#1173=ORIENTED_EDGE('',*,*,#860,.T.);
#1174=ORIENTED_EDGE('',*,*,#863,.T.);
#1175=ORIENTED_EDGE('',*,*,#865,.T.);
#1176=ORIENTED_EDGE('',*,*,#867,.T.);
#1177=ORIENTED_EDGE('',*,*,#869,.T.);
#1178=ORIENTED_EDGE('',*,*,#871,.T.);
#1179=ORIENTED_EDGE('',*,*,#873,.T.);
#1180=ORIENTED_EDGE('',*,*,#875,.T.);
#1181=ORIENTED_EDGE('',*,*,#889,.F.);
#1182=ORIENTED_EDGE('',*,*,#890,.T.);
#1183=ORIENTED_EDGE('',*,*,#891,.F.);
#1184=ORIENTED_EDGE('',*,*,#890,.F.);
#1185=ORIENTED_EDGE('',*,*,#892,.T.);
#1186=ORIENTED_EDGE('',*,*,#893,.T.);
#1187=ORIENTED_EDGE('',*,*,#894,.T.);
#1188=ORIENTED_EDGE('',*,*,#895,.T.);
#1189=ORIENTED_EDGE('',*,*,#894,.F.);
#1190=ORIENTED_EDGE('',*,*,#896,.F.);
#1191=ORIENTED_EDGE('',*,*,#897,.F.);
#1192=ORIENTED_EDGE('',*,*,#898,.F.);
#1193=ORIENTED_EDGE('',*,*,#899,.F.);
#1194=ORIENTED_EDGE('',*,*,#900,.F.);
#1195=ORIENTED_EDGE('',*,*,#893,.F.);
#1196=ORIENTED_EDGE('',*,*,#901,.F.);
#1197=ORIENTED_EDGE('',*,*,#902,.F.);
#1198=ORIENTED_EDGE('',*,*,#896,.T.);
#1199=ORIENTED_EDGE('',*,*,#891,.T.);
#1200=ORIENTED_EDGE('',*,*,#903,.T.);
#1201=ORIENTED_EDGE('',*,*,#904,.T.);
#1202=ORIENTED_EDGE('',*,*,#897,.T.);
#1203=ORIENTED_EDGE('',*,*,#902,.T.);
#1204=ORIENTED_EDGE('',*,*,#905,.T.);
#1205=ORIENTED_EDGE('',*,*,#906,.T.);
#1206=ORIENTED_EDGE('',*,*,#907,.T.);
#1207=ORIENTED_EDGE('',*,*,#906,.F.);
#1208=ORIENTED_EDGE('',*,*,#908,.T.);
#1209=ORIENTED_EDGE('',*,*,#909,.T.);
#1210=ORIENTED_EDGE('',*,*,#910,.T.);
#1211=ORIENTED_EDGE('',*,*,#909,.F.);
#1212=ORIENTED_EDGE('',*,*,#911,.T.);
#1213=ORIENTED_EDGE('',*,*,#912,.T.);
#1214=ORIENTED_EDGE('',*,*,#913,.T.);
#1215=ORIENTED_EDGE('',*,*,#912,.F.);
#1216=ORIENTED_EDGE('',*,*,#914,.T.);
#1217=ORIENTED_EDGE('',*,*,#915,.T.);
#1218=ORIENTED_EDGE('',*,*,#916,.T.);
#1219=ORIENTED_EDGE('',*,*,#915,.F.);
#1220=ORIENTED_EDGE('',*,*,#917,.T.);
#1221=ORIENTED_EDGE('',*,*,#918,.T.);
#1222=ORIENTED_EDGE('',*,*,#919,.T.);
#1223=ORIENTED_EDGE('',*,*,#918,.F.);
#1224=ORIENTED_EDGE('',*,*,#920,.T.);
#1225=ORIENTED_EDGE('',*,*,#921,.T.);
#1226=ORIENTED_EDGE('',*,*,#922,.F.);
#1227=ORIENTED_EDGE('',*,*,#921,.F.);
#1228=ORIENTED_EDGE('',*,*,#923,.T.);
#1229=ORIENTED_EDGE('',*,*,#924,.T.);
#1230=ORIENTED_EDGE('',*,*,#925,.T.);
#1231=ORIENTED_EDGE('',*,*,#924,.F.);
#1232=ORIENTED_EDGE('',*,*,#926,.T.);
#1233=ORIENTED_EDGE('',*,*,#927,.T.);
#1234=ORIENTED_EDGE('',*,*,#928,.T.);
#1235=ORIENTED_EDGE('',*,*,#927,.F.);
#1236=ORIENTED_EDGE('',*,*,#922,.T.);
#1237=ORIENTED_EDGE('',*,*,#889,.T.);
#1238=ORIENTED_EDGE('',*,*,#929,.F.);
#1239=ORIENTED_EDGE('',*,*,#930,.F.);
#1240=ORIENTED_EDGE('',*,*,#931,.F.);
#1241=ORIENTED_EDGE('',*,*,#932,.F.);
#1242=ORIENTED_EDGE('',*,*,#929,.T.);
#1243=ORIENTED_EDGE('',*,*,#933,.T.);
#1244=ORIENTED_EDGE('',*,*,#934,.F.);
#1245=ORIENTED_EDGE('',*,*,#935,.F.);
#1246=ORIENTED_EDGE('',*,*,#930,.T.);
#1247=ORIENTED_EDGE('',*,*,#935,.T.);
#1248=ORIENTED_EDGE('',*,*,#936,.F.);
#1249=ORIENTED_EDGE('',*,*,#937,.F.);
#1250=ORIENTED_EDGE('',*,*,#908,.F.);
#1251=ORIENTED_EDGE('',*,*,#931,.T.);
#1252=ORIENTED_EDGE('',*,*,#937,.T.);
#1253=ORIENTED_EDGE('',*,*,#938,.F.);
#1254=ORIENTED_EDGE('',*,*,#939,.F.);
#1255=ORIENTED_EDGE('',*,*,#932,.T.);
#1256=ORIENTED_EDGE('',*,*,#939,.T.);
#1257=ORIENTED_EDGE('',*,*,#940,.F.);
#1258=ORIENTED_EDGE('',*,*,#933,.F.);
#1259=ORIENTED_EDGE('',*,*,#907,.F.);
#1260=ORIENTED_EDGE('',*,*,#940,.T.);
#1261=ORIENTED_EDGE('',*,*,#938,.T.);
#1262=ORIENTED_EDGE('',*,*,#936,.T.);
#1263=ORIENTED_EDGE('',*,*,#934,.T.);
#1264=ORIENTED_EDGE('',*,*,#941,.T.);
#1265=ORIENTED_EDGE('',*,*,#942,.T.);
#1266=ORIENTED_EDGE('',*,*,#943,.T.);
#1267=ORIENTED_EDGE('',*,*,#944,.T.);
#1268=ORIENTED_EDGE('',*,*,#945,.T.);
#1269=ORIENTED_EDGE('',*,*,#946,.T.);
#1270=ORIENTED_EDGE('',*,*,#941,.F.);
#1271=ORIENTED_EDGE('',*,*,#947,.F.);
#1272=ORIENTED_EDGE('',*,*,#914,.F.);
#1273=ORIENTED_EDGE('',*,*,#948,.T.);
#1274=ORIENTED_EDGE('',*,*,#949,.T.);
#1275=ORIENTED_EDGE('',*,*,#942,.F.);
#1276=ORIENTED_EDGE('',*,*,#946,.F.);
#1277=ORIENTED_EDGE('',*,*,#950,.T.);
#1278=ORIENTED_EDGE('',*,*,#951,.T.);
#1279=ORIENTED_EDGE('',*,*,#943,.F.);
#1280=ORIENTED_EDGE('',*,*,#949,.F.);
#1281=ORIENTED_EDGE('',*,*,#913,.F.);
#1282=ORIENTED_EDGE('',*,*,#952,.T.);
#1283=ORIENTED_EDGE('',*,*,#947,.T.);
#1284=ORIENTED_EDGE('',*,*,#944,.F.);
#1285=ORIENTED_EDGE('',*,*,#951,.F.);
#1286=ORIENTED_EDGE('',*,*,#952,.F.);
#1287=ORIENTED_EDGE('',*,*,#950,.F.);
#1288=ORIENTED_EDGE('',*,*,#948,.F.);
#1289=ORIENTED_EDGE('',*,*,#945,.F.);
#1290=ORIENTED_EDGE('',*,*,#953,.T.);
#1291=ORIENTED_EDGE('',*,*,#954,.T.);
#1292=ORIENTED_EDGE('',*,*,#955,.T.);
#1293=ORIENTED_EDGE('',*,*,#956,.T.);
#1294=ORIENTED_EDGE('',*,*,#957,.T.);
#1295=ORIENTED_EDGE('',*,*,#958,.T.);
#1296=ORIENTED_EDGE('',*,*,#953,.F.);
#1297=ORIENTED_EDGE('',*,*,#959,.F.);
#1298=ORIENTED_EDGE('',*,*,#919,.F.);
#1299=ORIENTED_EDGE('',*,*,#960,.T.);
#1300=ORIENTED_EDGE('',*,*,#961,.T.);
#1301=ORIENTED_EDGE('',*,*,#954,.F.);
#1302=ORIENTED_EDGE('',*,*,#958,.F.);
#1303=ORIENTED_EDGE('',*,*,#962,.T.);
#1304=ORIENTED_EDGE('',*,*,#963,.T.);
#1305=ORIENTED_EDGE('',*,*,#955,.F.);
#1306=ORIENTED_EDGE('',*,*,#961,.F.);
#1307=ORIENTED_EDGE('',*,*,#905,.F.);
#1308=ORIENTED_EDGE('',*,*,#964,.T.);
#1309=ORIENTED_EDGE('',*,*,#959,.T.);
#1310=ORIENTED_EDGE('',*,*,#956,.F.);
#1311=ORIENTED_EDGE('',*,*,#963,.F.);
#1312=ORIENTED_EDGE('',*,*,#964,.F.);
#1313=ORIENTED_EDGE('',*,*,#962,.F.);
#1314=ORIENTED_EDGE('',*,*,#960,.F.);
#1315=ORIENTED_EDGE('',*,*,#957,.F.);
#1316=ORIENTED_EDGE('',*,*,#965,.T.);
#1317=ORIENTED_EDGE('',*,*,#966,.T.);
#1318=ORIENTED_EDGE('',*,*,#967,.T.);
#1319=ORIENTED_EDGE('',*,*,#968,.T.);
#1320=ORIENTED_EDGE('',*,*,#969,.T.);
#1321=ORIENTED_EDGE('',*,*,#970,.T.);
#1322=ORIENTED_EDGE('',*,*,#965,.F.);
#1323=ORIENTED_EDGE('',*,*,#971,.F.);
#1324=ORIENTED_EDGE('',*,*,#972,.T.);
#1325=ORIENTED_EDGE('',*,*,#973,.T.);
#1326=ORIENTED_EDGE('',*,*,#966,.F.);
#1327=ORIENTED_EDGE('',*,*,#970,.F.);
#1328=ORIENTED_EDGE('',*,*,#920,.F.);
#1329=ORIENTED_EDGE('',*,*,#974,.T.);
#1330=ORIENTED_EDGE('',*,*,#975,.T.);
#1331=ORIENTED_EDGE('',*,*,#967,.F.);
#1332=ORIENTED_EDGE('',*,*,#973,.F.);
#1333=ORIENTED_EDGE('',*,*,#976,.T.);
#1334=ORIENTED_EDGE('',*,*,#971,.T.);
#1335=ORIENTED_EDGE('',*,*,#968,.F.);
#1336=ORIENTED_EDGE('',*,*,#975,.F.);
#1337=ORIENTED_EDGE('',*,*,#916,.F.);
#1338=ORIENTED_EDGE('',*,*,#976,.F.);
#1339=ORIENTED_EDGE('',*,*,#974,.F.);
#1340=ORIENTED_EDGE('',*,*,#972,.F.);
#1341=ORIENTED_EDGE('',*,*,#969,.F.);
#1342=ORIENTED_EDGE('',*,*,#895,.F.);
#1343=ORIENTED_EDGE('',*,*,#900,.T.);
#1344=ORIENTED_EDGE('',*,*,#977,.T.);
#1345=ORIENTED_EDGE('',*,*,#978,.F.);
#1346=ORIENTED_EDGE('',*,*,#904,.F.);
#1347=ORIENTED_EDGE('',*,*,#979,.F.);
#1348=ORIENTED_EDGE('',*,*,#980,.F.);
#1349=ORIENTED_EDGE('',*,*,#898,.T.);
#1350=ORIENTED_EDGE('',*,*,#899,.T.);
#1351=ORIENTED_EDGE('',*,*,#980,.T.);
#1352=ORIENTED_EDGE('',*,*,#981,.F.);
#1353=ORIENTED_EDGE('',*,*,#977,.F.);
#1354=ORIENTED_EDGE('',*,*,#923,.F.);
#1355=ORIENTED_EDGE('',*,*,#892,.F.);
#1356=ORIENTED_EDGE('',*,*,#978,.T.);
#1357=ORIENTED_EDGE('',*,*,#981,.T.);
#1358=ORIENTED_EDGE('',*,*,#979,.T.);
#1359=ORIENTED_EDGE('',*,*,#903,.F.);
#1360=ORIENTED_EDGE('',*,*,#901,.T.);
#1361=ORIENTED_EDGE('',*,*,#982,.F.);
#1362=ORIENTED_EDGE('',*,*,#983,.F.);
#1363=ORIENTED_EDGE('',*,*,#984,.F.);
#1364=ORIENTED_EDGE('',*,*,#985,.F.);
#1365=ORIENTED_EDGE('',*,*,#986,.F.);
#1366=ORIENTED_EDGE('',*,*,#982,.T.);
#1367=ORIENTED_EDGE('',*,*,#987,.T.);
#1368=ORIENTED_EDGE('',*,*,#988,.F.);
#1369=ORIENTED_EDGE('',*,*,#989,.F.);
#1370=ORIENTED_EDGE('',*,*,#983,.T.);
#1371=ORIENTED_EDGE('',*,*,#989,.T.);
#1372=ORIENTED_EDGE('',*,*,#990,.F.);
#1373=ORIENTED_EDGE('',*,*,#991,.F.);
#1374=ORIENTED_EDGE('',*,*,#917,.F.);
#1375=ORIENTED_EDGE('',*,*,#984,.T.);
#1376=ORIENTED_EDGE('',*,*,#991,.T.);
#1377=ORIENTED_EDGE('',*,*,#992,.F.);
#1378=ORIENTED_EDGE('',*,*,#993,.F.);
#1379=ORIENTED_EDGE('',*,*,#985,.T.);
#1380=ORIENTED_EDGE('',*,*,#993,.T.);
#1381=ORIENTED_EDGE('',*,*,#994,.F.);
#1382=ORIENTED_EDGE('',*,*,#995,.F.);
#1383=ORIENTED_EDGE('',*,*,#925,.F.);
#1384=ORIENTED_EDGE('',*,*,#986,.T.);
#1385=ORIENTED_EDGE('',*,*,#995,.T.);
#1386=ORIENTED_EDGE('',*,*,#996,.F.);
#1387=ORIENTED_EDGE('',*,*,#987,.F.);
#1388=ORIENTED_EDGE('',*,*,#996,.T.);
#1389=ORIENTED_EDGE('',*,*,#994,.T.);
#1390=ORIENTED_EDGE('',*,*,#992,.T.);
#1391=ORIENTED_EDGE('',*,*,#990,.T.);
#1392=ORIENTED_EDGE('',*,*,#988,.T.);
#1393=ORIENTED_EDGE('',*,*,#997,.F.);
#1394=ORIENTED_EDGE('',*,*,#998,.F.);
#1395=ORIENTED_EDGE('',*,*,#999,.F.);
#1396=ORIENTED_EDGE('',*,*,#1000,.F.);
#1397=ORIENTED_EDGE('',*,*,#997,.T.);
#1398=ORIENTED_EDGE('',*,*,#1001,.T.);
#1399=ORIENTED_EDGE('',*,*,#1002,.F.);
#1400=ORIENTED_EDGE('',*,*,#1003,.F.);
#1401=ORIENTED_EDGE('',*,*,#998,.T.);
#1402=ORIENTED_EDGE('',*,*,#1003,.T.);
#1403=ORIENTED_EDGE('',*,*,#1004,.F.);
#1404=ORIENTED_EDGE('',*,*,#1005,.F.);
#1405=ORIENTED_EDGE('',*,*,#926,.F.);
#1406=ORIENTED_EDGE('',*,*,#999,.T.);
#1407=ORIENTED_EDGE('',*,*,#1005,.T.);
#1408=ORIENTED_EDGE('',*,*,#1006,.F.);
#1409=ORIENTED_EDGE('',*,*,#1007,.F.);
#1410=ORIENTED_EDGE('',*,*,#1000,.T.);
#1411=ORIENTED_EDGE('',*,*,#1007,.T.);
#1412=ORIENTED_EDGE('',*,*,#1008,.F.);
#1413=ORIENTED_EDGE('',*,*,#1001,.F.);
#1414=ORIENTED_EDGE('',*,*,#910,.F.);
#1415=ORIENTED_EDGE('',*,*,#1008,.T.);
#1416=ORIENTED_EDGE('',*,*,#1006,.T.);
#1417=ORIENTED_EDGE('',*,*,#1004,.T.);
#1418=ORIENTED_EDGE('',*,*,#1002,.T.);
#1419=ORIENTED_EDGE('',*,*,#1009,.F.);
#1420=ORIENTED_EDGE('',*,*,#1010,.F.);
#1421=ORIENTED_EDGE('',*,*,#1011,.F.);
#1422=ORIENTED_EDGE('',*,*,#1012,.F.);
#1423=ORIENTED_EDGE('',*,*,#1009,.T.);
#1424=ORIENTED_EDGE('',*,*,#1013,.T.);
#1425=ORIENTED_EDGE('',*,*,#1014,.F.);
#1426=ORIENTED_EDGE('',*,*,#1015,.F.);
#1427=ORIENTED_EDGE('',*,*,#911,.F.);
#1428=ORIENTED_EDGE('',*,*,#1010,.T.);
#1429=ORIENTED_EDGE('',*,*,#1015,.T.);
#1430=ORIENTED_EDGE('',*,*,#1016,.F.);
#1431=ORIENTED_EDGE('',*,*,#1017,.F.);
#1432=ORIENTED_EDGE('',*,*,#1011,.T.);
#1433=ORIENTED_EDGE('',*,*,#1017,.T.);
#1434=ORIENTED_EDGE('',*,*,#1018,.F.);
#1435=ORIENTED_EDGE('',*,*,#1019,.F.);
#1436=ORIENTED_EDGE('',*,*,#928,.F.);
#1437=ORIENTED_EDGE('',*,*,#1012,.T.);
#1438=ORIENTED_EDGE('',*,*,#1019,.T.);
#1439=ORIENTED_EDGE('',*,*,#1020,.F.);
#1440=ORIENTED_EDGE('',*,*,#1013,.F.);
#1441=ORIENTED_EDGE('',*,*,#1020,.T.);
#1442=ORIENTED_EDGE('',*,*,#1018,.T.);
#1443=ORIENTED_EDGE('',*,*,#1016,.T.);
#1444=ORIENTED_EDGE('',*,*,#1014,.T.);
#1445=CYLINDRICAL_SURFACE('',#1578,4.);
#1446=CYLINDRICAL_SURFACE('',#1585,4.);
#1447=CYLINDRICAL_SURFACE('',#1589,4.);
#1448=CYLINDRICAL_SURFACE('',#1595,4.);
#1449=CYLINDRICAL_SURFACE('',#1608,78.1250000000003);
#1450=CYLINDRICAL_SURFACE('',#1613,78.1250000000001);
#1451=CYLINDRICAL_SURFACE('',#1615,4.00000000000008);
#1452=CYLINDRICAL_SURFACE('',#1618,4.00000000000003);
#1453=CYLINDRICAL_SURFACE('',#1622,80.1250000000003);
#1454=CYLINDRICAL_SURFACE('',#1624,6.00000000000003);
#1455=CYLINDRICAL_SURFACE('',#1627,6.00000000000009);
#1456=CYLINDRICAL_SURFACE('',#1629,80.1250000000001);
#1457=CYLINDRICAL_SURFACE('',#1633,1.);
#1458=CYLINDRICAL_SURFACE('',#1636,4.);
#1459=CYLINDRICAL_SURFACE('',#1644,4.);
#1460=CYLINDRICAL_SURFACE('',#1646,2.);
#1461=CYLINDRICAL_SURFACE('',#1649,2.);
#1462=CYLINDRICAL_SURFACE('',#1652,2.);
#1463=CYLINDRICAL_SURFACE('',#1655,2.);
#1464=CYLINDRICAL_SURFACE('',#1658,2.);
#1465=CYLINDRICAL_SURFACE('',#1661,2.);
#1466=CYLINDRICAL_SURFACE('',#1664,2.);
#1467=CYLINDRICAL_SURFACE('',#1667,2.);
#1468=CYLINDRICAL_SURFACE('',#1695,72.1250000000007);
#1469=CYLINDRICAL_SURFACE('',#1697,72.1250000000004);
#1470=CYLINDRICAL_SURFACE('',#1704,72.1250000000004);
#1471=CYLINDRICAL_SURFACE('',#1707,72.1250000000007);
#1472=ADVANCED_FACE('',(#99),#1445,.T.);
#1473=ADVANCED_FACE('',(#100),#35,.T.);
#1474=ADVANCED_FACE('',(#101),#36,.F.);
#1475=ADVANCED_FACE('',(#102),#1446,.T.);
#1476=ADVANCED_FACE('',(#103),#37,.T.);
#1477=ADVANCED_FACE('',(#104),#38,.T.);
#1478=ADVANCED_FACE('',(#105),#1447,.T.);
#1479=ADVANCED_FACE('',(#106),#39,.T.);
#1480=ADVANCED_FACE('',(#107),#40,.T.);
#1481=ADVANCED_FACE('',(#108),#1448,.T.);
#1482=ADVANCED_FACE('',(#109,#17),#41,.T.);
#1483=ADVANCED_FACE('',(#110),#42,.T.);
#1484=ADVANCED_FACE('',(#111),#43,.T.);
#1485=ADVANCED_FACE('',(#112),#1449,.F.);
#1486=ADVANCED_FACE('',(#113),#44,.T.);
#1487=ADVANCED_FACE('',(#114),#45,.T.);
#1488=ADVANCED_FACE('',(#115),#46,.T.);
#1489=ADVANCED_FACE('',(#116),#1450,.F.);
#1490=ADVANCED_FACE('',(#117),#1451,.F.);
#1491=ADVANCED_FACE('',(#118),#47,.T.);
#1492=ADVANCED_FACE('',(#119),#1452,.F.);
#1493=ADVANCED_FACE('',(#120),#48,.T.);
#1494=ADVANCED_FACE('',(#121),#49,.T.);
#1495=ADVANCED_FACE('',(#122),#1453,.T.);
#1496=ADVANCED_FACE('',(#123),#1454,.T.);
#1497=ADVANCED_FACE('',(#124),#50,.T.);
#1498=ADVANCED_FACE('',(#125),#1455,.T.);
#1499=ADVANCED_FACE('',(#126),#1456,.T.);
#1500=ADVANCED_FACE('',(#127),#51,.F.);
#1501=ADVANCED_FACE('',(#128),#52,.T.);
#1502=ADVANCED_FACE('',(#129),#1457,.F.);
#1503=ADVANCED_FACE('',(#130),#1458,.T.);
#1504=ADVANCED_FACE('',(#131),#53,.F.);
#1505=ADVANCED_FACE('',(#132,#18),#54,.T.);
#1506=ADVANCED_FACE('',(#133),#1459,.T.);
#1507=ADVANCED_FACE('',(#134),#1460,.T.);
#1508=ADVANCED_FACE('',(#135),#1461,.T.);
#1509=ADVANCED_FACE('',(#136),#1462,.T.);
#1510=ADVANCED_FACE('',(#137),#1463,.T.);
#1511=ADVANCED_FACE('',(#138),#1464,.T.);
#1512=ADVANCED_FACE('',(#139),#1465,.T.);
#1513=ADVANCED_FACE('',(#140),#1466,.T.);
#1514=ADVANCED_FACE('',(#141),#1467,.T.);
#1515=ADVANCED_FACE('',(#142,#19),#55,.T.);
#1516=ADVANCED_FACE('',(#143),#56,.F.);
#1517=ADVANCED_FACE('',(#144),#57,.T.);
#1518=ADVANCED_FACE('',(#145,#20),#58,.T.);
#1519=ADVANCED_FACE('',(#146),#59,.T.);
#1520=ADVANCED_FACE('',(#147,#21),#60,.T.);
#1521=ADVANCED_FACE('',(#148),#61,.T.);
#1522=ADVANCED_FACE('',(#149),#62,.T.);
#1523=ADVANCED_FACE('',(#150,#22),#63,.T.);
#1524=ADVANCED_FACE('',(#151),#64,.T.);
#1525=ADVANCED_FACE('',(#152,#23),#65,.T.);
#1526=ADVANCED_FACE('',(#153),#66,.T.);
#1527=ADVANCED_FACE('',(#154),#67,.F.);
#1528=ADVANCED_FACE('',(#155),#68,.T.);
#1529=ADVANCED_FACE('',(#156,#24),#69,.T.);
#1530=ADVANCED_FACE('',(#157),#70,.T.);
#1531=ADVANCED_FACE('',(#158,#25),#71,.T.);
#1532=ADVANCED_FACE('',(#159),#72,.T.);
#1533=ADVANCED_FACE('',(#160),#73,.F.);
#1534=ADVANCED_FACE('',(#161),#74,.T.);
#1535=ADVANCED_FACE('',(#162),#75,.T.);
#1536=ADVANCED_FACE('',(#163,#26),#76,.T.);
#1537=ADVANCED_FACE('',(#164),#77,.T.);
#1538=ADVANCED_FACE('',(#165,#27),#78,.T.);
#1539=ADVANCED_FACE('',(#166),#79,.F.);
#1540=ADVANCED_FACE('',(#167),#1468,.T.);
#1541=ADVANCED_FACE('',(#168),#1469,.T.);
#1542=ADVANCED_FACE('',(#169,#28),#80,.T.);
#1543=ADVANCED_FACE('',(#170),#81,.F.);
#1544=ADVANCED_FACE('',(#171),#82,.F.);
#1545=ADVANCED_FACE('',(#172),#1470,.T.);
#1546=ADVANCED_FACE('',(#173,#29),#83,.T.);
#1547=ADVANCED_FACE('',(#174),#1471,.T.);
#1548=ADVANCED_FACE('',(#175,#30),#84,.T.);
#1549=ADVANCED_FACE('',(#176),#85,.T.);
#1550=ADVANCED_FACE('',(#177),#86,.F.);
#1551=ADVANCED_FACE('',(#178),#87,.F.);
#1552=ADVANCED_FACE('',(#179),#88,.T.);
#1553=ADVANCED_FACE('',(#180,#31),#89,.T.);
#1554=ADVANCED_FACE('',(#181),#90,.T.);
#1555=ADVANCED_FACE('',(#182,#32),#91,.T.);
#1556=ADVANCED_FACE('',(#183),#92,.T.);
#1557=ADVANCED_FACE('',(#184),#93,.F.);
#1558=ADVANCED_FACE('',(#185,#33),#94,.T.);
#1559=ADVANCED_FACE('',(#186),#95,.T.);
#1560=ADVANCED_FACE('',(#187,#34),#96,.T.);
#1561=ADVANCED_FACE('',(#188),#97,.T.);
#1562=ADVANCED_FACE('',(#189),#98,.T.);
#1563=CLOSED_SHELL('',(#1472,#1473,#1474,#1475,#1476,#1477,#1478,#1479,
#1480,#1481,#1482,#1483,#1484,#1485,#1486,#1487,#1488,#1489,#1490,#1491,
#1492,#1493,#1494,#1495,#1496,#1497,#1498,#1499,#1500,#1501));
#1564=CLOSED_SHELL('',(#1502,#1503,#1504,#1505,#1506,#1507,#1508,#1509,
#1510,#1511,#1512,#1513,#1514,#1515,#1516,#1517,#1518,#1519,#1520,#1521,
#1522,#1523,#1524,#1525,#1526,#1527,#1528,#1529,#1530,#1531,#1532,#1533,
#1534,#1535,#1536,#1537,#1538,#1539,#1540,#1541,#1542,#1543,#1544,#1545,
#1546,#1547,#1548,#1549,#1550,#1551,#1552,#1553,#1554,#1555,#1556,#1557,
#1558,#1559,#1560,#1561,#1562));
#1565=DERIVED_UNIT_ELEMENT(#1567,1.);
#1566=DERIVED_UNIT_ELEMENT(#2625,-3.);
#1567=(
MASS_UNIT()
NAMED_UNIT(*)
SI_UNIT(.KILO.,.GRAM.)
);
#1568=DERIVED_UNIT((#1565,#1566));
#1569=MEASURE_REPRESENTATION_ITEM('density measure',
POSITIVE_RATIO_MEASURE(7850.),#1568);
#1570=PROPERTY_DEFINITION_REPRESENTATION(#1575,#1572);
#1571=PROPERTY_DEFINITION_REPRESENTATION(#1576,#1573);
#1572=REPRESENTATION('material name',(#1574),#2622);
#1573=REPRESENTATION('density',(#1569),#2622);
#1574=DESCRIPTIVE_REPRESENTATION_ITEM('Steel','Steel');
#1575=PROPERTY_DEFINITION('material property','material name',#2632);
#1576=PROPERTY_DEFINITION('material property','density of part',#2632);
#1577=AXIS2_PLACEMENT_3D('',#2175,#1724,#1725);
#1578=AXIS2_PLACEMENT_3D('',#2176,#1726,#1727);
#1579=AXIS2_PLACEMENT_3D('',#2179,#1728,#1729);
#1580=AXIS2_PLACEMENT_3D('',#2183,#1731,#1732);
#1581=AXIS2_PLACEMENT_3D('',#2185,#1734,#1735);
#1582=AXIS2_PLACEMENT_3D('',#2191,#1739,#1740);
#1583=AXIS2_PLACEMENT_3D('',#2195,#1742,#1743);
#1584=AXIS2_PLACEMENT_3D('',#2198,#1745,#1746);
#1585=AXIS2_PLACEMENT_3D('',#2199,#1747,#1748);
#1586=AXIS2_PLACEMENT_3D('',#2202,#1750,#1751);
#1587=AXIS2_PLACEMENT_3D('',#2203,#1752,#1753);
#1588=AXIS2_PLACEMENT_3D('',#2207,#1756,#1757);
#1589=AXIS2_PLACEMENT_3D('',#2211,#1760,#1761);
#1590=AXIS2_PLACEMENT_3D('',#2214,#1762,#1763);
#1591=AXIS2_PLACEMENT_3D('',#2218,#1765,#1766);
#1592=AXIS2_PLACEMENT_3D('',#2220,#1768,#1769);
#1593=AXIS2_PLACEMENT_3D('',#2226,#1773,#1774);
#1594=AXIS2_PLACEMENT_3D('',#2233,#1778,#1779);
#1595=AXIS2_PLACEMENT_3D('',#2234,#1780,#1781);
#1596=AXIS2_PLACEMENT_3D('',#2236,#1782,#1783);
#1597=AXIS2_PLACEMENT_3D('',#2238,#1785,#1786);
#1598=AXIS2_PLACEMENT_3D('',#2247,#1791,#1792);
#1599=AXIS2_PLACEMENT_3D('',#2249,#1793,#1794);
#1600=AXIS2_PLACEMENT_3D('',#2253,#1796,#1797);
#1601=AXIS2_PLACEMENT_3D('',#2254,#1798,#1799);
#1602=AXIS2_PLACEMENT_3D('',#2257,#1800,#1801);
#1603=AXIS2_PLACEMENT_3D('',#2261,#1803,#1804);
#1604=AXIS2_PLACEMENT_3D('',#2263,#1805,#1806);
#1605=AXIS2_PLACEMENT_3D('',#2270,#1810,#1811);
#1606=AXIS2_PLACEMENT_3D('',#2271,#1812,#1813);
#1607=AXIS2_PLACEMENT_3D('',#2273,#1815,#1816);
#1608=AXIS2_PLACEMENT_3D('',#2279,#1820,#1821);
#1609=AXIS2_PLACEMENT_3D('',#2282,#1822,#1823);
#1610=AXIS2_PLACEMENT_3D('',#2285,#1826,#1827);
#1611=AXIS2_PLACEMENT_3D('',#2289,#1830,#1831);
#1612=AXIS2_PLACEMENT_3D('',#2293,#1834,#1835);
#1613=AXIS2_PLACEMENT_3D('',#2297,#1838,#1839);
#1614=AXIS2_PLACEMENT_3D('',#2299,#1840,#1841);
#1615=AXIS2_PLACEMENT_3D('',#2301,#1843,#1844);
#1616=AXIS2_PLACEMENT_3D('',#2303,#1845,#1846);
#1617=AXIS2_PLACEMENT_3D('',#2305,#1848,#1849);
#1618=AXIS2_PLACEMENT_3D('',#2309,#1852,#1853);
#1619=AXIS2_PLACEMENT_3D('',#2310,#1854,#1855);
#1620=AXIS2_PLACEMENT_3D('',#2311,#1856,#1857);
#1621=AXIS2_PLACEMENT_3D('',#2315,#1860,#1861);
#1622=AXIS2_PLACEMENT_3D('',#2319,#1864,#1865);
#1623=AXIS2_PLACEMENT_3D('',#2322,#1867,#1868);
#1624=AXIS2_PLACEMENT_3D('',#2323,#1869,#1870);
#1625=AXIS2_PLACEMENT_3D('',#2326,#1872,#1873);
#1626=AXIS2_PLACEMENT_3D('',#2327,#1874,#1875);
#1627=AXIS2_PLACEMENT_3D('',#2331,#1878,#1879);
#1628=AXIS2_PLACEMENT_3D('',#2334,#1881,#1882);
#1629=AXIS2_PLACEMENT_3D('',#2335,#1883,#1884);
#1630=AXIS2_PLACEMENT_3D('',#2336,#1885,#1886);
#1631=AXIS2_PLACEMENT_3D('',#2337,#1887,#1888);
#1632=AXIS2_PLACEMENT_3D('',#2338,#1889,#1890);
#1633=AXIS2_PLACEMENT_3D('',#2339,#1891,#1892);
#1634=AXIS2_PLACEMENT_3D('',#2341,#1893,#1894);
#1635=AXIS2_PLACEMENT_3D('',#2344,#1896,#1897);
#1636=AXIS2_PLACEMENT_3D('',#2345,#1898,#1899);
#1637=AXIS2_PLACEMENT_3D('',#2348,#1900,#1901);
#1638=AXIS2_PLACEMENT_3D('',#2352,#1903,#1904);
#1639=AXIS2_PLACEMENT_3D('',#2354,#1906,#1907);
#1640=AXIS2_PLACEMENT_3D('',#2358,#1909,#1910);
#1641=AXIS2_PLACEMENT_3D('',#2360,#1911,#1912);
#1642=AXIS2_PLACEMENT_3D('',#2363,#1914,#1915);
#1643=AXIS2_PLACEMENT_3D('',#2364,#1916,#1917);
#1644=AXIS2_PLACEMENT_3D('',#2368,#1920,#1921);
#1645=AXIS2_PLACEMENT_3D('',#2370,#1922,#1923);
#1646=AXIS2_PLACEMENT_3D('',#2372,#1925,#1926);
#1647=AXIS2_PLACEMENT_3D('',#2374,#1927,#1928);
#1648=AXIS2_PLACEMENT_3D('',#2377,#1930,#1931);
#1649=AXIS2_PLACEMENT_3D('',#2378,#1932,#1933);
#1650=AXIS2_PLACEMENT_3D('',#2380,#1934,#1935);
#1651=AXIS2_PLACEMENT_3D('',#2383,#1937,#1938);
#1652=AXIS2_PLACEMENT_3D('',#2384,#1939,#1940);
#1653=AXIS2_PLACEMENT_3D('',#2386,#1941,#1942);
#1654=AXIS2_PLACEMENT_3D('',#2389,#1944,#1945);
#1655=AXIS2_PLACEMENT_3D('',#2390,#1946,#1947);
#1656=AXIS2_PLACEMENT_3D('',#2392,#1948,#1949);
#1657=AXIS2_PLACEMENT_3D('',#2395,#1951,#1952);
#1658=AXIS2_PLACEMENT_3D('',#2396,#1953,#1954);
#1659=AXIS2_PLACEMENT_3D('',#2398,#1955,#1956);
#1660=AXIS2_PLACEMENT_3D('',#2401,#1958,#1959);
#1661=AXIS2_PLACEMENT_3D('',#2402,#1960,#1961);
#1662=AXIS2_PLACEMENT_3D('',#2404,#1962,#1963);
#1663=AXIS2_PLACEMENT_3D('',#2407,#1965,#1966);
#1664=AXIS2_PLACEMENT_3D('',#2408,#1967,#1968);
#1665=AXIS2_PLACEMENT_3D('',#2410,#1969,#1970);
#1666=AXIS2_PLACEMENT_3D('',#2413,#1972,#1973);
#1667=AXIS2_PLACEMENT_3D('',#2414,#1974,#1975);
#1668=AXIS2_PLACEMENT_3D('',#2416,#1976,#1977);
#1669=AXIS2_PLACEMENT_3D('',#2419,#1979,#1980);
#1670=AXIS2_PLACEMENT_3D('',#2420,#1981,#1982);
#1671=AXIS2_PLACEMENT_3D('',#2421,#1983,#1984);
#1672=AXIS2_PLACEMENT_3D('',#2430,#1989,#1990);
#1673=AXIS2_PLACEMENT_3D('',#2436,#1994,#1995);
#1674=AXIS2_PLACEMENT_3D('',#2440,#1998,#1999);
#1675=AXIS2_PLACEMENT_3D('',#2444,#2002,#2003);
#1676=AXIS2_PLACEMENT_3D('',#2446,#2005,#2006);
#1677=AXIS2_PLACEMENT_3D('',#2447,#2007,#2008);
#1678=AXIS2_PLACEMENT_3D('',#2456,#2013,#2014);
#1679=AXIS2_PLACEMENT_3D('',#2462,#2018,#2019);
#1680=AXIS2_PLACEMENT_3D('',#2466,#2022,#2023);
#1681=AXIS2_PLACEMENT_3D('',#2470,#2026,#2027);
#1682=AXIS2_PLACEMENT_3D('',#2472,#2029,#2030);
#1683=AXIS2_PLACEMENT_3D('',#2473,#2031,#2032);
#1684=AXIS2_PLACEMENT_3D('',#2482,#2037,#2038);
#1685=AXIS2_PLACEMENT_3D('',#2488,#2042,#2043);
#1686=AXIS2_PLACEMENT_3D('',#2492,#2046,#2047);
#1687=AXIS2_PLACEMENT_3D('',#2496,#2050,#2051);
#1688=AXIS2_PLACEMENT_3D('',#2498,#2053,#2054);
#1689=AXIS2_PLACEMENT_3D('',#2499,#2055,#2056);
#1690=AXIS2_PLACEMENT_3D('',#2508,#2061,#2062);
#1691=AXIS2_PLACEMENT_3D('',#2514,#2066,#2067);
#1692=AXIS2_PLACEMENT_3D('',#2518,#2070,#2071);
#1693=AXIS2_PLACEMENT_3D('',#2522,#2074,#2075);
#1694=AXIS2_PLACEMENT_3D('',#2524,#2077,#2078);
#1695=AXIS2_PLACEMENT_3D('',#2525,#2079,#2080);
#1696=AXIS2_PLACEMENT_3D('',#2528,#2082,#2083);
#1697=AXIS2_PLACEMENT_3D('',#2529,#2084,#2085);
#1698=AXIS2_PLACEMENT_3D('',#2531,#2086,#2087);
#1699=AXIS2_PLACEMENT_3D('',#2533,#2089,#2090);
#1700=AXIS2_PLACEMENT_3D('',#2535,#2092,#2093);
#1701=AXIS2_PLACEMENT_3D('',#2536,#2094,#2095);
#1702=AXIS2_PLACEMENT_3D('',#2539,#2096,#2097);
#1703=AXIS2_PLACEMENT_3D('',#2543,#2099,#2100);
#1704=AXIS2_PLACEMENT_3D('',#2547,#2103,#2104);
#1705=AXIS2_PLACEMENT_3D('',#2551,#2106,#2107);
#1706=AXIS2_PLACEMENT_3D('',#2553,#2109,#2110);
#1707=AXIS2_PLACEMENT_3D('',#2557,#2113,#2114);
#1708=AXIS2_PLACEMENT_3D('',#2559,#2115,#2116);
#1709=AXIS2_PLACEMENT_3D('',#2561,#2118,#2119);
#1710=AXIS2_PLACEMENT_3D('',#2565,#2122,#2123);
#1711=AXIS2_PLACEMENT_3D('',#2567,#2125,#2126);
#1712=AXIS2_PLACEMENT_3D('',#2568,#2127,#2128);
#1713=AXIS2_PLACEMENT_3D('',#2577,#2133,#2134);
#1714=AXIS2_PLACEMENT_3D('',#2583,#2138,#2139);
#1715=AXIS2_PLACEMENT_3D('',#2587,#2142,#2143);
#1716=AXIS2_PLACEMENT_3D('',#2591,#2146,#2147);
#1717=AXIS2_PLACEMENT_3D('',#2593,#2149,#2150);
#1718=AXIS2_PLACEMENT_3D('',#2594,#2151,#2152);
#1719=AXIS2_PLACEMENT_3D('',#2603,#2157,#2158);
#1720=AXIS2_PLACEMENT_3D('',#2609,#2162,#2163);
#1721=AXIS2_PLACEMENT_3D('',#2613,#2166,#2167);
#1722=AXIS2_PLACEMENT_3D('',#2617,#2170,#2171);
#1723=AXIS2_PLACEMENT_3D('',#2619,#2173,#2174);
#1724=DIRECTION('axis',(0.,0.,1.));
#1725=DIRECTION('refdir',(1.,0.,0.));
#1726=DIRECTION('center_axis',(0.,-1.,0.));
#1727=DIRECTION('ref_axis',(0.707106781186549,0.,-0.707106781186546));
#1728=DIRECTION('center_axis',(0.,1.,0.));
#1729=DIRECTION('ref_axis',(0.707106781186549,0.,-0.707106781186546));
#1730=DIRECTION('',(0.,1.,0.));
#1731=DIRECTION('center_axis',(0.,-1.,0.));
#1732=DIRECTION('ref_axis',(0.707106781186549,0.,-0.707106781186546));
#1733=DIRECTION('',(0.,-1.,0.));
#1734=DIRECTION('center_axis',(0.,0.,-1.));
#1735=DIRECTION('ref_axis',(1.,0.,0.));
#1736=DIRECTION('',(1.,0.,0.));
#1737=DIRECTION('',(0.,-1.,0.));
#1738=DIRECTION('',(-1.,0.,0.));
#1739=DIRECTION('center_axis',(0.,1.,0.));
#1740=DIRECTION('ref_axis',(-1.,0.,0.));
#1741=DIRECTION('',(-2.22044604925031E-15,0.,1.));
#1742=DIRECTION('center_axis',(0.,-1.,0.));
#1743=DIRECTION('ref_axis',(0.391231028667791,0.,-0.920292498180628));
#1744=DIRECTION('',(0.,0.,-1.));
#1745=DIRECTION('center_axis',(0.,1.,0.));
#1746=DIRECTION('ref_axis',(-0.707106781186548,0.,-0.707106781186547));
#1747=DIRECTION('center_axis',(0.,-1.,0.));
#1748=DIRECTION('ref_axis',(-0.707106781186548,0.,-0.707106781186547));
#1749=DIRECTION('',(0.,1.,0.));
#1750=DIRECTION('center_axis',(0.,-1.,0.));
#1751=DIRECTION('ref_axis',(-0.707106781186548,0.,-0.707106781186547));
#1752=DIRECTION('center_axis',(-1.,0.,0.));
#1753=DIRECTION('ref_axis',(0.,0.,-1.));
#1754=DIRECTION('',(0.,1.,0.));
#1755=DIRECTION('',(0.,0.,-1.));
#1756=DIRECTION('center_axis',(1.,0.,2.22044604925031E-15));
#1757=DIRECTION('ref_axis',(-2.22044604925031E-15,0.,1.));
#1758=DIRECTION('',(-2.22044604925031E-15,0.,1.));
#1759=DIRECTION('',(0.,1.,0.));
#1760=DIRECTION('center_axis',(0.,-1.,0.));
#1761=DIRECTION('ref_axis',(-0.707106781186548,0.,0.707106781186548));
#1762=DIRECTION('center_axis',(0.,1.,0.));
#1763=DIRECTION('ref_axis',(-0.707106781186548,0.,0.707106781186548));
#1764=DIRECTION('',(0.,1.,0.));
#1765=DIRECTION('center_axis',(0.,-1.,0.));
#1766=DIRECTION('ref_axis',(-0.707106781186548,0.,0.707106781186548));
#1767=DIRECTION('',(0.,-1.,0.));
#1768=DIRECTION('center_axis',(0.,0.,1.));
#1769=DIRECTION('ref_axis',(1.,0.,0.));
#1770=DIRECTION('',(1.,0.,0.));
#1771=DIRECTION('',(0.,-1.,0.));
#1772=DIRECTION('',(-1.,0.,0.));
#1773=DIRECTION('center_axis',(0.,-1.,0.));
#1774=DIRECTION('ref_axis',(1.,0.,0.));
#1775=DIRECTION('',(0.,0.,1.));
#1776=DIRECTION('',(-1.,0.,2.61228946970625E-17));
#1777=DIRECTION('',(0.,0.,1.));
#1778=DIRECTION('center_axis',(0.,1.,0.));
#1779=DIRECTION('ref_axis',(0.707106781186547,0.,0.707106781186548));
#1780=DIRECTION('center_axis',(0.,1.,0.));
#1781=DIRECTION('ref_axis',(0.707106781186547,0.,0.707106781186548));
#1782=DIRECTION('center_axis',(0.,-1.,0.));
#1783=DIRECTION('ref_axis',(0.707106781186547,0.,0.707106781186548));
#1784=DIRECTION('',(0.,1.,0.));
#1785=DIRECTION('center_axis',(0.,1.,0.));
#1786=DIRECTION('ref_axis',(-1.,0.,0.));
#1787=DIRECTION('',(-1.,0.,-2.61228946970625E-17));
#1788=DIRECTION('',(2.53765262771464E-16,0.,1.));
#1789=DIRECTION('',(0.,0.,1.));
#1790=DIRECTION('',(1.,0.,-2.61228946970625E-17));
#1791=DIRECTION('center_axis',(0.,1.,0.));
#1792=DIRECTION('ref_axis',(3.32547302227816E-16,0.,1.));
#1793=DIRECTION('center_axis',(0.,1.,0.));
#1794=DIRECTION('ref_axis',(0.391231028667796,0.,0.920292498180627));
#1795=DIRECTION('',(3.17678476928229E-15,0.,-1.));
#1796=DIRECTION('center_axis',(0.,1.,0.));
#1797=DIRECTION('ref_axis',(1.,0.,1.11022302462515E-15));
#1798=DIRECTION('center_axis',(0.,1.,0.));
#1799=DIRECTION('ref_axis',(0.391231028667791,0.,-0.920292498180628));
#1800=DIRECTION('center_axis',(0.,-1.,0.));
#1801=DIRECTION('ref_axis',(1.,0.,0.));
#1802=DIRECTION('',(-3.17678476928229E-15,0.,1.));
#1803=DIRECTION('center_axis',(0.,-1.,0.));
#1804=DIRECTION('ref_axis',(0.391231028667801,0.,0.920292498180624));
#1805=DIRECTION('center_axis',(0.,-1.,0.));
#1806=DIRECTION('ref_axis',(4.54747350886463E-16,0.,1.));
#1807=DIRECTION('',(-1.,0.,2.67523620391604E-17));
#1808=DIRECTION('',(-2.86509167645202E-16,0.,-1.));
#1809=DIRECTION('',(1.,0.,-8.02570861174812E-17));
#1810=DIRECTION('center_axis',(0.,-1.,0.));
#1811=DIRECTION('ref_axis',(0.391231028667791,0.,-0.920292498180629));
#1812=DIRECTION('center_axis',(1.,0.,0.));
#1813=DIRECTION('ref_axis',(0.,1.,0.));
#1814=DIRECTION('',(0.,-1.,0.));
#1815=DIRECTION('center_axis',(2.61228946970625E-17,0.,1.));
#1816=DIRECTION('ref_axis',(1.,0.,-2.61228946970625E-17));
#1817=DIRECTION('',(0.,1.,0.));
#1818=DIRECTION('',(-1.,0.,2.61228946970625E-17));
#1819=DIRECTION('',(0.,-1.,0.));
#1820=DIRECTION('center_axis',(0.,1.,0.));
#1821=DIRECTION('ref_axis',(0.391231028667791,0.,-0.920292498180629));
#1822=DIRECTION('center_axis',(0.,1.,0.));
#1823=DIRECTION('ref_axis',(0.391231028667791,0.,-0.920292498180629));
#1824=DIRECTION('',(0.,1.,0.));
#1825=DIRECTION('',(0.,1.,0.));
#1826=DIRECTION('center_axis',(8.02570861174812E-17,0.,1.));
#1827=DIRECTION('ref_axis',(1.,0.,-8.02570861174812E-17));
#1828=DIRECTION('',(-1.,0.,1.33761810195802E-16));
#1829=DIRECTION('',(0.,1.,0.));
#1830=DIRECTION('center_axis',(1.,0.,-2.86509167645202E-16));
#1831=DIRECTION('ref_axis',(-2.86509167645202E-16,0.,-1.));
#1832=DIRECTION('',(0.,0.,1.));
#1833=DIRECTION('',(0.,1.,0.));
#1834=DIRECTION('center_axis',(-2.67523620391604E-17,0.,-1.));
#1835=DIRECTION('ref_axis',(-1.,0.,2.67523620391604E-17));
#1836=DIRECTION('',(1.,0.,0.));
#1837=DIRECTION('',(0.,1.,0.));
#1838=DIRECTION('center_axis',(0.,1.,0.));
#1839=DIRECTION('ref_axis',(4.54747350886463E-16,0.,1.));
#1840=DIRECTION('center_axis',(0.,1.,0.));
#1841=DIRECTION('ref_axis',(4.54747350886463E-16,0.,1.));
#1842=DIRECTION('',(0.,1.,0.));
#1843=DIRECTION('center_axis',(0.,1.,0.));
#1844=DIRECTION('ref_axis',(0.391231028667801,0.,0.920292498180624));
#1845=DIRECTION('center_axis',(0.,1.,0.));
#1846=DIRECTION('ref_axis',(0.391231028667805,0.,0.920292498180623));
#1847=DIRECTION('',(0.,1.,0.));
#1848=DIRECTION('center_axis',(-1.,0.,-3.17678476928229E-15));
#1849=DIRECTION('ref_axis',(-3.17678476928229E-15,0.,1.));
#1850=DIRECTION('',(3.17678476928229E-15,0.,-1.));
#1851=DIRECTION('',(0.,1.,0.));
#1852=DIRECTION('center_axis',(0.,1.,0.));
#1853=DIRECTION('ref_axis',(1.,0.,0.));
#1854=DIRECTION('center_axis',(0.,1.,0.));
#1855=DIRECTION('ref_axis',(1.,0.,0.));
#1856=DIRECTION('center_axis',(-1.,0.,2.53765262771464E-16));
#1857=DIRECTION('ref_axis',(2.53765262771464E-16,0.,1.));
#1858=DIRECTION('',(0.,1.,0.));
#1859=DIRECTION('',(-2.53765262771464E-16,0.,-1.));
#1860=DIRECTION('center_axis',(2.61228946970625E-17,0.,-1.));
#1861=DIRECTION('ref_axis',(-1.,0.,-2.61228946970625E-17));
#1862=DIRECTION('',(0.,1.,0.));
#1863=DIRECTION('',(1.,0.,2.61228946970625E-17));
#1864=DIRECTION('center_axis',(0.,1.,0.));
#1865=DIRECTION('ref_axis',(0.391231028667791,0.,-0.920292498180628));
#1866=DIRECTION('',(0.,1.,0.));
#1867=DIRECTION('center_axis',(0.,-1.,0.));
#1868=DIRECTION('ref_axis',(0.391231028667791,0.,-0.920292498180628));
#1869=DIRECTION('center_axis',(0.,1.,0.));
#1870=DIRECTION('ref_axis',(1.,0.,1.11022302462515E-15));
#1871=DIRECTION('',(0.,1.,0.));
#1872=DIRECTION('center_axis',(0.,-1.,0.));
#1873=DIRECTION('ref_axis',(1.,0.,1.11022302462515E-15));
#1874=DIRECTION('center_axis',(1.,0.,3.17678476928229E-15));
#1875=DIRECTION('ref_axis',(3.17678476928229E-15,0.,-1.));
#1876=DIRECTION('',(0.,1.,0.));
#1877=DIRECTION('',(-3.17678476928229E-15,0.,1.));
#1878=DIRECTION('center_axis',(0.,1.,0.));
#1879=DIRECTION('ref_axis',(0.391231028667796,0.,0.920292498180627));
#1880=DIRECTION('',(0.,1.,0.));
#1881=DIRECTION('center_axis',(0.,-1.,0.));
#1882=DIRECTION('ref_axis',(0.391231028667796,0.,0.920292498180627));
#1883=DIRECTION('center_axis',(0.,1.,0.));
#1884=DIRECTION('ref_axis',(3.32547302227816E-16,0.,1.));
#1885=DIRECTION('center_axis',(0.,-1.,0.));
#1886=DIRECTION('ref_axis',(3.32547302227816E-16,0.,1.));
#1887=DIRECTION('center_axis',(0.,1.,0.));
#1888=DIRECTION('ref_axis',(-1.,0.,0.));
#1889=DIRECTION('center_axis',(0.,1.,0.));
#1890=DIRECTION('ref_axis',(1.,0.,0.));
#1891=DIRECTION('center_axis',(1.,0.,0.));
#1892=DIRECTION('ref_axis',(0.,-1.,0.));
#1893=DIRECTION('center_axis',(1.,0.,0.));
#1894=DIRECTION('ref_axis',(0.,-1.,0.));
#1895=DIRECTION('',(1.,0.,0.));
#1896=DIRECTION('center_axis',(-1.,0.,-2.08707798742781E-15));
#1897=DIRECTION('ref_axis',(0.,-1.,0.));
#1898=DIRECTION('center_axis',(0.,1.,0.));
#1899=DIRECTION('ref_axis',(0.817806419300768,0.,-0.575493406174612));
#1900=DIRECTION('center_axis',(0.,-1.,0.));
#1901=DIRECTION('ref_axis',(0.817806419300768,0.,-0.575493406174612));
#1902=DIRECTION('',(0.,-1.,0.));
#1903=DIRECTION('center_axis',(0.,1.,0.));
#1904=DIRECTION('ref_axis',(0.817806419300768,0.,-0.575493406174612));
#1905=DIRECTION('',(0.,1.,0.));
#1906=DIRECTION('center_axis',(0.,1.,0.));
#1907=DIRECTION('ref_axis',(0.,0.,1.));
#1908=DIRECTION('',(2.08707798742781E-15,0.,-1.));
#1909=DIRECTION('center_axis',(0.,1.,0.));
#1910=DIRECTION('ref_axis',(0.817806419300767,0.,0.575493406174614));
#1911=DIRECTION('center_axis',(0.,1.,0.));
#1912=DIRECTION('ref_axis',(0.374350086655112,0.,0.927287448756485));
#1913=DIRECTION('',(0.,0.,1.));
#1914=DIRECTION('center_axis',(0.,1.,0.));
#1915=DIRECTION('ref_axis',(2.3397421108218E-15,0.,-1.));
#1916=DIRECTION('center_axis',(1.,0.,2.08707798742781E-15));
#1917=DIRECTION('ref_axis',(2.08707798742781E-15,0.,-1.));
#1918=DIRECTION('',(2.08707798742781E-15,0.,-1.));
#1919=DIRECTION('',(0.,1.,0.));
#1920=DIRECTION('center_axis',(0.,1.,0.));
#1921=DIRECTION('ref_axis',(0.817806419300767,0.,0.575493406174614));
#1922=DIRECTION('center_axis',(0.,-1.,0.));
#1923=DIRECTION('ref_axis',(0.817806419300767,0.,0.575493406174614));
#1924=DIRECTION('',(0.,-1.,0.));
#1925=DIRECTION('center_axis',(1.,0.,0.));
#1926=DIRECTION('ref_axis',(0.,-1.,0.));
#1927=DIRECTION('center_axis',(-1.,0.,0.));
#1928=DIRECTION('ref_axis',(0.,-1.,0.));
#1929=DIRECTION('',(-1.,0.,0.));
#1930=DIRECTION('center_axis',(1.,0.,0.));
#1931=DIRECTION('ref_axis',(0.,-1.,0.));
#1932=DIRECTION('center_axis',(1.,0.,0.));
#1933=DIRECTION('ref_axis',(0.,-1.,0.));
#1934=DIRECTION('center_axis',(-1.,0.,0.));
#1935=DIRECTION('ref_axis',(0.,-1.,0.));
#1936=DIRECTION('',(-1.,0.,0.));
#1937=DIRECTION('center_axis',(1.,0.,0.));
#1938=DIRECTION('ref_axis',(0.,-1.,0.));
#1939=DIRECTION('center_axis',(1.,0.,0.));
#1940=DIRECTION('ref_axis',(0.,-1.,0.));
#1941=DIRECTION('center_axis',(-1.,0.,0.));
#1942=DIRECTION('ref_axis',(0.,-1.,0.));
#1943=DIRECTION('',(-1.,0.,0.));
#1944=DIRECTION('center_axis',(1.,0.,0.));
#1945=DIRECTION('ref_axis',(0.,-1.,0.));
#1946=DIRECTION('center_axis',(1.,0.,0.));
#1947=DIRECTION('ref_axis',(0.,-1.,0.));
#1948=DIRECTION('center_axis',(-1.,0.,0.));
#1949=DIRECTION('ref_axis',(0.,-1.,0.));
#1950=DIRECTION('',(-1.,0.,0.));
#1951=DIRECTION('center_axis',(1.,0.,0.));
#1952=DIRECTION('ref_axis',(0.,-1.,0.));
#1953=DIRECTION('center_axis',(1.,0.,0.));
#1954=DIRECTION('ref_axis',(0.,-1.,0.));
#1955=DIRECTION('center_axis',(-1.,0.,2.87239666584939E-15));
#1956=DIRECTION('ref_axis',(0.,-1.,0.));
#1957=DIRECTION('',(-1.,0.,0.));
#1958=DIRECTION('center_axis',(1.,0.,0.));
#1959=DIRECTION('ref_axis',(0.,-1.,0.));
#1960=DIRECTION('center_axis',(1.,0.,0.));
#1961=DIRECTION('ref_axis',(0.,-1.,0.));
#1962=DIRECTION('center_axis',(-1.,0.,0.));
#1963=DIRECTION('ref_axis',(0.,-1.,0.));
#1964=DIRECTION('',(-1.,0.,0.));
#1965=DIRECTION('center_axis',(-1.,0.,0.));
#1966=DIRECTION('ref_axis',(0.,-1.,0.));
#1967=DIRECTION('center_axis',(1.,0.,0.));
#1968=DIRECTION('ref_axis',(0.,-1.,0.));
#1969=DIRECTION('center_axis',(-1.,0.,0.));
#1970=DIRECTION('ref_axis',(0.,-1.,0.));
#1971=DIRECTION('',(-1.,0.,0.));
#1972=DIRECTION('center_axis',(1.,0.,0.));
#1973=DIRECTION('ref_axis',(0.,-1.,0.));
#1974=DIRECTION('center_axis',(1.,0.,0.));
#1975=DIRECTION('ref_axis',(0.,-1.,0.));
#1976=DIRECTION('center_axis',(-1.,0.,0.));
#1977=DIRECTION('ref_axis',(0.,-1.,0.));
#1978=DIRECTION('',(-1.,0.,0.));
#1979=DIRECTION('center_axis',(1.,0.,0.));
#1980=DIRECTION('ref_axis',(0.,-1.,0.));
#1981=DIRECTION('center_axis',(-1.,0.,0.));
#1982=DIRECTION('ref_axis',(0.,-1.,0.));
#1983=DIRECTION('center_axis',(0.,1.,0.));
#1984=DIRECTION('ref_axis',(0.,0.,1.));
#1985=DIRECTION('',(1.,0.,0.));
#1986=DIRECTION('',(0.,0.,1.));
#1987=DIRECTION('',(-1.,0.,0.));
#1988=DIRECTION('',(0.,0.,-1.));
#1989=DIRECTION('center_axis',(0.,0.,1.));
#1990=DIRECTION('ref_axis',(1.,0.,0.));
#1991=DIRECTION('',(0.,1.,0.));
#1992=DIRECTION('',(1.,0.,0.));
#1993=DIRECTION('',(0.,1.,0.));
#1994=DIRECTION('center_axis',(-1.,0.,0.));
#1995=DIRECTION('ref_axis',(0.,0.,1.));
#1996=DIRECTION('',(0.,0.,1.));
#1997=DIRECTION('',(0.,1.,0.));
#1998=DIRECTION('center_axis',(0.,0.,-1.));
#1999=DIRECTION('ref_axis',(-1.,0.,0.));
#2000=DIRECTION('',(-1.,0.,0.));
#2001=DIRECTION('',(0.,1.,0.));
#2002=DIRECTION('center_axis',(1.,0.,0.));
#2003=DIRECTION('ref_axis',(0.,0.,-1.));
#2004=DIRECTION('',(0.,0.,-1.));
#2005=DIRECTION('center_axis',(0.,1.,0.));
#2006=DIRECTION('ref_axis',(0.,0.,1.));
#2007=DIRECTION('center_axis',(0.,1.,0.));
#2008=DIRECTION('ref_axis',(0.,0.,1.));
#2009=DIRECTION('',(0.,0.,1.));
#2010=DIRECTION('',(1.,0.,0.));
#2011=DIRECTION('',(0.,0.,-1.));
#2012=DIRECTION('',(-1.,0.,0.));
#2013=DIRECTION('center_axis',(-1.,0.,0.));
#2014=DIRECTION('ref_axis',(0.,0.,1.));
#2015=DIRECTION('',(0.,0.,1.));
#2016=DIRECTION('',(0.,1.,0.));
#2017=DIRECTION('',(0.,1.,0.));
#2018=DIRECTION('center_axis',(0.,0.,1.));
#2019=DIRECTION('ref_axis',(1.,0.,0.));
#2020=DIRECTION('',(1.,0.,0.));
#2021=DIRECTION('',(0.,1.,0.));
#2022=DIRECTION('center_axis',(1.,0.,0.));
#2023=DIRECTION('ref_axis',(0.,0.,-1.));
#2024=DIRECTION('',(0.,0.,-1.));
#2025=DIRECTION('',(0.,1.,0.));
#2026=DIRECTION('center_axis',(0.,0.,-1.));
#2027=DIRECTION('ref_axis',(-1.,0.,0.));
#2028=DIRECTION('',(-1.,0.,0.));
#2029=DIRECTION('center_axis',(0.,1.,0.));
#2030=DIRECTION('ref_axis',(0.,0.,1.));
#2031=DIRECTION('center_axis',(0.,1.,0.));
#2032=DIRECTION('ref_axis',(0.,0.,1.));
#2033=DIRECTION('',(0.,0.,-1.));
#2034=DIRECTION('',(-1.,0.,0.));
#2035=DIRECTION('',(0.,0.,1.));
#2036=DIRECTION('',(1.,0.,0.));
#2037=DIRECTION('center_axis',(1.,0.,0.));
#2038=DIRECTION('ref_axis',(0.,0.,-1.));
#2039=DIRECTION('',(0.,0.,-1.));
#2040=DIRECTION('',(0.,1.,0.));
#2041=DIRECTION('',(0.,1.,0.));
#2042=DIRECTION('center_axis',(0.,0.,-1.));
#2043=DIRECTION('ref_axis',(-1.,0.,0.));
#2044=DIRECTION('',(-1.,0.,0.));
#2045=DIRECTION('',(0.,1.,0.));
#2046=DIRECTION('center_axis',(-1.,0.,0.));
#2047=DIRECTION('ref_axis',(0.,0.,1.));
#2048=DIRECTION('',(0.,0.,1.));
#2049=DIRECTION('',(0.,1.,0.));
#2050=DIRECTION('center_axis',(0.,0.,1.));
#2051=DIRECTION('ref_axis',(1.,0.,0.));
#2052=DIRECTION('',(1.,0.,0.));
#2053=DIRECTION('center_axis',(0.,1.,0.));
#2054=DIRECTION('ref_axis',(0.,0.,1.));
#2055=DIRECTION('center_axis',(0.,1.,0.));
#2056=DIRECTION('ref_axis',(0.,0.,1.));
#2057=DIRECTION('',(-1.,0.,0.));
#2058=DIRECTION('',(0.,0.,1.));
#2059=DIRECTION('',(1.,0.,0.));
#2060=DIRECTION('',(0.,0.,-1.));
#2061=DIRECTION('center_axis',(0.,0.,-1.));
#2062=DIRECTION('ref_axis',(-1.,0.,0.));
#2063=DIRECTION('',(-1.,0.,0.));
#2064=DIRECTION('',(0.,1.,0.));
#2065=DIRECTION('',(0.,1.,0.));
#2066=DIRECTION('center_axis',(-1.,0.,0.));
#2067=DIRECTION('ref_axis',(0.,0.,1.));
#2068=DIRECTION('',(0.,0.,1.));
#2069=DIRECTION('',(0.,1.,0.));
#2070=DIRECTION('center_axis',(0.,0.,1.));
#2071=DIRECTION('ref_axis',(1.,0.,0.));
#2072=DIRECTION('',(1.,0.,0.));
#2073=DIRECTION('',(0.,1.,0.));
#2074=DIRECTION('center_axis',(1.,0.,0.));
#2075=DIRECTION('ref_axis',(0.,0.,-1.));
#2076=DIRECTION('',(0.,0.,-1.));
#2077=DIRECTION('center_axis',(0.,1.,0.));
#2078=DIRECTION('ref_axis',(0.,0.,1.));
#2079=DIRECTION('center_axis',(0.,1.,0.));
#2080=DIRECTION('ref_axis',(2.3397421108218E-15,0.,-1.));
#2081=DIRECTION('',(0.,1.,0.));
#2082=DIRECTION('center_axis',(0.,1.,0.));
#2083=DIRECTION('ref_axis',(2.3397421108218E-15,0.,-1.));
#2084=DIRECTION('center_axis',(0.,1.,0.));
#2085=DIRECTION('ref_axis',(0.374350086655112,0.,0.927287448756485));
#2086=DIRECTION('center_axis',(0.,1.,0.));
#2087=DIRECTION('ref_axis',(0.374350086655112,0.,0.927287448756485));
#2088=DIRECTION('',(0.,1.,0.));
#2089=DIRECTION('center_axis',(-1.,0.,0.));
#2090=DIRECTION('ref_axis',(0.,0.,1.));
#2091=DIRECTION('',(0.,0.,1.));
#2092=DIRECTION('center_axis',(0.,-1.,0.));
#2093=DIRECTION('ref_axis',(1.,0.,0.));
#2094=DIRECTION('center_axis',(0.,1.,0.));
#2095=DIRECTION('ref_axis',(0.,0.,1.));
#2096=DIRECTION('center_axis',(0.,1.,0.));
#2097=DIRECTION('ref_axis',(0.374350086655112,0.,0.927287448756485));
#2098=DIRECTION('',(2.87239666584939E-15,0.,1.));
#2099=DIRECTION('center_axis',(0.,1.,0.));
#2100=DIRECTION('ref_axis',(2.3397421108218E-15,0.,-1.));
#2101=DIRECTION('',(0.,0.,-1.));
#2102=DIRECTION('',(0.0102871800929946,0.,-0.999947085562898));
#2103=DIRECTION('center_axis',(0.,1.,0.));
#2104=DIRECTION('ref_axis',(0.374350086655112,0.,0.927287448756485));
#2105=DIRECTION('',(0.,1.,0.));
#2106=DIRECTION('center_axis',(0.,1.,0.));
#2107=DIRECTION('ref_axis',(0.374350086655112,0.,0.927287448756485));
#2108=DIRECTION('',(0.,1.,0.));
#2109=DIRECTION('center_axis',(-1.,0.,2.87239666584939E-15));
#2110=DIRECTION('ref_axis',(2.87239666584939E-15,0.,1.));
#2111=DIRECTION('',(2.87239666584939E-15,0.,1.));
#2112=DIRECTION('',(0.,1.,0.));
#2113=DIRECTION('center_axis',(0.,1.,0.));
#2114=DIRECTION('ref_axis',(2.3397421108218E-15,0.,-1.));
#2115=DIRECTION('center_axis',(0.,1.,0.));
#2116=DIRECTION('ref_axis',(2.3397421108218E-15,0.,-1.));
#2117=DIRECTION('',(0.,1.,0.));
#2118=DIRECTION('center_axis',(1.,0.,0.));
#2119=DIRECTION('ref_axis',(0.,0.,-1.));
#2120=DIRECTION('',(0.,0.,-1.));
#2121=DIRECTION('',(0.,1.,0.));
#2122=DIRECTION('center_axis',(0.999947085562898,0.,0.0102871800929946));
#2123=DIRECTION('ref_axis',(0.0102871800929946,0.,-0.999947085562898));
#2124=DIRECTION('',(0.0102871800929946,0.,-0.999947085562898));
#2125=DIRECTION('center_axis',(0.,-1.,0.));
#2126=DIRECTION('ref_axis',(1.,0.,0.));
#2127=DIRECTION('center_axis',(0.,1.,0.));
#2128=DIRECTION('ref_axis',(0.,0.,1.));
#2129=DIRECTION('',(1.,0.,0.));
#2130=DIRECTION('',(0.,0.,1.));
#2131=DIRECTION('',(-1.,0.,0.));
#2132=DIRECTION('',(0.,0.,-1.));
#2133=DIRECTION('center_axis',(0.,0.,1.));
#2134=DIRECTION('ref_axis',(1.,0.,0.));
#2135=DIRECTION('',(0.,1.,0.));
#2136=DIRECTION('',(1.,0.,0.));
#2137=DIRECTION('',(0.,1.,0.));
#2138=DIRECTION('center_axis',(-1.,0.,0.));
#2139=DIRECTION('ref_axis',(0.,0.,1.));
#2140=DIRECTION('',(0.,0.,1.));
#2141=DIRECTION('',(0.,1.,0.));
#2142=DIRECTION('center_axis',(0.,0.,-1.));
#2143=DIRECTION('ref_axis',(-1.,0.,0.));
#2144=DIRECTION('',(-1.,0.,0.));
#2145=DIRECTION('',(0.,1.,0.));
#2146=DIRECTION('center_axis',(1.,0.,0.));
#2147=DIRECTION('ref_axis',(0.,0.,-1.));
#2148=DIRECTION('',(0.,0.,-1.));
#2149=DIRECTION('center_axis',(0.,1.,0.));
#2150=DIRECTION('ref_axis',(0.,0.,1.));
#2151=DIRECTION('center_axis',(0.,1.,0.));
#2152=DIRECTION('ref_axis',(0.,0.,1.));
#2153=DIRECTION('',(0.,0.,1.));
#2154=DIRECTION('',(-1.,0.,0.));
#2155=DIRECTION('',(0.,0.,-1.));
#2156=DIRECTION('',(1.,0.,0.));
#2157=DIRECTION('center_axis',(-1.,0.,0.));
#2158=DIRECTION('ref_axis',(0.,0.,1.));
#2159=DIRECTION('',(0.,1.,0.));
#2160=DIRECTION('',(0.,0.,1.));
#2161=DIRECTION('',(0.,1.,0.));
#2162=DIRECTION('center_axis',(0.,0.,-1.));
#2163=DIRECTION('ref_axis',(-1.,0.,0.));
#2164=DIRECTION('',(-1.,0.,0.));
#2165=DIRECTION('',(0.,1.,0.));
#2166=DIRECTION('center_axis',(1.,0.,0.));
#2167=DIRECTION('ref_axis',(0.,0.,-1.));
#2168=DIRECTION('',(0.,0.,-1.));
#2169=DIRECTION('',(0.,1.,0.));
#2170=DIRECTION('center_axis',(0.,0.,1.));
#2171=DIRECTION('ref_axis',(1.,0.,0.));
#2172=DIRECTION('',(1.,0.,0.));
#2173=DIRECTION('center_axis',(0.,1.,0.));
#2174=DIRECTION('ref_axis',(0.,0.,1.));
#2175=CARTESIAN_POINT('',(0.,0.,0.));
#2176=CARTESIAN_POINT('Origin',(46.,2.,-28.5));
#2177=CARTESIAN_POINT('',(50.,-1.,-28.5));
#2178=CARTESIAN_POINT('',(46.,-1.,-32.5));
#2179=CARTESIAN_POINT('Origin',(46.,-1.,-28.5));
#2180=CARTESIAN_POINT('',(46.,2.,-32.5));
#2181=CARTESIAN_POINT('',(46.,2.,-32.5));
#2182=CARTESIAN_POINT('',(50.,2.,-28.5));
#2183=CARTESIAN_POINT('Origin',(46.,2.,-28.5));
#2184=CARTESIAN_POINT('',(50.,2.,-28.5));
#2185=CARTESIAN_POINT('Origin',(25.,2.,-32.5));
#2186=CARTESIAN_POINT('',(29.,-1.,-32.5));
#2187=CARTESIAN_POINT('',(50.,-1.,-32.5));
#2188=CARTESIAN_POINT('',(29.,2.,-32.5));
#2189=CARTESIAN_POINT('',(29.,2.,-32.5));
#2190=CARTESIAN_POINT('',(50.,2.,-32.5));
#2191=CARTESIAN_POINT('Origin',(37.5,-1.,-23.));
#2192=CARTESIAN_POINT('',(50.,-1.,-13.5));
#2193=CARTESIAN_POINT('',(50.,-1.,-17.5));
#2194=CARTESIAN_POINT('',(25.,-1.,-17.5));
#2195=CARTESIAN_POINT('Origin',(24.9999999999999,-1.,62.6250000000003));
#2196=CARTESIAN_POINT('',(25.,-1.,-28.5));
#2197=CARTESIAN_POINT('',(25.,-1.,-17.5));
#2198=CARTESIAN_POINT('Origin',(29.,-1.,-28.5));
#2199=CARTESIAN_POINT('Origin',(29.,2.,-28.5));
#2200=CARTESIAN_POINT('',(25.,2.,-28.5));
#2201=CARTESIAN_POINT('',(25.,2.,-28.5));
#2202=CARTESIAN_POINT('Origin',(29.,2.,-28.5));
#2203=CARTESIAN_POINT('Origin',(25.,2.,-17.5));
#2204=CARTESIAN_POINT('',(25.,2.,-17.5));
#2205=CARTESIAN_POINT('',(25.,0.,-17.5));
#2206=CARTESIAN_POINT('',(25.,2.,-17.5));
#2207=CARTESIAN_POINT('Origin',(50.0000000000001,2.,-32.5));
#2208=CARTESIAN_POINT('',(50.,2.,-13.5));
#2209=CARTESIAN_POINT('',(50.,2.,-17.5));
#2210=CARTESIAN_POINT('',(50.,0.,-13.5));
#2211=CARTESIAN_POINT('Origin',(-56.,0.25,28.5));
#2212=CARTESIAN_POINT('',(-60.,-1.,28.5));
#2213=CARTESIAN_POINT('',(-56.,-1.,32.5));
#2214=CARTESIAN_POINT('Origin',(-56.,-1.,28.5));
#2215=CARTESIAN_POINT('',(-56.,2.,32.5));
#2216=CARTESIAN_POINT('',(-56.,0.25,32.5));
#2217=CARTESIAN_POINT('',(-60.,2.,28.5));
#2218=CARTESIAN_POINT('Origin',(-56.,2.,28.5));
#2219=CARTESIAN_POINT('',(-60.,0.25,28.5));
#2220=CARTESIAN_POINT('Origin',(-47.5,0.5,32.5));
#2221=CARTESIAN_POINT('',(-39.,-1.,32.5));
#2222=CARTESIAN_POINT('',(-35.,-1.,32.5));
#2223=CARTESIAN_POINT('',(-39.,2.,32.5));
#2224=CARTESIAN_POINT('',(-39.,-0.25,32.5));
#2225=CARTESIAN_POINT('',(-60.,2.,32.5));
#2226=CARTESIAN_POINT('Origin',(-60.,-1.,17.5));
#2227=CARTESIAN_POINT('',(-60.,-1.,17.5));
#2228=CARTESIAN_POINT('',(-60.,-1.,17.5));
#2229=CARTESIAN_POINT('',(-35.,-1.,17.5));
#2230=CARTESIAN_POINT('',(-60.,-1.,17.5));
#2231=CARTESIAN_POINT('',(-35.,-1.,28.5));
#2232=CARTESIAN_POINT('',(-35.,-1.,17.5));
#2233=CARTESIAN_POINT('Origin',(-39.,-1.,28.5));
#2234=CARTESIAN_POINT('Origin',(-39.,-0.25,28.5));
#2235=CARTESIAN_POINT('',(-35.,2.,28.5));
#2236=CARTESIAN_POINT('Origin',(-39.,2.,28.5));
#2237=CARTESIAN_POINT('',(-35.,-0.25,28.5));
#2238=CARTESIAN_POINT('Origin',(-8.88178419700125E-15,2.,0.));
#2239=CARTESIAN_POINT('',(-60.,2.,-17.5));
#2240=CARTESIAN_POINT('',(25.,2.,-17.5));
#2241=CARTESIAN_POINT('',(-60.,2.,-17.5));
#2242=CARTESIAN_POINT('',(-35.,2.,17.5));
#2243=CARTESIAN_POINT('',(-35.,2.,17.5));
#2244=CARTESIAN_POINT('',(25.,2.,17.5));
#2245=CARTESIAN_POINT('',(-60.,2.,17.5));
#2246=CARTESIAN_POINT('',(56.3473861720067,2.,11.1134364167229));
#2247=CARTESIAN_POINT('Origin',(25.,2.,-62.6250000000001));
#2248=CARTESIAN_POINT('',(60.,2.,5.59168142763913));
#2249=CARTESIAN_POINT('Origin',(53.9999999999999,2.,5.59168142763905));
#2250=CARTESIAN_POINT('',(60.,2.,-5.59168142763906));
#2251=CARTESIAN_POINT('',(60.,2.,5.59168142763913));
#2252=CARTESIAN_POINT('',(56.3473861720068,2.,-11.1134364167228));
#2253=CARTESIAN_POINT('Origin',(54.,2.,-5.59168142763907));
#2254=CARTESIAN_POINT('Origin',(24.9999999999999,2.,62.6250000000003));
#2255=CARTESIAN_POINT('',(55.5649241146712,2.,-9.27285142036157));
#2256=CARTESIAN_POINT('',(58.,2.,-5.59168142763907));
#2257=CARTESIAN_POINT('Origin',(54.,2.,-5.59168142763907));
#2258=CARTESIAN_POINT('',(58.,2.,5.5916814276391));
#2259=CARTESIAN_POINT('',(58.,2.,5.5916814276391));
#2260=CARTESIAN_POINT('',(55.5649241146711,2.,9.27285142036163));
#2261=CARTESIAN_POINT('Origin',(53.9999999999999,2.,5.59168142763905));
#2262=CARTESIAN_POINT('',(25.,2.,15.5));
#2263=CARTESIAN_POINT('Origin',(25.,2.,-62.6250000000001));
#2264=CARTESIAN_POINT('',(-58.,2.,15.5));
#2265=CARTESIAN_POINT('',(-58.,2.,15.5));
#2266=CARTESIAN_POINT('',(-58.,2.,-15.5));
#2267=CARTESIAN_POINT('',(-58.,2.,-15.5));
#2268=CARTESIAN_POINT('',(25.,2.,-15.5));
#2269=CARTESIAN_POINT('',(25.,2.,-15.5));
#2270=CARTESIAN_POINT('Origin',(24.9999999999999,2.,62.6250000000003));
#2271=CARTESIAN_POINT('Origin',(-35.,-1.,17.5));
#2272=CARTESIAN_POINT('',(-35.,-0.5,17.5));
#2273=CARTESIAN_POINT('Origin',(-60.,0.,17.5));
#2274=CARTESIAN_POINT('',(-60.,-4.,17.5));
#2275=CARTESIAN_POINT('',(-60.,0.,17.5));
#2276=CARTESIAN_POINT('',(25.,-4.,17.5));
#2277=CARTESIAN_POINT('',(-60.,-4.,17.5));
#2278=CARTESIAN_POINT('',(25.,0.,17.5));
#2279=CARTESIAN_POINT('Origin',(24.9999999999999,0.,62.6250000000003));
#2280=CARTESIAN_POINT('',(55.5649241146712,0.,-9.27285142036158));
#2281=CARTESIAN_POINT('',(25.,0.,-15.5));
#2282=CARTESIAN_POINT('Origin',(24.9999999999999,0.,62.6250000000003));
#2283=CARTESIAN_POINT('',(55.5649241146712,0.,-9.27285142036157));
#2284=CARTESIAN_POINT('',(25.,0.,-15.5));
#2285=CARTESIAN_POINT('Origin',(-58.,0.,-15.5));
#2286=CARTESIAN_POINT('',(-58.,0.,-15.5));
#2287=CARTESIAN_POINT('',(-29.,0.,-15.5));
#2288=CARTESIAN_POINT('',(-58.,0.,-15.5));
#2289=CARTESIAN_POINT('Origin',(-58.,0.,15.5));
#2290=CARTESIAN_POINT('',(-58.,0.,15.5));
#2291=CARTESIAN_POINT('',(-58.,0.,7.75));
#2292=CARTESIAN_POINT('',(-58.,0.,15.5));
#2293=CARTESIAN_POINT('Origin',(25.,0.,15.5));
#2294=CARTESIAN_POINT('',(25.,0.,15.5));
#2295=CARTESIAN_POINT('',(12.5,0.,15.5));
#2296=CARTESIAN_POINT('',(25.,0.,15.5));
#2297=CARTESIAN_POINT('Origin',(25.,0.,-62.6250000000001));
#2298=CARTESIAN_POINT('',(55.5649241146711,0.,9.27285142036162));
#2299=CARTESIAN_POINT('Origin',(25.,0.,-62.6250000000001));
#2300=CARTESIAN_POINT('',(55.5649241146711,0.,9.27285142036163));
#2301=CARTESIAN_POINT('Origin',(53.9999999999999,0.,5.59168142763905));
#2302=CARTESIAN_POINT('',(58.,0.,5.5916814276391));
#2303=CARTESIAN_POINT('Origin',(53.9999999999999,0.,5.59168142763905));
#2304=CARTESIAN_POINT('',(58.,0.,5.5916814276391));
#2305=CARTESIAN_POINT('Origin',(58.,0.,-5.59168142763907));
#2306=CARTESIAN_POINT('',(58.,0.,-5.59168142763907));
#2307=CARTESIAN_POINT('',(58.,0.,-2.79584071381944));
#2308=CARTESIAN_POINT('',(58.,0.,-5.59168142763907));
#2309=CARTESIAN_POINT('Origin',(54.,0.,-5.59168142763907));
#2310=CARTESIAN_POINT('Origin',(54.,0.,-5.59168142763907));
#2311=CARTESIAN_POINT('Origin',(-60.,0.,-17.5));
#2312=CARTESIAN_POINT('',(-60.,-4.,-17.5));
#2313=CARTESIAN_POINT('',(-60.,0.,-17.5));
#2314=CARTESIAN_POINT('',(-60.,-4.,-17.5));
#2315=CARTESIAN_POINT('Origin',(25.,0.,-17.5));
#2316=CARTESIAN_POINT('',(25.,-4.,-17.5));
#2317=CARTESIAN_POINT('',(25.,0.,-17.5));
#2318=CARTESIAN_POINT('',(25.,-4.,-17.5));
#2319=CARTESIAN_POINT('Origin',(24.9999999999999,0.,62.6250000000003));
#2320=CARTESIAN_POINT('',(56.3473861720068,-4.,-11.1134364167228));
#2321=CARTESIAN_POINT('',(56.3473861720068,0.,-11.1134364167228));
#2322=CARTESIAN_POINT('Origin',(24.9999999999999,-4.,62.6250000000003));
#2323=CARTESIAN_POINT('Origin',(54.,0.,-5.59168142763907));
#2324=CARTESIAN_POINT('',(60.,-4.,-5.59168142763906));
#2325=CARTESIAN_POINT('',(60.,0.,-5.59168142763906));
#2326=CARTESIAN_POINT('Origin',(54.,-4.,-5.59168142763907));
#2327=CARTESIAN_POINT('Origin',(60.,0.,5.59168142763913));
#2328=CARTESIAN_POINT('',(60.,-4.,5.59168142763913));
#2329=CARTESIAN_POINT('',(60.,0.,5.59168142763913));
#2330=CARTESIAN_POINT('',(60.,-4.,5.59168142763913));
#2331=CARTESIAN_POINT('Origin',(53.9999999999999,0.,5.59168142763905));
#2332=CARTESIAN_POINT('',(56.3473861720067,-4.,11.1134364167229));
#2333=CARTESIAN_POINT('',(56.3473861720067,0.,11.1134364167229));
#2334=CARTESIAN_POINT('Origin',(53.9999999999999,-4.,5.59168142763905));
#2335=CARTESIAN_POINT('Origin',(25.,0.,-62.6250000000001));
#2336=CARTESIAN_POINT('Origin',(25.,-4.,-62.6250000000001));
#2337=CARTESIAN_POINT('Origin',(-8.88178419700125E-15,-4.,-4.44089209850063E-15));
#2338=CARTESIAN_POINT('Origin',(0.,0.,0.));
#2339=CARTESIAN_POINT('Origin',(-55.,4.5,0.));
#2340=CARTESIAN_POINT('',(-55.,5.5,-1.22464679914735E-16));
#2341=CARTESIAN_POINT('Origin',(-55.,4.5,0.));
#2342=CARTESIAN_POINT('',(52.,5.5,-1.22464679914735E-16));
#2343=CARTESIAN_POINT('',(-55.,5.5,1.22464679914735E-16));
#2344=CARTESIAN_POINT('Origin',(52.,4.5,0.));
#2345=CARTESIAN_POINT('Origin',(48.,0.,-1.49999999999999));
#2346=CARTESIAN_POINT('',(49.3504587155963,12.,-5.2651376146789));
#2347=CARTESIAN_POINT('',(52.,12.,-1.49999999999999));
#2348=CARTESIAN_POINT('Origin',(48.,12.,-1.49999999999999));
#2349=CARTESIAN_POINT('',(52.,0.,-1.49999999999999));
#2350=CARTESIAN_POINT('',(52.,0.,-1.49999999999999));
#2351=CARTESIAN_POINT('',(49.3504587155963,0.,-5.2651376146789));
#2352=CARTESIAN_POINT('Origin',(48.,0.,-1.49999999999999));
#2353=CARTESIAN_POINT('',(49.3504587155963,0.,-5.2651376146789));
#2354=CARTESIAN_POINT('Origin',(-4.44089209850063E-15,0.,-4.44089209850063E-15));
#2355=CARTESIAN_POINT('',(52.,0.,1.49999999999999));
#2356=CARTESIAN_POINT('',(52.,0.,2.12780362078077));
#2357=CARTESIAN_POINT('',(49.3504587155963,0.,5.26513761467889));
#2358=CARTESIAN_POINT('Origin',(48.,0.,1.49999999999998));
#2359=CARTESIAN_POINT('',(46.,0.,6.37511322454478));
#2360=CARTESIAN_POINT('Origin',(24.9999999999999,0.,-62.6250000000004));
#2361=CARTESIAN_POINT('',(46.,0.,-6.37511322454477));
#2362=CARTESIAN_POINT('',(46.,0.,-3.18755661227238));
#2363=CARTESIAN_POINT('Origin',(24.9999999999999,0.,62.6250000000007));
#2364=CARTESIAN_POINT('Origin',(52.,0.,4.25560724156143));
#2365=CARTESIAN_POINT('',(52.,12.,1.49999999999998));
#2366=CARTESIAN_POINT('',(52.,12.,-4.25560724156143));
#2367=CARTESIAN_POINT('',(52.,0.,1.49999999999999));
#2368=CARTESIAN_POINT('Origin',(48.,0.,1.49999999999998));
#2369=CARTESIAN_POINT('',(49.3504587155963,12.,5.26513761467889));
#2370=CARTESIAN_POINT('Origin',(48.,12.,1.49999999999998));
#2371=CARTESIAN_POINT('',(49.3504587155963,0.,5.26513761467888));
#2372=CARTESIAN_POINT('Origin',(-55.,4.5,0.));
#2373=CARTESIAN_POINT('',(17.9725378217315,6.5,-2.44929359829471E-16));
#2374=CARTESIAN_POINT('Origin',(17.9725378217315,4.5,0.));
#2375=CARTESIAN_POINT('',(9.47253782173147,6.5,2.44929359829471E-16));
#2376=CARTESIAN_POINT('',(-55.,6.5,2.44929359829471E-16));
#2377=CARTESIAN_POINT('Origin',(9.47253782173147,4.5,0.));
#2378=CARTESIAN_POINT('Origin',(-55.,4.5,0.));
#2379=CARTESIAN_POINT('',(3.97253782173147,6.5,-2.44929359829471E-16));
#2380=CARTESIAN_POINT('Origin',(3.97253782173147,4.5,0.));
#2381=CARTESIAN_POINT('',(-4.52746217826853,6.5,2.44929359829471E-16));
#2382=CARTESIAN_POINT('',(-55.,6.5,2.44929359829471E-16));
#2383=CARTESIAN_POINT('Origin',(-4.52746217826853,4.5,0.));
#2384=CARTESIAN_POINT('Origin',(-55.,4.5,0.));
#2385=CARTESIAN_POINT('',(-24.0274621782685,6.5,-2.44929359829471E-16));
#2386=CARTESIAN_POINT('Origin',(-24.0274621782685,4.5,0.));
#2387=CARTESIAN_POINT('',(-32.5274621782685,6.5,2.44929359829471E-16));
#2388=CARTESIAN_POINT('',(-55.,6.5,2.44929359829471E-16));
#2389=CARTESIAN_POINT('Origin',(-32.5274621782685,4.5,0.));
#2390=CARTESIAN_POINT('Origin',(-55.,4.5,0.));
#2391=CARTESIAN_POINT('',(-38.0274621782685,6.5,-2.44929359829471E-16));
#2392=CARTESIAN_POINT('Origin',(-38.0274621782685,4.5,0.));
#2393=CARTESIAN_POINT('',(-46.5,6.5,2.44929359829471E-16));
#2394=CARTESIAN_POINT('',(-55.,6.5,2.44929359829471E-16));
#2395=CARTESIAN_POINT('Origin',(-46.5,4.5,0.));
#2396=CARTESIAN_POINT('Origin',(-55.,4.5,0.));
#2397=CARTESIAN_POINT('',(31.9725378217314,6.5,-2.44929359829471E-16));
#2398=CARTESIAN_POINT('Origin',(31.9725378217314,4.5,0.));
#2399=CARTESIAN_POINT('',(23.4725378217315,6.5,2.44929359829471E-16));
#2400=CARTESIAN_POINT('',(-55.,6.5,2.44929359829471E-16));
#2401=CARTESIAN_POINT('Origin',(23.4725378217315,4.5,0.));
#2402=CARTESIAN_POINT('Origin',(-55.,4.5,0.));
#2403=CARTESIAN_POINT('',(-52.,6.5,-2.44929359829471E-16));
#2404=CARTESIAN_POINT('Origin',(-52.,4.5,0.));
#2405=CARTESIAN_POINT('',(-55.,6.5,-2.44929359829471E-16));
#2406=CARTESIAN_POINT('',(-55.,6.5,2.44929359829471E-16));
#2407=CARTESIAN_POINT('Origin',(-55.,4.5,0.));
#2408=CARTESIAN_POINT('Origin',(-55.,4.5,0.));
#2409=CARTESIAN_POINT('',(46.,6.5,-2.44929359829471E-16));
#2410=CARTESIAN_POINT('Origin',(46.,4.5,0.));
#2411=CARTESIAN_POINT('',(37.3538472333719,6.5,2.44929359829471E-16));
#2412=CARTESIAN_POINT('',(-55.,6.5,2.44929359829471E-16));
#2413=CARTESIAN_POINT('Origin',(37.3538472333719,4.5,0.));
#2414=CARTESIAN_POINT('Origin',(-55.,4.5,0.));
#2415=CARTESIAN_POINT('',(-10.0274621782685,6.5,-2.44929359829471E-16));
#2416=CARTESIAN_POINT('Origin',(-10.0274621782685,4.5,0.));
#2417=CARTESIAN_POINT('',(-18.5274621782685,6.5,2.44929359829471E-16));
#2418=CARTESIAN_POINT('',(-55.,6.5,2.44929359829471E-16));
#2419=CARTESIAN_POINT('Origin',(-18.5274621782685,4.5,0.));
#2420=CARTESIAN_POINT('Origin',(-55.,4.5,0.));
#2421=CARTESIAN_POINT('Origin',(-4.44089209850063E-15,0.,-4.44089209850063E-15));
#2422=CARTESIAN_POINT('',(3.97253782173147,0.,9.54493555066287));
#2423=CARTESIAN_POINT('',(9.47253782173147,0.,9.54493555066287));
#2424=CARTESIAN_POINT('',(1.98626891086574,0.,9.54493555066287));
#2425=CARTESIAN_POINT('',(3.97253782173147,0.,-9.45506444933713));
#2426=CARTESIAN_POINT('',(3.97253782173147,0.,-4.72753222466857));
#2427=CARTESIAN_POINT('',(9.47253782173147,0.,-9.45506444933713));
#2428=CARTESIAN_POINT('',(4.73626891086574,0.,-9.45506444933713));
#2429=CARTESIAN_POINT('',(9.47253782173147,0.,4.77246777533144));
#2430=CARTESIAN_POINT('Origin',(3.97253782173147,0.,9.54493555066287));
#2431=CARTESIAN_POINT('',(9.47253782173147,12.,9.54493555066287));
#2432=CARTESIAN_POINT('',(9.47253782173147,0.,9.54493555066287));
#2433=CARTESIAN_POINT('',(3.97253782173147,12.,9.54493555066287));
#2434=CARTESIAN_POINT('',(3.97253782173147,12.,9.54493555066287));
#2435=CARTESIAN_POINT('',(3.97253782173147,0.,9.54493555066287));
#2436=CARTESIAN_POINT('Origin',(3.97253782173147,0.,-9.45506444933713));
#2437=CARTESIAN_POINT('',(3.97253782173147,12.,-9.45506444933713));
#2438=CARTESIAN_POINT('',(3.97253782173147,12.,-9.45506444933713));
#2439=CARTESIAN_POINT('',(3.97253782173147,0.,-9.45506444933713));
#2440=CARTESIAN_POINT('Origin',(9.47253782173147,0.,-9.45506444933713));
#2441=CARTESIAN_POINT('',(9.47253782173147,12.,-9.45506444933713));
#2442=CARTESIAN_POINT('',(9.47253782173147,12.,-9.45506444933713));
#2443=CARTESIAN_POINT('',(9.47253782173147,0.,-9.45506444933713));
#2444=CARTESIAN_POINT('Origin',(9.47253782173147,0.,9.54493555066287));
#2445=CARTESIAN_POINT('',(9.47253782173147,12.,9.54493555066287));
#2446=CARTESIAN_POINT('Origin',(6.72253782173147,12.,0.044935550662869));
#2447=CARTESIAN_POINT('Origin',(-35.2774621782685,12.,0.0449355506628712));
#2448=CARTESIAN_POINT('',(-38.0274621782685,12.,-9.45506444933713));
#2449=CARTESIAN_POINT('',(-38.0274621782685,12.,9.54493555066287));
#2450=CARTESIAN_POINT('',(-38.0274621782685,12.,9.54493555066287));
#2451=CARTESIAN_POINT('',(-32.5274621782685,12.,9.54493555066287));
#2452=CARTESIAN_POINT('',(-38.0274621782685,12.,9.54493555066287));
#2453=CARTESIAN_POINT('',(-32.5274621782685,12.,-9.45506444933713));
#2454=CARTESIAN_POINT('',(-32.5274621782685,12.,9.54493555066287));
#2455=CARTESIAN_POINT('',(-38.0274621782685,12.,-9.45506444933713));
#2456=CARTESIAN_POINT('Origin',(-38.0274621782685,0.,-9.45506444933713));
#2457=CARTESIAN_POINT('',(-38.0274621782685,0.,-9.45506444933713));
#2458=CARTESIAN_POINT('',(-38.0274621782685,0.,9.54493555066287));
#2459=CARTESIAN_POINT('',(-38.0274621782685,0.,-4.72753222466856));
#2460=CARTESIAN_POINT('',(-38.0274621782685,0.,9.54493555066287));
#2461=CARTESIAN_POINT('',(-38.0274621782685,0.,-9.45506444933713));
#2462=CARTESIAN_POINT('Origin',(-38.0274621782685,0.,9.54493555066287));
#2463=CARTESIAN_POINT('',(-32.5274621782685,0.,9.54493555066287));
#2464=CARTESIAN_POINT('',(-19.0137310891343,0.,9.54493555066287));
#2465=CARTESIAN_POINT('',(-32.5274621782685,0.,9.54493555066287));
#2466=CARTESIAN_POINT('Origin',(-32.5274621782685,0.,9.54493555066287));
#2467=CARTESIAN_POINT('',(-32.5274621782685,0.,-9.45506444933713));
#2468=CARTESIAN_POINT('',(-32.5274621782685,0.,4.77246777533144));
#2469=CARTESIAN_POINT('',(-32.5274621782685,0.,-9.45506444933713));
#2470=CARTESIAN_POINT('Origin',(-32.5274621782685,0.,-9.45506444933713));
#2471=CARTESIAN_POINT('',(-16.2637310891343,0.,-9.45506444933713));
#2472=CARTESIAN_POINT('Origin',(-4.44089209850063E-15,0.,-4.44089209850063E-15));
#2473=CARTESIAN_POINT('Origin',(20.7225378217315,12.,0.044935550662869));
#2474=CARTESIAN_POINT('',(23.4725378217315,12.,9.54493555066287));
#2475=CARTESIAN_POINT('',(23.4725378217315,12.,-9.45506444933713));
#2476=CARTESIAN_POINT('',(23.4725378217315,12.,9.54493555066287));
#2477=CARTESIAN_POINT('',(17.9725378217315,12.,-9.45506444933713));
#2478=CARTESIAN_POINT('',(23.4725378217315,12.,-9.45506444933713));
#2479=CARTESIAN_POINT('',(17.9725378217315,12.,9.54493555066287));
#2480=CARTESIAN_POINT('',(17.9725378217315,12.,-9.45506444933713));
#2481=CARTESIAN_POINT('',(17.9725378217315,12.,9.54493555066287));
#2482=CARTESIAN_POINT('Origin',(23.4725378217315,0.,9.54493555066287));
#2483=CARTESIAN_POINT('',(23.4725378217315,0.,9.54493555066287));
#2484=CARTESIAN_POINT('',(23.4725378217315,0.,-9.45506444933713));
#2485=CARTESIAN_POINT('',(23.4725378217315,0.,4.77246777533144));
#2486=CARTESIAN_POINT('',(23.4725378217315,0.,-9.45506444933713));
#2487=CARTESIAN_POINT('',(23.4725378217315,0.,9.54493555066287));
#2488=CARTESIAN_POINT('Origin',(23.4725378217315,0.,-9.45506444933713));
#2489=CARTESIAN_POINT('',(17.9725378217315,0.,-9.45506444933713));
#2490=CARTESIAN_POINT('',(11.7362689108657,0.,-9.45506444933713));
#2491=CARTESIAN_POINT('',(17.9725378217315,0.,-9.45506444933713));
#2492=CARTESIAN_POINT('Origin',(17.9725378217315,0.,-9.45506444933713));
#2493=CARTESIAN_POINT('',(17.9725378217315,0.,9.54493555066287));
#2494=CARTESIAN_POINT('',(17.9725378217315,0.,-4.72753222466857));
#2495=CARTESIAN_POINT('',(17.9725378217315,0.,9.54493555066287));
#2496=CARTESIAN_POINT('Origin',(17.9725378217315,0.,9.54493555066287));
#2497=CARTESIAN_POINT('',(8.98626891086574,0.,9.54493555066287));
#2498=CARTESIAN_POINT('Origin',(-4.44089209850063E-15,0.,-4.44089209850063E-15));
#2499=CARTESIAN_POINT('Origin',(-49.25,12.,-1.11022302462516E-15));
#2500=CARTESIAN_POINT('',(-46.5,12.,-9.5));
#2501=CARTESIAN_POINT('',(-52.,12.,-9.5));
#2502=CARTESIAN_POINT('',(-46.5,12.,-9.5));
#2503=CARTESIAN_POINT('',(-52.,12.,9.5));
#2504=CARTESIAN_POINT('',(-52.,12.,-9.5));
#2505=CARTESIAN_POINT('',(-46.5,12.,9.5));
#2506=CARTESIAN_POINT('',(-52.,12.,9.5));
#2507=CARTESIAN_POINT('',(-46.5,12.,9.5));
#2508=CARTESIAN_POINT('Origin',(-46.5,0.,-9.5));
#2509=CARTESIAN_POINT('',(-46.5,0.,-9.5));
#2510=CARTESIAN_POINT('',(-52.,0.,-9.5));
#2511=CARTESIAN_POINT('',(-23.25,0.,-9.5));
#2512=CARTESIAN_POINT('',(-52.,0.,-9.5));
#2513=CARTESIAN_POINT('',(-46.5,0.,-9.5));
#2514=CARTESIAN_POINT('Origin',(-52.,0.,-9.5));
#2515=CARTESIAN_POINT('',(-52.,0.,9.5));
#2516=CARTESIAN_POINT('',(-52.,0.,-4.75));
#2517=CARTESIAN_POINT('',(-52.,0.,9.5));
#2518=CARTESIAN_POINT('Origin',(-52.,0.,9.5));
#2519=CARTESIAN_POINT('',(-46.5,0.,9.5));
#2520=CARTESIAN_POINT('',(-26.,0.,9.5));
#2521=CARTESIAN_POINT('',(-46.5,0.,9.5));
#2522=CARTESIAN_POINT('Origin',(-46.5,0.,9.5));
#2523=CARTESIAN_POINT('',(-46.5,0.,4.75));
#2524=CARTESIAN_POINT('Origin',(-4.44089209850063E-15,0.,-4.44089209850063E-15));
#2525=CARTESIAN_POINT('Origin',(24.9999999999999,0.,62.6250000000007));
#2526=CARTESIAN_POINT('',(46.,12.,-6.37511322454477));
#2527=CARTESIAN_POINT('',(46.,0.,-6.37511322454477));
#2528=CARTESIAN_POINT('Origin',(24.9999999999999,12.,62.6250000000007));
#2529=CARTESIAN_POINT('Origin',(24.9999999999999,0.,-62.6250000000004));
#2530=CARTESIAN_POINT('',(46.,12.,6.37511322454478));
#2531=CARTESIAN_POINT('Origin',(24.9999999999999,12.,-62.6250000000004));
#2532=CARTESIAN_POINT('',(46.,0.,6.37511322454478));
#2533=CARTESIAN_POINT('Origin',(46.,0.,-6.37511322454477));
#2534=CARTESIAN_POINT('',(46.,12.,-4.25560724156144));
#2535=CARTESIAN_POINT('Origin',(49.,12.,4.44089209850063E-15));
#2536=CARTESIAN_POINT('Origin',(-4.44089209850063E-15,0.,-4.44089209850063E-15));
#2537=CARTESIAN_POINT('',(31.9725378217315,0.,9.16218089829496));
#2538=CARTESIAN_POINT('',(37.3474765788474,0.,8.4352240858753));
#2539=CARTESIAN_POINT('Origin',(24.9999999999999,0.,-62.6250000000004));
#2540=CARTESIAN_POINT('',(31.9725378217314,0.,-9.16218089829496));
#2541=CARTESIAN_POINT('',(31.9725378217314,0.,-4.58109044914752));
#2542=CARTESIAN_POINT('',(37.3538472333719,0.,-8.43411682208349));
#2543=CARTESIAN_POINT('Origin',(24.9999999999999,0.,62.6250000000007));
#2544=CARTESIAN_POINT('',(37.3538472333719,0.,7.81597591802898));
#2545=CARTESIAN_POINT('',(37.3538472333719,0.,3.90798795901449));
#2546=CARTESIAN_POINT('',(37.3888854492641,0.,4.41014832018656));
#2547=CARTESIAN_POINT('Origin',(24.9999999999999,0.,-62.6250000000004));
#2548=CARTESIAN_POINT('',(37.3474765788474,12.,8.4352240858753));
#2549=CARTESIAN_POINT('',(37.3474765788474,0.,8.4352240858753));
#2550=CARTESIAN_POINT('',(31.9725378217315,12.,9.16218089829496));
#2551=CARTESIAN_POINT('Origin',(24.9999999999999,12.,-62.6250000000004));
#2552=CARTESIAN_POINT('',(31.9725378217315,0.,9.16218089829496));
#2553=CARTESIAN_POINT('Origin',(31.9725378217314,0.,-9.16218089829496));
#2554=CARTESIAN_POINT('',(31.9725378217314,12.,-9.16218089829496));
#2555=CARTESIAN_POINT('',(31.9725378217315,12.,9.39051616321939));
#2556=CARTESIAN_POINT('',(31.9725378217314,0.,-9.16218089829496));
#2557=CARTESIAN_POINT('Origin',(24.9999999999999,0.,62.6250000000007));
#2558=CARTESIAN_POINT('',(37.3538472333719,12.,-8.43411682208349));
#2559=CARTESIAN_POINT('Origin',(24.9999999999999,12.,62.6250000000007));
#2560=CARTESIAN_POINT('',(37.3538472333719,0.,-8.43411682208349));
#2561=CARTESIAN_POINT('Origin',(37.3538472333719,0.,7.81597591802898));
#2562=CARTESIAN_POINT('',(37.3538472333719,12.,7.81597591802898));
#2563=CARTESIAN_POINT('',(37.3538472333719,12.,7.81597591802898));
#2564=CARTESIAN_POINT('',(37.3538472333719,0.,7.81597591802898));
#2565=CARTESIAN_POINT('Origin',(37.3474765788474,0.,8.4352240858753));
#2566=CARTESIAN_POINT('',(37.3538472333719,12.,7.81597591802898));
#2567=CARTESIAN_POINT('Origin',(34.6631925275517,12.,-1.11022302462516E-15));
#2568=CARTESIAN_POINT('Origin',(-4.44089209850063E-15,0.,-4.44089209850063E-15));
#2569=CARTESIAN_POINT('',(-10.0274621782685,0.,9.54493555066287));
#2570=CARTESIAN_POINT('',(-4.52746217826853,0.,9.54493555066287));
#2571=CARTESIAN_POINT('',(-5.01373108913426,0.,9.54493555066287));
#2572=CARTESIAN_POINT('',(-10.0274621782685,0.,-9.45506444933713));
#2573=CARTESIAN_POINT('',(-10.0274621782685,0.,-4.72753222466856));
#2574=CARTESIAN_POINT('',(-4.52746217826853,0.,-9.45506444933713));
#2575=CARTESIAN_POINT('',(-2.26373108913426,0.,-9.45506444933713));
#2576=CARTESIAN_POINT('',(-4.52746217826853,0.,4.77246777533144));
#2577=CARTESIAN_POINT('Origin',(-10.0274621782685,0.,9.54493555066287));
#2578=CARTESIAN_POINT('',(-4.52746217826853,12.,9.54493555066287));
#2579=CARTESIAN_POINT('',(-4.52746217826853,0.,9.54493555066287));
#2580=CARTESIAN_POINT('',(-10.0274621782685,12.,9.54493555066287));
#2581=CARTESIAN_POINT('',(-10.0274621782685,12.,9.54493555066287));
#2582=CARTESIAN_POINT('',(-10.0274621782685,0.,9.54493555066287));
#2583=CARTESIAN_POINT('Origin',(-10.0274621782685,0.,-9.45506444933713));
#2584=CARTESIAN_POINT('',(-10.0274621782685,12.,-9.45506444933713));
#2585=CARTESIAN_POINT('',(-10.0274621782685,12.,-9.45506444933713));
#2586=CARTESIAN_POINT('',(-10.0274621782685,0.,-9.45506444933713));
#2587=CARTESIAN_POINT('Origin',(-4.52746217826853,0.,-9.45506444933713));
#2588=CARTESIAN_POINT('',(-4.52746217826853,12.,-9.45506444933713));
#2589=CARTESIAN_POINT('',(-4.52746217826853,12.,-9.45506444933713));
#2590=CARTESIAN_POINT('',(-4.52746217826853,0.,-9.45506444933713));
#2591=CARTESIAN_POINT('Origin',(-4.52746217826853,0.,9.54493555066287));
#2592=CARTESIAN_POINT('',(-4.52746217826853,12.,9.54493555066287));
#2593=CARTESIAN_POINT('Origin',(-7.27746217826853,12.,0.0449355506628712));
#2594=CARTESIAN_POINT('Origin',(-4.44089209850063E-15,0.,-4.44089209850063E-15));
#2595=CARTESIAN_POINT('',(-24.0274621782685,0.,-9.45506444933713));
#2596=CARTESIAN_POINT('',(-24.0274621782685,0.,9.54493555066287));
#2597=CARTESIAN_POINT('',(-24.0274621782685,0.,-4.72753222466856));
#2598=CARTESIAN_POINT('',(-18.5274621782685,0.,-9.45506444933713));
#2599=CARTESIAN_POINT('',(-9.26373108913426,0.,-9.45506444933713));
#2600=CARTESIAN_POINT('',(-18.5274621782685,0.,9.54493555066287));
#2601=CARTESIAN_POINT('',(-18.5274621782685,0.,4.77246777533144));
#2602=CARTESIAN_POINT('',(-12.0137310891343,0.,9.54493555066287));
#2603=CARTESIAN_POINT('Origin',(-24.0274621782685,0.,-9.45506444933713));
#2604=CARTESIAN_POINT('',(-24.0274621782685,12.,9.54493555066287));
#2605=CARTESIAN_POINT('',(-24.0274621782685,0.,9.54493555066287));
#2606=CARTESIAN_POINT('',(-24.0274621782685,12.,-9.45506444933713));
#2607=CARTESIAN_POINT('',(-24.0274621782685,12.,9.54493555066287));
#2608=CARTESIAN_POINT('',(-24.0274621782685,0.,-9.45506444933713));
#2609=CARTESIAN_POINT('Origin',(-18.5274621782685,0.,-9.45506444933713));
#2610=CARTESIAN_POINT('',(-18.5274621782685,12.,-9.45506444933713));
#2611=CARTESIAN_POINT('',(-24.0274621782685,12.,-9.45506444933713));
#2612=CARTESIAN_POINT('',(-18.5274621782685,0.,-9.45506444933713));
#2613=CARTESIAN_POINT('Origin',(-18.5274621782685,0.,9.54493555066287));
#2614=CARTESIAN_POINT('',(-18.5274621782685,12.,9.54493555066287));
#2615=CARTESIAN_POINT('',(-18.5274621782685,12.,-9.45506444933713));
#2616=CARTESIAN_POINT('',(-18.5274621782685,0.,9.54493555066287));
#2617=CARTESIAN_POINT('Origin',(-24.0274621782685,0.,9.54493555066287));
#2618=CARTESIAN_POINT('',(-18.5274621782685,12.,9.54493555066287));
#2619=CARTESIAN_POINT('Origin',(-21.2774621782685,12.,0.0449355506628712));
#2620=UNCERTAINTY_MEASURE_WITH_UNIT(LENGTH_MEASURE(0.01),#2624,
'DISTANCE_ACCURACY_VALUE',
'Maximum model space distance between geometric entities at asserted c
onnectivities');
#2621=UNCERTAINTY_MEASURE_WITH_UNIT(LENGTH_MEASURE(0.01),#2624,
'DISTANCE_ACCURACY_VALUE',
'Maximum model space distance between geometric entities at asserted c
onnectivities');
#2622=(
GEOMETRIC_REPRESENTATION_CONTEXT(3)
GLOBAL_UNCERTAINTY_ASSIGNED_CONTEXT((#2620))
GLOBAL_UNIT_ASSIGNED_CONTEXT((#2624,#2626,#2627))
REPRESENTATION_CONTEXT('','3D')
);
#2623=(
GEOMETRIC_REPRESENTATION_CONTEXT(3)
GLOBAL_UNCERTAINTY_ASSIGNED_CONTEXT((#2621))
GLOBAL_UNIT_ASSIGNED_CONTEXT((#2624,#2626,#2627))
REPRESENTATION_CONTEXT('','3D')
);
#2624=(
LENGTH_UNIT()
NAMED_UNIT(*)
SI_UNIT(.MILLI.,.METRE.)
);
#2625=(
LENGTH_UNIT()
NAMED_UNIT(*)
SI_UNIT($,.METRE.)
);
#2626=(
NAMED_UNIT(*)
PLANE_ANGLE_UNIT()
SI_UNIT($,.RADIAN.)
);
#2627=(
NAMED_UNIT(*)
SI_UNIT($,.STERADIAN.)
SOLID_ANGLE_UNIT()
);
#2628=SHAPE_DEFINITION_REPRESENTATION(#2629,#2630);
#2629=PRODUCT_DEFINITION_SHAPE('',$,#2632);
#2630=SHAPE_REPRESENTATION('',(#1577),#2622);
#2631=PRODUCT_DEFINITION_CONTEXT('part definition',#2636,'design');
#2632=PRODUCT_DEFINITION('PNeu','PNeu v5',#2633,#2631);
#2633=PRODUCT_DEFINITION_FORMATION('',$,#2638);
#2634=PRODUCT_RELATED_PRODUCT_CATEGORY('PNeu v5','PNeu v5',(#2638));
#2635=APPLICATION_PROTOCOL_DEFINITION('international standard',
'automotive_design',2009,#2636);
#2636=APPLICATION_CONTEXT(
'Core Data for Automotive Mechanical Design Process');
#2637=PRODUCT_CONTEXT('part definition',#2636,'mechanical');
#2638=PRODUCT('PNeu','PNeu v5',$,(#2637));
#2639=PRESENTATION_STYLE_ASSIGNMENT((#2640));
#2640=SURFACE_STYLE_USAGE(.BOTH.,#2641);
#2641=SURFACE_SIDE_STYLE('',(#2642));
#2642=SURFACE_STYLE_FILL_AREA(#2643);
#2643=FILL_AREA_STYLE('Steel - Satin',(#2644));
#2644=FILL_AREA_STYLE_COLOUR('Steel - Satin',#2645);
#2645=COLOUR_RGB('Steel - Satin',0.627450980392157,0.627450980392157,0.627450980392157);
ENDSEC;
END-ISO-10303-21;
