ISO-10303-21;
HEADER;
/* Generated by software containing ST-Developer
 * from STEP Tools, Inc. (www.steptools.com) 
 */

FILE_DESCRIPTION(
/* description */ (''),
/* implementation_level */ '2;1');

FILE_NAME(
/* name */ 'Pneu_UpperCase.step',
/* time_stamp */ '2026-09-14T15:50:38+05:30',
/* author */ (''),
/* organization */ (''),
/* preprocessor_version */ 'ST-DEVELOPER v20.2',
/* originating_system */ 'Autodesk Translation Framework v15.15.0.0',
/* authorisation */ '');

FILE_SCHEMA (('AUTOMOTIVE_DESIGN { 1 0 10303 214 3 1 1 }'));
ENDSEC;

DATA;
#10=MECHANICAL_DESIGN_GEOMETRIC_PRESENTATION_REPRESENTATION('',(#13),#2371);
#11=SHAPE_REPRESENTATION_RELATIONSHIP('SRR','None',#2378,#12);
#12=ADVANCED_BREP_SHAPE_REPRESENTATION('',(#14),#2370);
#13=STYLED_ITEM('',(#2387),#14);
#14=MANIFOLD_SOLID_BREP('Body11',#1435);
#15=ELLIPSE('',#1510,2.00001051370888,2.);
#16=FACE_BOUND('',#139,.T.);
#17=FACE_BOUND('',#140,.T.);
#18=FACE_BOUND('',#141,.T.);
#19=FACE_BOUND('',#142,.T.);
#20=FACE_BOUND('',#143,.T.);
#21=FACE_BOUND('',#144,.T.);
#22=FACE_BOUND('',#145,.T.);
#23=FACE_BOUND('',#146,.T.);
#24=FACE_BOUND('',#158,.T.);
#25=PLANE('',#1452);
#26=PLANE('',#1453);
#27=PLANE('',#1472);
#28=PLANE('',#1473);
#29=PLANE('',#1474);
#30=PLANE('',#1478);
#31=PLANE('',#1479);
#32=PLANE('',#1482);
#33=PLANE('',#1483);
#34=PLANE('',#1484);
#35=PLANE('',#1514);
#36=PLANE('',#1516);
#37=PLANE('',#1518);
#38=PLANE('',#1519);
#39=PLANE('',#1520);
#40=PLANE('',#1521);
#41=PLANE('',#1522);
#42=PLANE('',#1523);
#43=PLANE('',#1524);
#44=PLANE('',#1525);
#45=PLANE('',#1526);
#46=PLANE('',#1527);
#47=PLANE('',#1528);
#48=PLANE('',#1529);
#49=PLANE('',#1530);
#50=PLANE('',#1531);
#51=PLANE('',#1532);
#52=PLANE('',#1533);
#53=PLANE('',#1534);
#54=PLANE('',#1535);
#55=PLANE('',#1536);
#56=PLANE('',#1537);
#57=PLANE('',#1538);
#58=PLANE('',#1539);
#59=PLANE('',#1540);
#60=PLANE('',#1542);
#61=PLANE('',#1543);
#62=PLANE('',#1544);
#63=PLANE('',#1546);
#64=PLANE('',#1548);
#65=PLANE('',#1549);
#66=PLANE('',#1550);
#67=PLANE('',#1553);
#68=PLANE('',#1555);
#69=PLANE('',#1556);
#70=PLANE('',#1559);
#71=FACE_OUTER_BOUND('',#136,.T.);
#72=FACE_OUTER_BOUND('',#137,.T.);
#73=FACE_OUTER_BOUND('',#138,.T.);
#74=FACE_OUTER_BOUND('',#147,.T.);
#75=FACE_OUTER_BOUND('',#148,.T.);
#76=FACE_OUTER_BOUND('',#149,.T.);
#77=FACE_OUTER_BOUND('',#150,.T.);
#78=FACE_OUTER_BOUND('',#151,.T.);
#79=FACE_OUTER_BOUND('',#152,.T.);
#80=FACE_OUTER_BOUND('',#153,.T.);
#81=FACE_OUTER_BOUND('',#154,.T.);
#82=FACE_OUTER_BOUND('',#155,.T.);
#83=FACE_OUTER_BOUND('',#156,.T.);
#84=FACE_OUTER_BOUND('',#157,.T.);
#85=FACE_OUTER_BOUND('',#159,.T.);
#86=FACE_OUTER_BOUND('',#160,.T.);
#87=FACE_OUTER_BOUND('',#161,.T.);
#88=FACE_OUTER_BOUND('',#162,.T.);
#89=FACE_OUTER_BOUND('',#163,.T.);
#90=FACE_OUTER_BOUND('',#164,.T.);
#91=FACE_OUTER_BOUND('',#165,.T.);
#92=FACE_OUTER_BOUND('',#166,.T.);
#93=FACE_OUTER_BOUND('',#167,.T.);
#94=FACE_OUTER_BOUND('',#168,.T.);
#95=FACE_OUTER_BOUND('',#169,.T.);
#96=FACE_OUTER_BOUND('',#170,.T.);
#97=FACE_OUTER_BOUND('',#171,.T.);
#98=FACE_OUTER_BOUND('',#172,.T.);
#99=FACE_OUTER_BOUND('',#173,.T.);
#100=FACE_OUTER_BOUND('',#174,.T.);
#101=FACE_OUTER_BOUND('',#175,.T.);
#102=FACE_OUTER_BOUND('',#176,.T.);
#103=FACE_OUTER_BOUND('',#177,.T.);
#104=FACE_OUTER_BOUND('',#178,.T.);
#105=FACE_OUTER_BOUND('',#179,.T.);
#106=FACE_OUTER_BOUND('',#180,.T.);
#107=FACE_OUTER_BOUND('',#181,.T.);
#108=FACE_OUTER_BOUND('',#182,.T.);
#109=FACE_OUTER_BOUND('',#183,.T.);
#110=FACE_OUTER_BOUND('',#184,.T.);
#111=FACE_OUTER_BOUND('',#185,.T.);
#112=FACE_OUTER_BOUND('',#186,.T.);
#113=FACE_OUTER_BOUND('',#187,.T.);
#114=FACE_OUTER_BOUND('',#188,.T.);
#115=FACE_OUTER_BOUND('',#189,.T.);
#116=FACE_OUTER_BOUND('',#190,.T.);
#117=FACE_OUTER_BOUND('',#191,.T.);
#118=FACE_OUTER_BOUND('',#192,.T.);
#119=FACE_OUTER_BOUND('',#193,.T.);
#120=FACE_OUTER_BOUND('',#194,.T.);
#121=FACE_OUTER_BOUND('',#195,.T.);
#122=FACE_OUTER_BOUND('',#196,.T.);
#123=FACE_OUTER_BOUND('',#197,.T.);
#124=FACE_OUTER_BOUND('',#198,.T.);
#125=FACE_OUTER_BOUND('',#199,.T.);
#126=FACE_OUTER_BOUND('',#200,.T.);
#127=FACE_OUTER_BOUND('',#201,.T.);
#128=FACE_OUTER_BOUND('',#202,.T.);
#129=FACE_OUTER_BOUND('',#203,.T.);
#130=FACE_OUTER_BOUND('',#204,.T.);
#131=FACE_OUTER_BOUND('',#205,.T.);
#132=FACE_OUTER_BOUND('',#206,.T.);
#133=FACE_OUTER_BOUND('',#207,.T.);
#134=FACE_OUTER_BOUND('',#208,.T.);
#135=FACE_OUTER_BOUND('',#209,.T.);
#136=EDGE_LOOP('',(#931,#932,#933,#934));
#137=EDGE_LOOP('',(#935,#936,#937,#938));
#138=EDGE_LOOP('',(#939,#940,#941,#942,#943,#944,#945,#946,#947,#948,#949,
#950,#951,#952,#953,#954,#955,#956));
#139=EDGE_LOOP('',(#957,#958,#959,#960));
#140=EDGE_LOOP('',(#961,#962,#963,#964));
#141=EDGE_LOOP('',(#965,#966,#967,#968,#969,#970));
#142=EDGE_LOOP('',(#971,#972,#973,#974));
#143=EDGE_LOOP('',(#975,#976,#977,#978));
#144=EDGE_LOOP('',(#979,#980,#981,#982));
#145=EDGE_LOOP('',(#983,#984,#985,#986,#987,#988,#989));
#146=EDGE_LOOP('',(#990,#991,#992,#993));
#147=EDGE_LOOP('',(#994,#995,#996,#997));
#148=EDGE_LOOP('',(#998,#999,#1000,#1001));
#149=EDGE_LOOP('',(#1002,#1003,#1004,#1005));
#150=EDGE_LOOP('',(#1006,#1007,#1008,#1009,#1010,#1011));
#151=EDGE_LOOP('',(#1012,#1013,#1014,#1015));
#152=EDGE_LOOP('',(#1016,#1017,#1018,#1019));
#153=EDGE_LOOP('',(#1020,#1021,#1022,#1023,#1024,#1025));
#154=EDGE_LOOP('',(#1026,#1027,#1028,#1029));
#155=EDGE_LOOP('',(#1030,#1031,#1032,#1033));
#156=EDGE_LOOP('',(#1034,#1035,#1036,#1037,#1038,#1039));
#157=EDGE_LOOP('',(#1040,#1041,#1042,#1043,#1044,#1045,#1046,#1047));
#158=EDGE_LOOP('',(#1048,#1049,#1050,#1051,#1052,#1053,#1054,#1055));
#159=EDGE_LOOP('',(#1056,#1057,#1058,#1059));
#160=EDGE_LOOP('',(#1060,#1061,#1062,#1063));
#161=EDGE_LOOP('',(#1064,#1065,#1066,#1067));
#162=EDGE_LOOP('',(#1068,#1069,#1070,#1071));
#163=EDGE_LOOP('',(#1072,#1073,#1074,#1075));
#164=EDGE_LOOP('',(#1076,#1077,#1078,#1079));
#165=EDGE_LOOP('',(#1080,#1081,#1082,#1083));
#166=EDGE_LOOP('',(#1084,#1085,#1086,#1087));
#167=EDGE_LOOP('',(#1088,#1089,#1090,#1091));
#168=EDGE_LOOP('',(#1092,#1093,#1094,#1095,#1096,#1097));
#169=EDGE_LOOP('',(#1098,#1099,#1100,#1101));
#170=EDGE_LOOP('',(#1102,#1103,#1104,#1105));
#171=EDGE_LOOP('',(#1106,#1107,#1108,#1109));
#172=EDGE_LOOP('',(#1110,#1111,#1112,#1113));
#173=EDGE_LOOP('',(#1114,#1115,#1116,#1117));
#174=EDGE_LOOP('',(#1118,#1119,#1120,#1121));
#175=EDGE_LOOP('',(#1122,#1123,#1124,#1125,#1126,#1127));
#176=EDGE_LOOP('',(#1128,#1129,#1130,#1131,#1132,#1133));
#177=EDGE_LOOP('',(#1134,#1135,#1136,#1137));
#178=EDGE_LOOP('',(#1138,#1139,#1140,#1141,#1142,#1143));
#179=EDGE_LOOP('',(#1144,#1145,#1146,#1147,#1148,#1149));
#180=EDGE_LOOP('',(#1150,#1151,#1152,#1153));
#181=EDGE_LOOP('',(#1154,#1155,#1156,#1157,#1158,#1159));
#182=EDGE_LOOP('',(#1160,#1161,#1162,#1163,#1164,#1165));
#183=EDGE_LOOP('',(#1166,#1167,#1168,#1169));
#184=EDGE_LOOP('',(#1170,#1171,#1172,#1173,#1174,#1175));
#185=EDGE_LOOP('',(#1176,#1177,#1178,#1179,#1180,#1181));
#186=EDGE_LOOP('',(#1182,#1183,#1184,#1185));
#187=EDGE_LOOP('',(#1186,#1187,#1188,#1189,#1190,#1191));
#188=EDGE_LOOP('',(#1192,#1193,#1194,#1195,#1196,#1197));
#189=EDGE_LOOP('',(#1198,#1199,#1200,#1201));
#190=EDGE_LOOP('',(#1202,#1203,#1204,#1205,#1206));
#191=EDGE_LOOP('',(#1207,#1208,#1209,#1210,#1211,#1212));
#192=EDGE_LOOP('',(#1213,#1214,#1215,#1216,#1217,#1218));
#193=EDGE_LOOP('',(#1219,#1220,#1221,#1222));
#194=EDGE_LOOP('',(#1223,#1224,#1225,#1226,#1227,#1228));
#195=EDGE_LOOP('',(#1229,#1230,#1231,#1232,#1233,#1234,#1235,#1236,#1237,
#1238,#1239,#1240));
#196=EDGE_LOOP('',(#1241,#1242,#1243,#1244,#1245,#1246,#1247,#1248,#1249,
#1250,#1251,#1252,#1253,#1254,#1255,#1256,#1257,#1258,#1259,#1260,#1261,
#1262,#1263,#1264));
#197=EDGE_LOOP('',(#1265,#1266,#1267,#1268));
#198=EDGE_LOOP('',(#1269,#1270,#1271,#1272,#1273,#1274,#1275,#1276,#1277,
#1278,#1279,#1280,#1281,#1282,#1283,#1284,#1285,#1286,#1287,#1288,#1289,
#1290,#1291,#1292));
#199=EDGE_LOOP('',(#1293,#1294,#1295,#1296,#1297,#1298,#1299,#1300,#1301,
#1302,#1303,#1304));
#200=EDGE_LOOP('',(#1305,#1306,#1307,#1308));
#201=EDGE_LOOP('',(#1309,#1310,#1311,#1312));
#202=EDGE_LOOP('',(#1313,#1314,#1315,#1316));
#203=EDGE_LOOP('',(#1317,#1318,#1319,#1320));
#204=EDGE_LOOP('',(#1321,#1322,#1323,#1324,#1325,#1326));
#205=EDGE_LOOP('',(#1327,#1328,#1329,#1330));
#206=EDGE_LOOP('',(#1331,#1332,#1333,#1334));
#207=EDGE_LOOP('',(#1335,#1336,#1337,#1338));
#208=EDGE_LOOP('',(#1339,#1340,#1341,#1342));
#209=EDGE_LOOP('',(#1343,#1344,#1345,#1346,#1347,#1348,#1349,#1350));
#210=LINE('',#1958,#372);
#211=LINE('',#1961,#373);
#212=LINE('',#1964,#374);
#213=LINE('',#1966,#375);
#214=LINE('',#1967,#376);
#215=LINE('',#1970,#377);
#216=LINE('',#1974,#378);
#217=LINE('',#1978,#379);
#218=LINE('',#1980,#380);
#219=LINE('',#1984,#381);
#220=LINE('',#1988,#382);
#221=LINE('',#1990,#383);
#222=LINE('',#1996,#384);
#223=LINE('',#2002,#385);
#224=LINE('',#2004,#386);
#225=LINE('',#2006,#387);
#226=LINE('',#2007,#388);
#227=LINE('',#2010,#389);
#228=LINE('',#2012,#390);
#229=LINE('',#2014,#391);
#230=LINE('',#2015,#392);
#231=LINE('',#2022,#393);
#232=LINE('',#2027,#394);
#233=LINE('',#2030,#395);
#234=LINE('',#2034,#396);
#235=LINE('',#2038,#397);
#236=LINE('',#2040,#398);
#237=LINE('',#2042,#399);
#238=LINE('',#2043,#400);
#239=LINE('',#2046,#401);
#240=LINE('',#2048,#402);
#241=LINE('',#2050,#403);
#242=LINE('',#2051,#404);
#243=LINE('',#2054,#405);
#244=LINE('',#2056,#406);
#245=LINE('',#2060,#407);
#246=LINE('',#2062,#408);
#247=LINE('',#2065,#409);
#248=LINE('',#2068,#410);
#249=LINE('',#2070,#411);
#250=LINE('',#2072,#412);
#251=LINE('',#2073,#413);
#252=LINE('',#2078,#414);
#253=LINE('',#2079,#415);
#254=LINE('',#2082,#416);
#255=LINE('',#2083,#417);
#256=LINE('',#2085,#418);
#257=LINE('',#2092,#419);
#258=LINE('',#2093,#420);
#259=LINE('',#2096,#421);
#260=LINE('',#2097,#422);
#261=LINE('',#2100,#423);
#262=LINE('',#2102,#424);
#263=LINE('',#2104,#425);
#264=LINE('',#2107,#426);
#265=LINE('',#2109,#427);
#266=LINE('',#2112,#428);
#267=LINE('',#2114,#429);
#268=LINE('',#2115,#430);
#269=LINE('',#2123,#431);
#270=LINE('',#2128,#432);
#271=LINE('',#2129,#433);
#272=LINE('',#2134,#434);
#273=LINE('',#2140,#435);
#274=LINE('',#2142,#436);
#275=LINE('',#2144,#437);
#276=LINE('',#2151,#438);
#277=LINE('',#2154,#439);
#278=LINE('',#2160,#440);
#279=LINE('',#2163,#441);
#280=LINE('',#2169,#442);
#281=LINE('',#2172,#443);
#282=LINE('',#2178,#444);
#283=LINE('',#2181,#445);
#284=LINE('',#2187,#446);
#285=LINE('',#2190,#447);
#286=LINE('',#2196,#448);
#287=LINE('',#2199,#449);
#288=LINE('',#2205,#450);
#289=LINE('',#2208,#451);
#290=LINE('',#2211,#452);
#291=LINE('',#2214,#453);
#292=LINE('',#2217,#454);
#293=LINE('',#2220,#455);
#294=LINE('',#2222,#456);
#295=LINE('',#2224,#457);
#296=LINE('',#2225,#458);
#297=LINE('',#2228,#459);
#298=LINE('',#2230,#460);
#299=LINE('',#2231,#461);
#300=LINE('',#2234,#462);
#301=LINE('',#2236,#463);
#302=LINE('',#2237,#464);
#303=LINE('',#2240,#465);
#304=LINE('',#2242,#466);
#305=LINE('',#2243,#467);
#306=LINE('',#2246,#468);
#307=LINE('',#2248,#469);
#308=LINE('',#2249,#470);
#309=LINE('',#2252,#471);
#310=LINE('',#2254,#472);
#311=LINE('',#2255,#473);
#312=LINE('',#2258,#474);
#313=LINE('',#2260,#475);
#314=LINE('',#2261,#476);
#315=LINE('',#2263,#477);
#316=LINE('',#2264,#478);
#317=LINE('',#2266,#479);
#318=LINE('',#2268,#480);
#319=LINE('',#2269,#481);
#320=LINE('',#2272,#482);
#321=LINE('',#2273,#483);
#322=LINE('',#2275,#484);
#323=LINE('',#2276,#485);
#324=LINE('',#2278,#486);
#325=LINE('',#2280,#487);
#326=LINE('',#2281,#488);
#327=LINE('',#2284,#489);
#328=LINE('',#2285,#490);
#329=LINE('',#2287,#491);
#330=LINE('',#2288,#492);
#331=LINE('',#2290,#493);
#332=LINE('',#2292,#494);
#333=LINE('',#2293,#495);
#334=LINE('',#2296,#496);
#335=LINE('',#2297,#497);
#336=LINE('',#2299,#498);
#337=LINE('',#2300,#499);
#338=LINE('',#2302,#500);
#339=LINE('',#2304,#501);
#340=LINE('',#2305,#502);
#341=LINE('',#2308,#503);
#342=LINE('',#2309,#504);
#343=LINE('',#2311,#505);
#344=LINE('',#2312,#506);
#345=LINE('',#2314,#507);
#346=LINE('',#2315,#508);
#347=LINE('',#2318,#509);
#348=LINE('',#2319,#510);
#349=LINE('',#2323,#511);
#350=LINE('',#2325,#512);
#351=LINE('',#2326,#513);
#352=LINE('',#2328,#514);
#353=LINE('',#2330,#515);
#354=LINE('',#2331,#516);
#355=LINE('',#2335,#517);
#356=LINE('',#2337,#518);
#357=LINE('',#2338,#519);
#358=LINE('',#2340,#520);
#359=LINE('',#2341,#521);
#360=LINE('',#2343,#522);
#361=LINE('',#2345,#523);
#362=LINE('',#2347,#524);
#363=LINE('',#2349,#525);
#364=LINE('',#2351,#526);
#365=LINE('',#2353,#527);
#366=LINE('',#2356,#528);
#367=LINE('',#2357,#529);
#368=LINE('',#2360,#530);
#369=LINE('',#2362,#531);
#370=LINE('',#2364,#532);
#371=LINE('',#2366,#533);
#372=VECTOR('',#1568,10.);
#373=VECTOR('',#1571,10.);
#374=VECTOR('',#1574,10.);
#375=VECTOR('',#1575,10.);
#376=VECTOR('',#1576,10.);
#377=VECTOR('',#1579,10.);
#378=VECTOR('',#1582,10.);
#379=VECTOR('',#1585,10.);
#380=VECTOR('',#1586,10.);
#381=VECTOR('',#1589,10.);
#382=VECTOR('',#1592,10.);
#383=VECTOR('',#1593,10.);
#384=VECTOR('',#1598,10.);
#385=VECTOR('',#1603,10.);
#386=VECTOR('',#1604,10.);
#387=VECTOR('',#1605,10.);
#388=VECTOR('',#1606,10.);
#389=VECTOR('',#1607,10.);
#390=VECTOR('',#1608,10.);
#391=VECTOR('',#1609,10.);
#392=VECTOR('',#1610,10.);
#393=VECTOR('',#1615,10.);
#394=VECTOR('',#1620,10.);
#395=VECTOR('',#1621,10.);
#396=VECTOR('',#1624,10.);
#397=VECTOR('',#1627,10.);
#398=VECTOR('',#1628,10.);
#399=VECTOR('',#1629,10.);
#400=VECTOR('',#1630,10.);
#401=VECTOR('',#1631,10.);
#402=VECTOR('',#1632,10.);
#403=VECTOR('',#1633,10.);
#404=VECTOR('',#1634,10.);
#405=VECTOR('',#1635,10.);
#406=VECTOR('',#1636,10.);
#407=VECTOR('',#1639,10.);
#408=VECTOR('',#1640,10.);
#409=VECTOR('',#1643,10.);
#410=VECTOR('',#1644,10.);
#411=VECTOR('',#1645,10.);
#412=VECTOR('',#1646,10.);
#413=VECTOR('',#1647,10.);
#414=VECTOR('',#1652,10.);
#415=VECTOR('',#1653,10.);
#416=VECTOR('',#1656,10.);
#417=VECTOR('',#1657,10.);
#418=VECTOR('',#1660,10.);
#419=VECTOR('',#1669,10.);
#420=VECTOR('',#1670,10.);
#421=VECTOR('',#1673,10.);
#422=VECTOR('',#1674,10.);
#423=VECTOR('',#1677,10.);
#424=VECTOR('',#1678,10.);
#425=VECTOR('',#1679,10.);
#426=VECTOR('',#1684,10.);
#427=VECTOR('',#1687,10.);
#428=VECTOR('',#1690,10.);
#429=VECTOR('',#1691,10.);
#430=VECTOR('',#1692,10.);
#431=VECTOR('',#1699,10.);
#432=VECTOR('',#1704,10.);
#433=VECTOR('',#1705,10.);
#434=VECTOR('',#1708,10.);
#435=VECTOR('',#1713,10.);
#436=VECTOR('',#1714,10.);
#437=VECTOR('',#1715,10.);
#438=VECTOR('',#1722,10.);
#439=VECTOR('',#1725,10.);
#440=VECTOR('',#1730,10.);
#441=VECTOR('',#1733,10.);
#442=VECTOR('',#1738,10.);
#443=VECTOR('',#1741,10.);
#444=VECTOR('',#1746,10.);
#445=VECTOR('',#1749,10.);
#446=VECTOR('',#1754,10.);
#447=VECTOR('',#1757,10.);
#448=VECTOR('',#1762,10.);
#449=VECTOR('',#1765,10.);
#450=VECTOR('',#1770,10.);
#451=VECTOR('',#1773,10.);
#452=VECTOR('',#1776,10.);
#453=VECTOR('',#1779,10.);
#454=VECTOR('',#1782,10.);
#455=VECTOR('',#1785,10.);
#456=VECTOR('',#1788,10.);
#457=VECTOR('',#1789,10.);
#458=VECTOR('',#1790,10.);
#459=VECTOR('',#1793,10.);
#460=VECTOR('',#1794,10.);
#461=VECTOR('',#1795,10.);
#462=VECTOR('',#1798,10.);
#463=VECTOR('',#1799,10.);
#464=VECTOR('',#1800,10.);
#465=VECTOR('',#1803,10.);
#466=VECTOR('',#1804,10.);
#467=VECTOR('',#1805,10.);
#468=VECTOR('',#1808,10.);
#469=VECTOR('',#1809,10.);
#470=VECTOR('',#1810,10.);
#471=VECTOR('',#1813,10.);
#472=VECTOR('',#1814,10.);
#473=VECTOR('',#1815,10.);
#474=VECTOR('',#1818,10.);
#475=VECTOR('',#1819,10.);
#476=VECTOR('',#1820,10.);
#477=VECTOR('',#1823,10.);
#478=VECTOR('',#1824,10.);
#479=VECTOR('',#1827,10.);
#480=VECTOR('',#1828,10.);
#481=VECTOR('',#1829,10.);
#482=VECTOR('',#1832,10.);
#483=VECTOR('',#1833,10.);
#484=VECTOR('',#1836,10.);
#485=VECTOR('',#1837,10.);
#486=VECTOR('',#1840,10.);
#487=VECTOR('',#1841,10.);
#488=VECTOR('',#1842,10.);
#489=VECTOR('',#1845,10.);
#490=VECTOR('',#1846,10.);
#491=VECTOR('',#1849,10.);
#492=VECTOR('',#1850,10.);
#493=VECTOR('',#1853,10.);
#494=VECTOR('',#1854,10.);
#495=VECTOR('',#1855,10.);
#496=VECTOR('',#1858,10.);
#497=VECTOR('',#1859,10.);
#498=VECTOR('',#1862,10.);
#499=VECTOR('',#1863,10.);
#500=VECTOR('',#1866,10.);
#501=VECTOR('',#1867,10.);
#502=VECTOR('',#1868,10.);
#503=VECTOR('',#1871,10.);
#504=VECTOR('',#1872,10.);
#505=VECTOR('',#1875,10.);
#506=VECTOR('',#1876,10.);
#507=VECTOR('',#1879,10.);
#508=VECTOR('',#1880,10.);
#509=VECTOR('',#1883,10.);
#510=VECTOR('',#1884,10.);
#511=VECTOR('',#1889,10.);
#512=VECTOR('',#1892,10.);
#513=VECTOR('',#1893,10.);
#514=VECTOR('',#1896,10.);
#515=VECTOR('',#1897,10.);
#516=VECTOR('',#1898,10.);
#517=VECTOR('',#1903,10.);
#518=VECTOR('',#1906,10.);
#519=VECTOR('',#1907,10.);
#520=VECTOR('',#1910,10.);
#521=VECTOR('',#1911,10.);
#522=VECTOR('',#1914,10.);
#523=VECTOR('',#1917,10.);
#524=VECTOR('',#1920,10.);
#525=VECTOR('',#1923,10.);
#526=VECTOR('',#1926,10.);
#527=VECTOR('',#1929,10.);
#528=VECTOR('',#1934,10.);
#529=VECTOR('',#1935,10.);
#530=VECTOR('',#1940,10.);
#531=VECTOR('',#1943,10.);
#532=VECTOR('',#1946,10.);
#533=VECTOR('',#1949,10.);
#534=CIRCLE('',#1450,4.);
#535=CIRCLE('',#1451,4.);
#536=CIRCLE('',#1454,4.);
#537=CIRCLE('',#1455,78.1250000000003);
#538=CIRCLE('',#1456,4.);
#539=CIRCLE('',#1457,4.);
#540=CIRCLE('',#1458,78.1250000000001);
#541=CIRCLE('',#1459,4.00000000000008);
#542=CIRCLE('',#1460,4.00000000000003);
#543=CIRCLE('',#1461,78.1250000000003);
#544=CIRCLE('',#1462,4.);
#545=CIRCLE('',#1463,75.1250000000001);
#546=CIRCLE('',#1464,75.1250000000003);
#547=CIRCLE('',#1465,4.);
#548=CIRCLE('',#1466,75.1250000000001);
#549=CIRCLE('',#1467,75.1250000000003);
#550=CIRCLE('',#1468,75.1250000000003);
#551=CIRCLE('',#1469,75.1250000000001);
#552=CIRCLE('',#1471,4.);
#553=CIRCLE('',#1475,78.1250000000003);
#554=CIRCLE('',#1477,4.);
#555=CIRCLE('',#1480,4.);
#556=CIRCLE('',#1485,78.1250000000003);
#557=CIRCLE('',#1486,4.00000000000003);
#558=CIRCLE('',#1487,4.00000000000008);
#559=CIRCLE('',#1488,78.1250000000001);
#560=CIRCLE('',#1489,4.);
#561=CIRCLE('',#1490,4.);
#562=CIRCLE('',#1491,75.1250000000003);
#563=CIRCLE('',#1492,75.1250000000001);
#564=CIRCLE('',#1494,2.);
#565=CIRCLE('',#1495,2.);
#566=CIRCLE('',#1497,2.);
#567=CIRCLE('',#1498,2.);
#568=CIRCLE('',#1500,2.);
#569=CIRCLE('',#1501,2.);
#570=CIRCLE('',#1503,2.);
#571=CIRCLE('',#1504,2.);
#572=CIRCLE('',#1506,2.);
#573=CIRCLE('',#1507,2.);
#574=CIRCLE('',#1509,2.);
#575=CIRCLE('',#1512,2.);
#576=CIRCLE('',#1513,2.);
#577=CIRCLE('',#1515,75.1250000000001);
#578=CIRCLE('',#1517,75.1250000000001);
#579=CIRCLE('',#1541,75.1250000000003);
#580=CIRCLE('',#1545,75.1250000000003);
#581=VERTEX_POINT('',#1954);
#582=VERTEX_POINT('',#1955);
#583=VERTEX_POINT('',#1957);
#584=VERTEX_POINT('',#1959);
#585=VERTEX_POINT('',#1963);
#586=VERTEX_POINT('',#1965);
#587=VERTEX_POINT('',#1969);
#588=VERTEX_POINT('',#1971);
#589=VERTEX_POINT('',#1973);
#590=VERTEX_POINT('',#1975);
#591=VERTEX_POINT('',#1977);
#592=VERTEX_POINT('',#1979);
#593=VERTEX_POINT('',#1981);
#594=VERTEX_POINT('',#1983);
#595=VERTEX_POINT('',#1985);
#596=VERTEX_POINT('',#1987);
#597=VERTEX_POINT('',#1989);
#598=VERTEX_POINT('',#1991);
#599=VERTEX_POINT('',#1993);
#600=VERTEX_POINT('',#1995);
#601=VERTEX_POINT('',#1997);
#602=VERTEX_POINT('',#2000);
#603=VERTEX_POINT('',#2001);
#604=VERTEX_POINT('',#2003);
#605=VERTEX_POINT('',#2005);
#606=VERTEX_POINT('',#2008);
#607=VERTEX_POINT('',#2009);
#608=VERTEX_POINT('',#2011);
#609=VERTEX_POINT('',#2013);
#610=VERTEX_POINT('',#2016);
#611=VERTEX_POINT('',#2017);
#612=VERTEX_POINT('',#2019);
#613=VERTEX_POINT('',#2021);
#614=VERTEX_POINT('',#2023);
#615=VERTEX_POINT('',#2025);
#616=VERTEX_POINT('',#2028);
#617=VERTEX_POINT('',#2029);
#618=VERTEX_POINT('',#2031);
#619=VERTEX_POINT('',#2033);
#620=VERTEX_POINT('',#2036);
#621=VERTEX_POINT('',#2037);
#622=VERTEX_POINT('',#2039);
#623=VERTEX_POINT('',#2041);
#624=VERTEX_POINT('',#2044);
#625=VERTEX_POINT('',#2045);
#626=VERTEX_POINT('',#2047);
#627=VERTEX_POINT('',#2049);
#628=VERTEX_POINT('',#2052);
#629=VERTEX_POINT('',#2053);
#630=VERTEX_POINT('',#2055);
#631=VERTEX_POINT('',#2057);
#632=VERTEX_POINT('',#2059);
#633=VERTEX_POINT('',#2061);
#634=VERTEX_POINT('',#2063);
#635=VERTEX_POINT('',#2066);
#636=VERTEX_POINT('',#2067);
#637=VERTEX_POINT('',#2069);
#638=VERTEX_POINT('',#2071);
#639=VERTEX_POINT('',#2075);
#640=VERTEX_POINT('',#2076);
#641=VERTEX_POINT('',#2081);
#642=VERTEX_POINT('',#2089);
#643=VERTEX_POINT('',#2090);
#644=VERTEX_POINT('',#2095);
#645=VERTEX_POINT('',#2099);
#646=VERTEX_POINT('',#2101);
#647=VERTEX_POINT('',#2103);
#648=VERTEX_POINT('',#2111);
#649=VERTEX_POINT('',#2113);
#650=VERTEX_POINT('',#2117);
#651=VERTEX_POINT('',#2118);
#652=VERTEX_POINT('',#2120);
#653=VERTEX_POINT('',#2122);
#654=VERTEX_POINT('',#2124);
#655=VERTEX_POINT('',#2127);
#656=VERTEX_POINT('',#2130);
#657=VERTEX_POINT('',#2131);
#658=VERTEX_POINT('',#2133);
#659=VERTEX_POINT('',#2135);
#660=VERTEX_POINT('',#2137);
#661=VERTEX_POINT('',#2139);
#662=VERTEX_POINT('',#2141);
#663=VERTEX_POINT('',#2143);
#664=VERTEX_POINT('',#2147);
#665=VERTEX_POINT('',#2148);
#666=VERTEX_POINT('',#2150);
#667=VERTEX_POINT('',#2152);
#668=VERTEX_POINT('',#2156);
#669=VERTEX_POINT('',#2157);
#670=VERTEX_POINT('',#2159);
#671=VERTEX_POINT('',#2161);
#672=VERTEX_POINT('',#2165);
#673=VERTEX_POINT('',#2166);
#674=VERTEX_POINT('',#2168);
#675=VERTEX_POINT('',#2170);
#676=VERTEX_POINT('',#2174);
#677=VERTEX_POINT('',#2175);
#678=VERTEX_POINT('',#2177);
#679=VERTEX_POINT('',#2179);
#680=VERTEX_POINT('',#2183);
#681=VERTEX_POINT('',#2184);
#682=VERTEX_POINT('',#2186);
#683=VERTEX_POINT('',#2188);
#684=VERTEX_POINT('',#2192);
#685=VERTEX_POINT('',#2193);
#686=VERTEX_POINT('',#2195);
#687=VERTEX_POINT('',#2197);
#688=VERTEX_POINT('',#2201);
#689=VERTEX_POINT('',#2202);
#690=VERTEX_POINT('',#2204);
#691=VERTEX_POINT('',#2206);
#692=VERTEX_POINT('',#2210);
#693=VERTEX_POINT('',#2212);
#694=VERTEX_POINT('',#2216);
#695=VERTEX_POINT('',#2218);
#696=VERTEX_POINT('',#2223);
#697=VERTEX_POINT('',#2227);
#698=VERTEX_POINT('',#2229);
#699=VERTEX_POINT('',#2233);
#700=VERTEX_POINT('',#2235);
#701=VERTEX_POINT('',#2239);
#702=VERTEX_POINT('',#2241);
#703=VERTEX_POINT('',#2245);
#704=VERTEX_POINT('',#2247);
#705=VERTEX_POINT('',#2251);
#706=VERTEX_POINT('',#2253);
#707=VERTEX_POINT('',#2257);
#708=VERTEX_POINT('',#2259);
#709=VERTEX_POINT('',#2267);
#710=VERTEX_POINT('',#2271);
#711=VERTEX_POINT('',#2279);
#712=VERTEX_POINT('',#2283);
#713=VERTEX_POINT('',#2291);
#714=VERTEX_POINT('',#2295);
#715=VERTEX_POINT('',#2303);
#716=VERTEX_POINT('',#2307);
#717=VERTEX_POINT('',#2317);
#718=VERTEX_POINT('',#2321);
#719=VERTEX_POINT('',#2329);
#720=VERTEX_POINT('',#2333);
#721=EDGE_CURVE('',#581,#582,#534,.T.);
#722=EDGE_CURVE('',#582,#583,#210,.T.);
#723=EDGE_CURVE('',#583,#584,#535,.T.);
#724=EDGE_CURVE('',#584,#581,#211,.T.);
#725=EDGE_CURVE('',#585,#584,#212,.T.);
#726=EDGE_CURVE('',#586,#585,#213,.T.);
#727=EDGE_CURVE('',#581,#586,#214,.T.);
#728=EDGE_CURVE('',#583,#587,#215,.T.);
#729=EDGE_CURVE('',#588,#587,#536,.T.);
#730=EDGE_CURVE('',#588,#589,#216,.T.);
#731=EDGE_CURVE('',#589,#590,#537,.T.);
#732=EDGE_CURVE('',#590,#591,#217,.T.);
#733=EDGE_CURVE('',#591,#592,#218,.T.);
#734=EDGE_CURVE('',#593,#592,#538,.T.);
#735=EDGE_CURVE('',#594,#593,#219,.T.);
#736=EDGE_CURVE('',#595,#594,#539,.T.);
#737=EDGE_CURVE('',#596,#595,#220,.T.);
#738=EDGE_CURVE('',#596,#597,#221,.T.);
#739=EDGE_CURVE('',#597,#598,#540,.T.);
#740=EDGE_CURVE('',#598,#599,#541,.T.);
#741=EDGE_CURVE('',#599,#600,#222,.T.);
#742=EDGE_CURVE('',#600,#601,#542,.T.);
#743=EDGE_CURVE('',#601,#585,#543,.T.);
#744=EDGE_CURVE('',#602,#603,#223,.T.);
#745=EDGE_CURVE('',#603,#604,#224,.T.);
#746=EDGE_CURVE('',#604,#605,#225,.T.);
#747=EDGE_CURVE('',#605,#602,#226,.T.);
#748=EDGE_CURVE('',#606,#607,#227,.T.);
#749=EDGE_CURVE('',#607,#608,#228,.T.);
#750=EDGE_CURVE('',#608,#609,#229,.T.);
#751=EDGE_CURVE('',#609,#606,#230,.T.);
#752=EDGE_CURVE('',#610,#611,#544,.T.);
#753=EDGE_CURVE('',#611,#612,#545,.T.);
#754=EDGE_CURVE('',#612,#613,#231,.T.);
#755=EDGE_CURVE('',#613,#614,#546,.T.);
#756=EDGE_CURVE('',#614,#615,#547,.T.);
#757=EDGE_CURVE('',#615,#610,#232,.T.);
#758=EDGE_CURVE('',#616,#617,#233,.T.);
#759=EDGE_CURVE('',#617,#618,#548,.T.);
#760=EDGE_CURVE('',#618,#619,#234,.T.);
#761=EDGE_CURVE('',#619,#616,#549,.T.);
#762=EDGE_CURVE('',#620,#621,#235,.T.);
#763=EDGE_CURVE('',#621,#622,#236,.T.);
#764=EDGE_CURVE('',#622,#623,#237,.T.);
#765=EDGE_CURVE('',#623,#620,#238,.T.);
#766=EDGE_CURVE('',#624,#625,#239,.T.);
#767=EDGE_CURVE('',#625,#626,#240,.T.);
#768=EDGE_CURVE('',#626,#627,#241,.T.);
#769=EDGE_CURVE('',#627,#624,#242,.T.);
#770=EDGE_CURVE('',#628,#629,#243,.T.);
#771=EDGE_CURVE('',#629,#630,#244,.T.);
#772=EDGE_CURVE('',#630,#631,#550,.T.);
#773=EDGE_CURVE('',#631,#632,#245,.T.);
#774=EDGE_CURVE('',#632,#633,#246,.T.);
#775=EDGE_CURVE('',#633,#634,#551,.T.);
#776=EDGE_CURVE('',#634,#628,#247,.T.);
#777=EDGE_CURVE('',#635,#636,#248,.T.);
#778=EDGE_CURVE('',#636,#637,#249,.T.);
#779=EDGE_CURVE('',#637,#638,#250,.T.);
#780=EDGE_CURVE('',#638,#635,#251,.T.);
#781=EDGE_CURVE('',#639,#640,#552,.T.);
#782=EDGE_CURVE('',#640,#588,#252,.T.);
#783=EDGE_CURVE('',#587,#639,#253,.T.);
#784=EDGE_CURVE('',#641,#640,#254,.T.);
#785=EDGE_CURVE('',#589,#641,#255,.T.);
#786=EDGE_CURVE('',#639,#582,#256,.T.);
#787=EDGE_CURVE('',#641,#586,#553,.T.);
#788=EDGE_CURVE('',#642,#643,#554,.T.);
#789=EDGE_CURVE('',#643,#593,#257,.T.);
#790=EDGE_CURVE('',#592,#642,#258,.T.);
#791=EDGE_CURVE('',#643,#644,#259,.T.);
#792=EDGE_CURVE('',#594,#644,#260,.T.);
#793=EDGE_CURVE('',#645,#642,#261,.T.);
#794=EDGE_CURVE('',#646,#645,#262,.T.);
#795=EDGE_CURVE('',#646,#647,#263,.T.);
#796=EDGE_CURVE('',#644,#647,#555,.T.);
#797=EDGE_CURVE('',#647,#595,#264,.T.);
#798=EDGE_CURVE('',#596,#646,#265,.T.);
#799=EDGE_CURVE('',#645,#648,#266,.T.);
#800=EDGE_CURVE('',#648,#649,#267,.T.);
#801=EDGE_CURVE('',#597,#649,#268,.T.);
#802=EDGE_CURVE('',#650,#651,#556,.T.);
#803=EDGE_CURVE('',#652,#650,#557,.T.);
#804=EDGE_CURVE('',#653,#652,#269,.T.);
#805=EDGE_CURVE('',#654,#653,#558,.T.);
#806=EDGE_CURVE('',#649,#654,#559,.T.);
#807=EDGE_CURVE('',#655,#648,#270,.T.);
#808=EDGE_CURVE('',#651,#655,#271,.T.);
#809=EDGE_CURVE('',#656,#657,#560,.T.);
#810=EDGE_CURVE('',#657,#658,#272,.T.);
#811=EDGE_CURVE('',#658,#659,#561,.T.);
#812=EDGE_CURVE('',#659,#660,#562,.T.);
#813=EDGE_CURVE('',#660,#661,#273,.T.);
#814=EDGE_CURVE('',#661,#662,#274,.T.);
#815=EDGE_CURVE('',#662,#663,#275,.T.);
#816=EDGE_CURVE('',#663,#656,#563,.T.);
#817=EDGE_CURVE('',#664,#665,#564,.T.);
#818=EDGE_CURVE('',#665,#666,#276,.T.);
#819=EDGE_CURVE('',#666,#667,#565,.T.);
#820=EDGE_CURVE('',#667,#664,#277,.T.);
#821=EDGE_CURVE('',#668,#669,#566,.T.);
#822=EDGE_CURVE('',#669,#670,#278,.T.);
#823=EDGE_CURVE('',#670,#671,#567,.T.);
#824=EDGE_CURVE('',#671,#668,#279,.T.);
#825=EDGE_CURVE('',#672,#673,#568,.T.);
#826=EDGE_CURVE('',#673,#674,#280,.T.);
#827=EDGE_CURVE('',#674,#675,#569,.T.);
#828=EDGE_CURVE('',#675,#672,#281,.T.);
#829=EDGE_CURVE('',#676,#677,#570,.T.);
#830=EDGE_CURVE('',#677,#678,#282,.T.);
#831=EDGE_CURVE('',#678,#679,#571,.T.);
#832=EDGE_CURVE('',#679,#676,#283,.T.);
#833=EDGE_CURVE('',#680,#681,#572,.T.);
#834=EDGE_CURVE('',#681,#682,#284,.T.);
#835=EDGE_CURVE('',#682,#683,#573,.T.);
#836=EDGE_CURVE('',#683,#680,#285,.T.);
#837=EDGE_CURVE('',#684,#685,#574,.T.);
#838=EDGE_CURVE('',#685,#686,#286,.T.);
#839=EDGE_CURVE('',#686,#687,#15,.T.);
#840=EDGE_CURVE('',#687,#684,#287,.T.);
#841=EDGE_CURVE('',#688,#689,#575,.T.);
#842=EDGE_CURVE('',#689,#690,#288,.T.);
#843=EDGE_CURVE('',#690,#691,#576,.T.);
#844=EDGE_CURVE('',#691,#688,#289,.T.);
#845=EDGE_CURVE('',#691,#692,#290,.T.);
#846=EDGE_CURVE('',#692,#693,#577,.T.);
#847=EDGE_CURVE('',#693,#688,#291,.T.);
#848=EDGE_CURVE('',#685,#694,#292,.T.);
#849=EDGE_CURVE('',#694,#695,#578,.T.);
#850=EDGE_CURVE('',#695,#686,#293,.T.);
#851=EDGE_CURVE('',#695,#633,#294,.T.);
#852=EDGE_CURVE('',#632,#696,#295,.T.);
#853=EDGE_CURVE('',#687,#696,#296,.T.);
#854=EDGE_CURVE('',#679,#697,#297,.T.);
#855=EDGE_CURVE('',#697,#698,#298,.T.);
#856=EDGE_CURVE('',#698,#676,#299,.T.);
#857=EDGE_CURVE('',#673,#699,#300,.T.);
#858=EDGE_CURVE('',#699,#700,#301,.T.);
#859=EDGE_CURVE('',#700,#674,#302,.T.);
#860=EDGE_CURVE('',#669,#701,#303,.T.);
#861=EDGE_CURVE('',#701,#702,#304,.T.);
#862=EDGE_CURVE('',#702,#670,#305,.T.);
#863=EDGE_CURVE('',#667,#703,#306,.T.);
#864=EDGE_CURVE('',#703,#704,#307,.T.);
#865=EDGE_CURVE('',#704,#664,#308,.T.);
#866=EDGE_CURVE('',#683,#705,#309,.T.);
#867=EDGE_CURVE('',#705,#706,#310,.T.);
#868=EDGE_CURVE('',#706,#680,#311,.T.);
#869=EDGE_CURVE('',#681,#707,#312,.T.);
#870=EDGE_CURVE('',#707,#708,#313,.T.);
#871=EDGE_CURVE('',#708,#682,#314,.T.);
#872=EDGE_CURVE('',#708,#627,#315,.T.);
#873=EDGE_CURVE('',#626,#705,#316,.T.);
#874=EDGE_CURVE('',#704,#625,#317,.T.);
#875=EDGE_CURVE('',#624,#709,#318,.T.);
#876=EDGE_CURVE('',#665,#709,#319,.T.);
#877=EDGE_CURVE('',#709,#710,#320,.T.);
#878=EDGE_CURVE('',#710,#666,#321,.T.);
#879=EDGE_CURVE('',#710,#605,#322,.T.);
#880=EDGE_CURVE('',#604,#703,#323,.T.);
#881=EDGE_CURVE('',#702,#603,#324,.T.);
#882=EDGE_CURVE('',#602,#711,#325,.T.);
#883=EDGE_CURVE('',#671,#711,#326,.T.);
#884=EDGE_CURVE('',#711,#712,#327,.T.);
#885=EDGE_CURVE('',#712,#668,#328,.T.);
#886=EDGE_CURVE('',#712,#629,#329,.T.);
#887=EDGE_CURVE('',#628,#701,#330,.T.);
#888=EDGE_CURVE('',#700,#607,#331,.T.);
#889=EDGE_CURVE('',#606,#713,#332,.T.);
#890=EDGE_CURVE('',#675,#713,#333,.T.);
#891=EDGE_CURVE('',#713,#714,#334,.T.);
#892=EDGE_CURVE('',#714,#672,#335,.T.);
#893=EDGE_CURVE('',#714,#636,#336,.T.);
#894=EDGE_CURVE('',#635,#699,#337,.T.);
#895=EDGE_CURVE('',#698,#638,#338,.T.);
#896=EDGE_CURVE('',#637,#715,#339,.T.);
#897=EDGE_CURVE('',#677,#715,#340,.T.);
#898=EDGE_CURVE('',#715,#716,#341,.T.);
#899=EDGE_CURVE('',#716,#678,#342,.T.);
#900=EDGE_CURVE('',#716,#623,#343,.T.);
#901=EDGE_CURVE('',#622,#697,#344,.T.);
#902=EDGE_CURVE('',#706,#621,#345,.T.);
#903=EDGE_CURVE('',#620,#707,#346,.T.);
#904=EDGE_CURVE('',#631,#717,#347,.T.);
#905=EDGE_CURVE('',#696,#717,#348,.T.);
#906=EDGE_CURVE('',#717,#718,#579,.T.);
#907=EDGE_CURVE('',#718,#684,#349,.T.);
#908=EDGE_CURVE('',#718,#619,#350,.T.);
#909=EDGE_CURVE('',#618,#694,#351,.T.);
#910=EDGE_CURVE('',#693,#617,#352,.T.);
#911=EDGE_CURVE('',#616,#719,#353,.T.);
#912=EDGE_CURVE('',#689,#719,#354,.T.);
#913=EDGE_CURVE('',#719,#720,#580,.T.);
#914=EDGE_CURVE('',#720,#690,#355,.T.);
#915=EDGE_CURVE('',#720,#613,#356,.T.);
#916=EDGE_CURVE('',#612,#692,#357,.T.);
#917=EDGE_CURVE('',#611,#656,#358,.T.);
#918=EDGE_CURVE('',#663,#634,#359,.T.);
#919=EDGE_CURVE('',#662,#608,#360,.T.);
#920=EDGE_CURVE('',#661,#609,#361,.T.);
#921=EDGE_CURVE('',#660,#630,#362,.T.);
#922=EDGE_CURVE('',#659,#614,#363,.T.);
#923=EDGE_CURVE('',#615,#658,#364,.T.);
#924=EDGE_CURVE('',#657,#610,#365,.T.);
#925=EDGE_CURVE('',#591,#655,#366,.T.);
#926=EDGE_CURVE('',#590,#651,#367,.T.);
#927=EDGE_CURVE('',#598,#654,#368,.T.);
#928=EDGE_CURVE('',#599,#653,#369,.T.);
#929=EDGE_CURVE('',#600,#652,#370,.T.);
#930=EDGE_CURVE('',#601,#650,#371,.T.);
#931=ORIENTED_EDGE('',*,*,#721,.T.);
#932=ORIENTED_EDGE('',*,*,#722,.T.);
#933=ORIENTED_EDGE('',*,*,#723,.T.);
#934=ORIENTED_EDGE('',*,*,#724,.T.);
#935=ORIENTED_EDGE('',*,*,#724,.F.);
#936=ORIENTED_EDGE('',*,*,#725,.F.);
#937=ORIENTED_EDGE('',*,*,#726,.F.);
#938=ORIENTED_EDGE('',*,*,#727,.F.);
#939=ORIENTED_EDGE('',*,*,#723,.F.);
#940=ORIENTED_EDGE('',*,*,#728,.T.);
#941=ORIENTED_EDGE('',*,*,#729,.F.);
#942=ORIENTED_EDGE('',*,*,#730,.T.);
#943=ORIENTED_EDGE('',*,*,#731,.T.);
#944=ORIENTED_EDGE('',*,*,#732,.T.);
#945=ORIENTED_EDGE('',*,*,#733,.T.);
#946=ORIENTED_EDGE('',*,*,#734,.F.);
#947=ORIENTED_EDGE('',*,*,#735,.F.);
#948=ORIENTED_EDGE('',*,*,#736,.F.);
#949=ORIENTED_EDGE('',*,*,#737,.F.);
#950=ORIENTED_EDGE('',*,*,#738,.T.);
#951=ORIENTED_EDGE('',*,*,#739,.T.);
#952=ORIENTED_EDGE('',*,*,#740,.T.);
#953=ORIENTED_EDGE('',*,*,#741,.T.);
#954=ORIENTED_EDGE('',*,*,#742,.T.);
#955=ORIENTED_EDGE('',*,*,#743,.T.);
#956=ORIENTED_EDGE('',*,*,#725,.T.);
#957=ORIENTED_EDGE('',*,*,#744,.T.);
#958=ORIENTED_EDGE('',*,*,#745,.T.);
#959=ORIENTED_EDGE('',*,*,#746,.T.);
#960=ORIENTED_EDGE('',*,*,#747,.T.);
#961=ORIENTED_EDGE('',*,*,#748,.T.);
#962=ORIENTED_EDGE('',*,*,#749,.T.);
#963=ORIENTED_EDGE('',*,*,#750,.T.);
#964=ORIENTED_EDGE('',*,*,#751,.T.);
#965=ORIENTED_EDGE('',*,*,#752,.T.);
#966=ORIENTED_EDGE('',*,*,#753,.T.);
#967=ORIENTED_EDGE('',*,*,#754,.T.);
#968=ORIENTED_EDGE('',*,*,#755,.T.);
#969=ORIENTED_EDGE('',*,*,#756,.T.);
#970=ORIENTED_EDGE('',*,*,#757,.T.);
#971=ORIENTED_EDGE('',*,*,#758,.T.);
#972=ORIENTED_EDGE('',*,*,#759,.T.);
#973=ORIENTED_EDGE('',*,*,#760,.T.);
#974=ORIENTED_EDGE('',*,*,#761,.T.);
#975=ORIENTED_EDGE('',*,*,#762,.T.);
#976=ORIENTED_EDGE('',*,*,#763,.T.);
#977=ORIENTED_EDGE('',*,*,#764,.T.);
#978=ORIENTED_EDGE('',*,*,#765,.T.);
#979=ORIENTED_EDGE('',*,*,#766,.T.);
#980=ORIENTED_EDGE('',*,*,#767,.T.);
#981=ORIENTED_EDGE('',*,*,#768,.T.);
#982=ORIENTED_EDGE('',*,*,#769,.T.);
#983=ORIENTED_EDGE('',*,*,#770,.T.);
#984=ORIENTED_EDGE('',*,*,#771,.T.);
#985=ORIENTED_EDGE('',*,*,#772,.T.);
#986=ORIENTED_EDGE('',*,*,#773,.T.);
#987=ORIENTED_EDGE('',*,*,#774,.T.);
#988=ORIENTED_EDGE('',*,*,#775,.T.);
#989=ORIENTED_EDGE('',*,*,#776,.T.);
#990=ORIENTED_EDGE('',*,*,#777,.T.);
#991=ORIENTED_EDGE('',*,*,#778,.T.);
#992=ORIENTED_EDGE('',*,*,#779,.T.);
#993=ORIENTED_EDGE('',*,*,#780,.T.);
#994=ORIENTED_EDGE('',*,*,#781,.T.);
#995=ORIENTED_EDGE('',*,*,#782,.T.);
#996=ORIENTED_EDGE('',*,*,#729,.T.);
#997=ORIENTED_EDGE('',*,*,#783,.T.);
#998=ORIENTED_EDGE('',*,*,#782,.F.);
#999=ORIENTED_EDGE('',*,*,#784,.F.);
#1000=ORIENTED_EDGE('',*,*,#785,.F.);
#1001=ORIENTED_EDGE('',*,*,#730,.F.);
#1002=ORIENTED_EDGE('',*,*,#722,.F.);
#1003=ORIENTED_EDGE('',*,*,#786,.F.);
#1004=ORIENTED_EDGE('',*,*,#783,.F.);
#1005=ORIENTED_EDGE('',*,*,#728,.F.);
#1006=ORIENTED_EDGE('',*,*,#721,.F.);
#1007=ORIENTED_EDGE('',*,*,#727,.T.);
#1008=ORIENTED_EDGE('',*,*,#787,.F.);
#1009=ORIENTED_EDGE('',*,*,#784,.T.);
#1010=ORIENTED_EDGE('',*,*,#781,.F.);
#1011=ORIENTED_EDGE('',*,*,#786,.T.);
#1012=ORIENTED_EDGE('',*,*,#788,.T.);
#1013=ORIENTED_EDGE('',*,*,#789,.T.);
#1014=ORIENTED_EDGE('',*,*,#734,.T.);
#1015=ORIENTED_EDGE('',*,*,#790,.T.);
#1016=ORIENTED_EDGE('',*,*,#789,.F.);
#1017=ORIENTED_EDGE('',*,*,#791,.T.);
#1018=ORIENTED_EDGE('',*,*,#792,.F.);
#1019=ORIENTED_EDGE('',*,*,#735,.T.);
#1020=ORIENTED_EDGE('',*,*,#788,.F.);
#1021=ORIENTED_EDGE('',*,*,#793,.F.);
#1022=ORIENTED_EDGE('',*,*,#794,.F.);
#1023=ORIENTED_EDGE('',*,*,#795,.T.);
#1024=ORIENTED_EDGE('',*,*,#796,.F.);
#1025=ORIENTED_EDGE('',*,*,#791,.F.);
#1026=ORIENTED_EDGE('',*,*,#736,.T.);
#1027=ORIENTED_EDGE('',*,*,#792,.T.);
#1028=ORIENTED_EDGE('',*,*,#796,.T.);
#1029=ORIENTED_EDGE('',*,*,#797,.T.);
#1030=ORIENTED_EDGE('',*,*,#797,.F.);
#1031=ORIENTED_EDGE('',*,*,#795,.F.);
#1032=ORIENTED_EDGE('',*,*,#798,.F.);
#1033=ORIENTED_EDGE('',*,*,#737,.T.);
#1034=ORIENTED_EDGE('',*,*,#798,.T.);
#1035=ORIENTED_EDGE('',*,*,#794,.T.);
#1036=ORIENTED_EDGE('',*,*,#799,.T.);
#1037=ORIENTED_EDGE('',*,*,#800,.T.);
#1038=ORIENTED_EDGE('',*,*,#801,.F.);
#1039=ORIENTED_EDGE('',*,*,#738,.F.);
#1040=ORIENTED_EDGE('',*,*,#802,.F.);
#1041=ORIENTED_EDGE('',*,*,#803,.F.);
#1042=ORIENTED_EDGE('',*,*,#804,.F.);
#1043=ORIENTED_EDGE('',*,*,#805,.F.);
#1044=ORIENTED_EDGE('',*,*,#806,.F.);
#1045=ORIENTED_EDGE('',*,*,#800,.F.);
#1046=ORIENTED_EDGE('',*,*,#807,.F.);
#1047=ORIENTED_EDGE('',*,*,#808,.F.);
#1048=ORIENTED_EDGE('',*,*,#809,.T.);
#1049=ORIENTED_EDGE('',*,*,#810,.T.);
#1050=ORIENTED_EDGE('',*,*,#811,.T.);
#1051=ORIENTED_EDGE('',*,*,#812,.T.);
#1052=ORIENTED_EDGE('',*,*,#813,.T.);
#1053=ORIENTED_EDGE('',*,*,#814,.T.);
#1054=ORIENTED_EDGE('',*,*,#815,.T.);
#1055=ORIENTED_EDGE('',*,*,#816,.T.);
#1056=ORIENTED_EDGE('',*,*,#817,.T.);
#1057=ORIENTED_EDGE('',*,*,#818,.T.);
#1058=ORIENTED_EDGE('',*,*,#819,.T.);
#1059=ORIENTED_EDGE('',*,*,#820,.T.);
#1060=ORIENTED_EDGE('',*,*,#821,.T.);
#1061=ORIENTED_EDGE('',*,*,#822,.T.);
#1062=ORIENTED_EDGE('',*,*,#823,.T.);
#1063=ORIENTED_EDGE('',*,*,#824,.T.);
#1064=ORIENTED_EDGE('',*,*,#825,.T.);
#1065=ORIENTED_EDGE('',*,*,#826,.T.);
#1066=ORIENTED_EDGE('',*,*,#827,.T.);
#1067=ORIENTED_EDGE('',*,*,#828,.T.);
#1068=ORIENTED_EDGE('',*,*,#829,.T.);
#1069=ORIENTED_EDGE('',*,*,#830,.T.);
#1070=ORIENTED_EDGE('',*,*,#831,.T.);
#1071=ORIENTED_EDGE('',*,*,#832,.T.);
#1072=ORIENTED_EDGE('',*,*,#833,.T.);
#1073=ORIENTED_EDGE('',*,*,#834,.T.);
#1074=ORIENTED_EDGE('',*,*,#835,.T.);
#1075=ORIENTED_EDGE('',*,*,#836,.T.);
#1076=ORIENTED_EDGE('',*,*,#837,.T.);
#1077=ORIENTED_EDGE('',*,*,#838,.T.);
#1078=ORIENTED_EDGE('',*,*,#839,.T.);
#1079=ORIENTED_EDGE('',*,*,#840,.T.);
#1080=ORIENTED_EDGE('',*,*,#841,.T.);
#1081=ORIENTED_EDGE('',*,*,#842,.T.);
#1082=ORIENTED_EDGE('',*,*,#843,.T.);
#1083=ORIENTED_EDGE('',*,*,#844,.T.);
#1084=ORIENTED_EDGE('',*,*,#844,.F.);
#1085=ORIENTED_EDGE('',*,*,#845,.T.);
#1086=ORIENTED_EDGE('',*,*,#846,.T.);
#1087=ORIENTED_EDGE('',*,*,#847,.T.);
#1088=ORIENTED_EDGE('',*,*,#838,.F.);
#1089=ORIENTED_EDGE('',*,*,#848,.T.);
#1090=ORIENTED_EDGE('',*,*,#849,.T.);
#1091=ORIENTED_EDGE('',*,*,#850,.T.);
#1092=ORIENTED_EDGE('',*,*,#839,.F.);
#1093=ORIENTED_EDGE('',*,*,#850,.F.);
#1094=ORIENTED_EDGE('',*,*,#851,.T.);
#1095=ORIENTED_EDGE('',*,*,#774,.F.);
#1096=ORIENTED_EDGE('',*,*,#852,.T.);
#1097=ORIENTED_EDGE('',*,*,#853,.F.);
#1098=ORIENTED_EDGE('',*,*,#832,.F.);
#1099=ORIENTED_EDGE('',*,*,#854,.T.);
#1100=ORIENTED_EDGE('',*,*,#855,.T.);
#1101=ORIENTED_EDGE('',*,*,#856,.T.);
#1102=ORIENTED_EDGE('',*,*,#826,.F.);
#1103=ORIENTED_EDGE('',*,*,#857,.T.);
#1104=ORIENTED_EDGE('',*,*,#858,.T.);
#1105=ORIENTED_EDGE('',*,*,#859,.T.);
#1106=ORIENTED_EDGE('',*,*,#822,.F.);
#1107=ORIENTED_EDGE('',*,*,#860,.T.);
#1108=ORIENTED_EDGE('',*,*,#861,.T.);
#1109=ORIENTED_EDGE('',*,*,#862,.T.);
#1110=ORIENTED_EDGE('',*,*,#820,.F.);
#1111=ORIENTED_EDGE('',*,*,#863,.T.);
#1112=ORIENTED_EDGE('',*,*,#864,.T.);
#1113=ORIENTED_EDGE('',*,*,#865,.T.);
#1114=ORIENTED_EDGE('',*,*,#836,.F.);
#1115=ORIENTED_EDGE('',*,*,#866,.T.);
#1116=ORIENTED_EDGE('',*,*,#867,.T.);
#1117=ORIENTED_EDGE('',*,*,#868,.T.);
#1118=ORIENTED_EDGE('',*,*,#834,.F.);
#1119=ORIENTED_EDGE('',*,*,#869,.T.);
#1120=ORIENTED_EDGE('',*,*,#870,.T.);
#1121=ORIENTED_EDGE('',*,*,#871,.T.);
#1122=ORIENTED_EDGE('',*,*,#835,.F.);
#1123=ORIENTED_EDGE('',*,*,#871,.F.);
#1124=ORIENTED_EDGE('',*,*,#872,.T.);
#1125=ORIENTED_EDGE('',*,*,#768,.F.);
#1126=ORIENTED_EDGE('',*,*,#873,.T.);
#1127=ORIENTED_EDGE('',*,*,#866,.F.);
#1128=ORIENTED_EDGE('',*,*,#817,.F.);
#1129=ORIENTED_EDGE('',*,*,#865,.F.);
#1130=ORIENTED_EDGE('',*,*,#874,.T.);
#1131=ORIENTED_EDGE('',*,*,#766,.F.);
#1132=ORIENTED_EDGE('',*,*,#875,.T.);
#1133=ORIENTED_EDGE('',*,*,#876,.F.);
#1134=ORIENTED_EDGE('',*,*,#818,.F.);
#1135=ORIENTED_EDGE('',*,*,#876,.T.);
#1136=ORIENTED_EDGE('',*,*,#877,.T.);
#1137=ORIENTED_EDGE('',*,*,#878,.T.);
#1138=ORIENTED_EDGE('',*,*,#819,.F.);
#1139=ORIENTED_EDGE('',*,*,#878,.F.);
#1140=ORIENTED_EDGE('',*,*,#879,.T.);
#1141=ORIENTED_EDGE('',*,*,#746,.F.);
#1142=ORIENTED_EDGE('',*,*,#880,.T.);
#1143=ORIENTED_EDGE('',*,*,#863,.F.);
#1144=ORIENTED_EDGE('',*,*,#823,.F.);
#1145=ORIENTED_EDGE('',*,*,#862,.F.);
#1146=ORIENTED_EDGE('',*,*,#881,.T.);
#1147=ORIENTED_EDGE('',*,*,#744,.F.);
#1148=ORIENTED_EDGE('',*,*,#882,.T.);
#1149=ORIENTED_EDGE('',*,*,#883,.F.);
#1150=ORIENTED_EDGE('',*,*,#824,.F.);
#1151=ORIENTED_EDGE('',*,*,#883,.T.);
#1152=ORIENTED_EDGE('',*,*,#884,.T.);
#1153=ORIENTED_EDGE('',*,*,#885,.T.);
#1154=ORIENTED_EDGE('',*,*,#821,.F.);
#1155=ORIENTED_EDGE('',*,*,#885,.F.);
#1156=ORIENTED_EDGE('',*,*,#886,.T.);
#1157=ORIENTED_EDGE('',*,*,#770,.F.);
#1158=ORIENTED_EDGE('',*,*,#887,.T.);
#1159=ORIENTED_EDGE('',*,*,#860,.F.);
#1160=ORIENTED_EDGE('',*,*,#827,.F.);
#1161=ORIENTED_EDGE('',*,*,#859,.F.);
#1162=ORIENTED_EDGE('',*,*,#888,.T.);
#1163=ORIENTED_EDGE('',*,*,#748,.F.);
#1164=ORIENTED_EDGE('',*,*,#889,.T.);
#1165=ORIENTED_EDGE('',*,*,#890,.F.);
#1166=ORIENTED_EDGE('',*,*,#828,.F.);
#1167=ORIENTED_EDGE('',*,*,#890,.T.);
#1168=ORIENTED_EDGE('',*,*,#891,.T.);
#1169=ORIENTED_EDGE('',*,*,#892,.T.);
#1170=ORIENTED_EDGE('',*,*,#825,.F.);
#1171=ORIENTED_EDGE('',*,*,#892,.F.);
#1172=ORIENTED_EDGE('',*,*,#893,.T.);
#1173=ORIENTED_EDGE('',*,*,#777,.F.);
#1174=ORIENTED_EDGE('',*,*,#894,.T.);
#1175=ORIENTED_EDGE('',*,*,#857,.F.);
#1176=ORIENTED_EDGE('',*,*,#829,.F.);
#1177=ORIENTED_EDGE('',*,*,#856,.F.);
#1178=ORIENTED_EDGE('',*,*,#895,.T.);
#1179=ORIENTED_EDGE('',*,*,#779,.F.);
#1180=ORIENTED_EDGE('',*,*,#896,.T.);
#1181=ORIENTED_EDGE('',*,*,#897,.F.);
#1182=ORIENTED_EDGE('',*,*,#830,.F.);
#1183=ORIENTED_EDGE('',*,*,#897,.T.);
#1184=ORIENTED_EDGE('',*,*,#898,.T.);
#1185=ORIENTED_EDGE('',*,*,#899,.T.);
#1186=ORIENTED_EDGE('',*,*,#831,.F.);
#1187=ORIENTED_EDGE('',*,*,#899,.F.);
#1188=ORIENTED_EDGE('',*,*,#900,.T.);
#1189=ORIENTED_EDGE('',*,*,#764,.F.);
#1190=ORIENTED_EDGE('',*,*,#901,.T.);
#1191=ORIENTED_EDGE('',*,*,#854,.F.);
#1192=ORIENTED_EDGE('',*,*,#833,.F.);
#1193=ORIENTED_EDGE('',*,*,#868,.F.);
#1194=ORIENTED_EDGE('',*,*,#902,.T.);
#1195=ORIENTED_EDGE('',*,*,#762,.F.);
#1196=ORIENTED_EDGE('',*,*,#903,.T.);
#1197=ORIENTED_EDGE('',*,*,#869,.F.);
#1198=ORIENTED_EDGE('',*,*,#904,.T.);
#1199=ORIENTED_EDGE('',*,*,#905,.F.);
#1200=ORIENTED_EDGE('',*,*,#852,.F.);
#1201=ORIENTED_EDGE('',*,*,#773,.F.);
#1202=ORIENTED_EDGE('',*,*,#840,.F.);
#1203=ORIENTED_EDGE('',*,*,#853,.T.);
#1204=ORIENTED_EDGE('',*,*,#905,.T.);
#1205=ORIENTED_EDGE('',*,*,#906,.T.);
#1206=ORIENTED_EDGE('',*,*,#907,.T.);
#1207=ORIENTED_EDGE('',*,*,#837,.F.);
#1208=ORIENTED_EDGE('',*,*,#907,.F.);
#1209=ORIENTED_EDGE('',*,*,#908,.T.);
#1210=ORIENTED_EDGE('',*,*,#760,.F.);
#1211=ORIENTED_EDGE('',*,*,#909,.T.);
#1212=ORIENTED_EDGE('',*,*,#848,.F.);
#1213=ORIENTED_EDGE('',*,*,#841,.F.);
#1214=ORIENTED_EDGE('',*,*,#847,.F.);
#1215=ORIENTED_EDGE('',*,*,#910,.T.);
#1216=ORIENTED_EDGE('',*,*,#758,.F.);
#1217=ORIENTED_EDGE('',*,*,#911,.T.);
#1218=ORIENTED_EDGE('',*,*,#912,.F.);
#1219=ORIENTED_EDGE('',*,*,#842,.F.);
#1220=ORIENTED_EDGE('',*,*,#912,.T.);
#1221=ORIENTED_EDGE('',*,*,#913,.T.);
#1222=ORIENTED_EDGE('',*,*,#914,.T.);
#1223=ORIENTED_EDGE('',*,*,#843,.F.);
#1224=ORIENTED_EDGE('',*,*,#914,.F.);
#1225=ORIENTED_EDGE('',*,*,#915,.T.);
#1226=ORIENTED_EDGE('',*,*,#754,.F.);
#1227=ORIENTED_EDGE('',*,*,#916,.T.);
#1228=ORIENTED_EDGE('',*,*,#845,.F.);
#1229=ORIENTED_EDGE('',*,*,#917,.T.);
#1230=ORIENTED_EDGE('',*,*,#816,.F.);
#1231=ORIENTED_EDGE('',*,*,#918,.T.);
#1232=ORIENTED_EDGE('',*,*,#775,.F.);
#1233=ORIENTED_EDGE('',*,*,#851,.F.);
#1234=ORIENTED_EDGE('',*,*,#849,.F.);
#1235=ORIENTED_EDGE('',*,*,#909,.F.);
#1236=ORIENTED_EDGE('',*,*,#759,.F.);
#1237=ORIENTED_EDGE('',*,*,#910,.F.);
#1238=ORIENTED_EDGE('',*,*,#846,.F.);
#1239=ORIENTED_EDGE('',*,*,#916,.F.);
#1240=ORIENTED_EDGE('',*,*,#753,.F.);
#1241=ORIENTED_EDGE('',*,*,#902,.F.);
#1242=ORIENTED_EDGE('',*,*,#867,.F.);
#1243=ORIENTED_EDGE('',*,*,#873,.F.);
#1244=ORIENTED_EDGE('',*,*,#767,.F.);
#1245=ORIENTED_EDGE('',*,*,#874,.F.);
#1246=ORIENTED_EDGE('',*,*,#864,.F.);
#1247=ORIENTED_EDGE('',*,*,#880,.F.);
#1248=ORIENTED_EDGE('',*,*,#745,.F.);
#1249=ORIENTED_EDGE('',*,*,#881,.F.);
#1250=ORIENTED_EDGE('',*,*,#861,.F.);
#1251=ORIENTED_EDGE('',*,*,#887,.F.);
#1252=ORIENTED_EDGE('',*,*,#776,.F.);
#1253=ORIENTED_EDGE('',*,*,#918,.F.);
#1254=ORIENTED_EDGE('',*,*,#815,.F.);
#1255=ORIENTED_EDGE('',*,*,#919,.T.);
#1256=ORIENTED_EDGE('',*,*,#749,.F.);
#1257=ORIENTED_EDGE('',*,*,#888,.F.);
#1258=ORIENTED_EDGE('',*,*,#858,.F.);
#1259=ORIENTED_EDGE('',*,*,#894,.F.);
#1260=ORIENTED_EDGE('',*,*,#780,.F.);
#1261=ORIENTED_EDGE('',*,*,#895,.F.);
#1262=ORIENTED_EDGE('',*,*,#855,.F.);
#1263=ORIENTED_EDGE('',*,*,#901,.F.);
#1264=ORIENTED_EDGE('',*,*,#763,.F.);
#1265=ORIENTED_EDGE('',*,*,#814,.F.);
#1266=ORIENTED_EDGE('',*,*,#920,.T.);
#1267=ORIENTED_EDGE('',*,*,#750,.F.);
#1268=ORIENTED_EDGE('',*,*,#919,.F.);
#1269=ORIENTED_EDGE('',*,*,#903,.F.);
#1270=ORIENTED_EDGE('',*,*,#765,.F.);
#1271=ORIENTED_EDGE('',*,*,#900,.F.);
#1272=ORIENTED_EDGE('',*,*,#898,.F.);
#1273=ORIENTED_EDGE('',*,*,#896,.F.);
#1274=ORIENTED_EDGE('',*,*,#778,.F.);
#1275=ORIENTED_EDGE('',*,*,#893,.F.);
#1276=ORIENTED_EDGE('',*,*,#891,.F.);
#1277=ORIENTED_EDGE('',*,*,#889,.F.);
#1278=ORIENTED_EDGE('',*,*,#751,.F.);
#1279=ORIENTED_EDGE('',*,*,#920,.F.);
#1280=ORIENTED_EDGE('',*,*,#813,.F.);
#1281=ORIENTED_EDGE('',*,*,#921,.T.);
#1282=ORIENTED_EDGE('',*,*,#771,.F.);
#1283=ORIENTED_EDGE('',*,*,#886,.F.);
#1284=ORIENTED_EDGE('',*,*,#884,.F.);
#1285=ORIENTED_EDGE('',*,*,#882,.F.);
#1286=ORIENTED_EDGE('',*,*,#747,.F.);
#1287=ORIENTED_EDGE('',*,*,#879,.F.);
#1288=ORIENTED_EDGE('',*,*,#877,.F.);
#1289=ORIENTED_EDGE('',*,*,#875,.F.);
#1290=ORIENTED_EDGE('',*,*,#769,.F.);
#1291=ORIENTED_EDGE('',*,*,#872,.F.);
#1292=ORIENTED_EDGE('',*,*,#870,.F.);
#1293=ORIENTED_EDGE('',*,*,#922,.T.);
#1294=ORIENTED_EDGE('',*,*,#755,.F.);
#1295=ORIENTED_EDGE('',*,*,#915,.F.);
#1296=ORIENTED_EDGE('',*,*,#913,.F.);
#1297=ORIENTED_EDGE('',*,*,#911,.F.);
#1298=ORIENTED_EDGE('',*,*,#761,.F.);
#1299=ORIENTED_EDGE('',*,*,#908,.F.);
#1300=ORIENTED_EDGE('',*,*,#906,.F.);
#1301=ORIENTED_EDGE('',*,*,#904,.F.);
#1302=ORIENTED_EDGE('',*,*,#772,.F.);
#1303=ORIENTED_EDGE('',*,*,#921,.F.);
#1304=ORIENTED_EDGE('',*,*,#812,.F.);
#1305=ORIENTED_EDGE('',*,*,#756,.F.);
#1306=ORIENTED_EDGE('',*,*,#922,.F.);
#1307=ORIENTED_EDGE('',*,*,#811,.F.);
#1308=ORIENTED_EDGE('',*,*,#923,.F.);
#1309=ORIENTED_EDGE('',*,*,#924,.T.);
#1310=ORIENTED_EDGE('',*,*,#757,.F.);
#1311=ORIENTED_EDGE('',*,*,#923,.T.);
#1312=ORIENTED_EDGE('',*,*,#810,.F.);
#1313=ORIENTED_EDGE('',*,*,#752,.F.);
#1314=ORIENTED_EDGE('',*,*,#924,.F.);
#1315=ORIENTED_EDGE('',*,*,#809,.F.);
#1316=ORIENTED_EDGE('',*,*,#917,.F.);
#1317=ORIENTED_EDGE('',*,*,#808,.T.);
#1318=ORIENTED_EDGE('',*,*,#925,.F.);
#1319=ORIENTED_EDGE('',*,*,#732,.F.);
#1320=ORIENTED_EDGE('',*,*,#926,.T.);
#1321=ORIENTED_EDGE('',*,*,#790,.F.);
#1322=ORIENTED_EDGE('',*,*,#733,.F.);
#1323=ORIENTED_EDGE('',*,*,#925,.T.);
#1324=ORIENTED_EDGE('',*,*,#807,.T.);
#1325=ORIENTED_EDGE('',*,*,#799,.F.);
#1326=ORIENTED_EDGE('',*,*,#793,.T.);
#1327=ORIENTED_EDGE('',*,*,#806,.T.);
#1328=ORIENTED_EDGE('',*,*,#927,.F.);
#1329=ORIENTED_EDGE('',*,*,#739,.F.);
#1330=ORIENTED_EDGE('',*,*,#801,.T.);
#1331=ORIENTED_EDGE('',*,*,#805,.T.);
#1332=ORIENTED_EDGE('',*,*,#928,.F.);
#1333=ORIENTED_EDGE('',*,*,#740,.F.);
#1334=ORIENTED_EDGE('',*,*,#927,.T.);
#1335=ORIENTED_EDGE('',*,*,#804,.T.);
#1336=ORIENTED_EDGE('',*,*,#929,.F.);
#1337=ORIENTED_EDGE('',*,*,#741,.F.);
#1338=ORIENTED_EDGE('',*,*,#928,.T.);
#1339=ORIENTED_EDGE('',*,*,#803,.T.);
#1340=ORIENTED_EDGE('',*,*,#930,.F.);
#1341=ORIENTED_EDGE('',*,*,#742,.F.);
#1342=ORIENTED_EDGE('',*,*,#929,.T.);
#1343=ORIENTED_EDGE('',*,*,#726,.T.);
#1344=ORIENTED_EDGE('',*,*,#743,.F.);
#1345=ORIENTED_EDGE('',*,*,#930,.T.);
#1346=ORIENTED_EDGE('',*,*,#802,.T.);
#1347=ORIENTED_EDGE('',*,*,#926,.F.);
#1348=ORIENTED_EDGE('',*,*,#731,.F.);
#1349=ORIENTED_EDGE('',*,*,#785,.T.);
#1350=ORIENTED_EDGE('',*,*,#787,.T.);
#1351=CYLINDRICAL_SURFACE('',#1449,4.);
#1352=CYLINDRICAL_SURFACE('',#1470,4.);
#1353=CYLINDRICAL_SURFACE('',#1476,4.);
#1354=CYLINDRICAL_SURFACE('',#1481,4.);
#1355=CYLINDRICAL_SURFACE('',#1493,2.);
#1356=CYLINDRICAL_SURFACE('',#1496,2.);
#1357=CYLINDRICAL_SURFACE('',#1499,2.);
#1358=CYLINDRICAL_SURFACE('',#1502,2.);
#1359=CYLINDRICAL_SURFACE('',#1505,2.);
#1360=CYLINDRICAL_SURFACE('',#1508,2.);
#1361=CYLINDRICAL_SURFACE('',#1511,2.);
#1362=CYLINDRICAL_SURFACE('',#1547,75.1250000000001);
#1363=CYLINDRICAL_SURFACE('',#1551,75.1250000000003);
#1364=CYLINDRICAL_SURFACE('',#1552,4.);
#1365=CYLINDRICAL_SURFACE('',#1554,4.);
#1366=CYLINDRICAL_SURFACE('',#1557,78.1250000000001);
#1367=CYLINDRICAL_SURFACE('',#1558,4.00000000000008);
#1368=CYLINDRICAL_SURFACE('',#1560,4.00000000000003);
#1369=CYLINDRICAL_SURFACE('',#1561,78.1250000000003);
#1370=ADVANCED_FACE('',(#71),#1351,.T.);
#1371=ADVANCED_FACE('',(#72),#25,.T.);
#1372=ADVANCED_FACE('',(#73,#16,#17,#18,#19,#20,#21,#22,#23),#26,.T.);
#1373=ADVANCED_FACE('',(#74),#1352,.T.);
#1374=ADVANCED_FACE('',(#75),#27,.T.);
#1375=ADVANCED_FACE('',(#76),#28,.T.);
#1376=ADVANCED_FACE('',(#77),#29,.F.);
#1377=ADVANCED_FACE('',(#78),#1353,.T.);
#1378=ADVANCED_FACE('',(#79),#30,.T.);
#1379=ADVANCED_FACE('',(#80),#31,.T.);
#1380=ADVANCED_FACE('',(#81),#1354,.T.);
#1381=ADVANCED_FACE('',(#82),#32,.T.);
#1382=ADVANCED_FACE('',(#83),#33,.T.);
#1383=ADVANCED_FACE('',(#84,#24),#34,.F.);
#1384=ADVANCED_FACE('',(#85),#1355,.F.);
#1385=ADVANCED_FACE('',(#86),#1356,.F.);
#1386=ADVANCED_FACE('',(#87),#1357,.F.);
#1387=ADVANCED_FACE('',(#88),#1358,.F.);
#1388=ADVANCED_FACE('',(#89),#1359,.F.);
#1389=ADVANCED_FACE('',(#90),#1360,.F.);
#1390=ADVANCED_FACE('',(#91),#1361,.F.);
#1391=ADVANCED_FACE('',(#92),#35,.F.);
#1392=ADVANCED_FACE('',(#93),#36,.T.);
#1393=ADVANCED_FACE('',(#94),#37,.T.);
#1394=ADVANCED_FACE('',(#95),#38,.T.);
#1395=ADVANCED_FACE('',(#96),#39,.T.);
#1396=ADVANCED_FACE('',(#97),#40,.T.);
#1397=ADVANCED_FACE('',(#98),#41,.T.);
#1398=ADVANCED_FACE('',(#99),#42,.T.);
#1399=ADVANCED_FACE('',(#100),#43,.T.);
#1400=ADVANCED_FACE('',(#101),#44,.T.);
#1401=ADVANCED_FACE('',(#102),#45,.T.);
#1402=ADVANCED_FACE('',(#103),#46,.T.);
#1403=ADVANCED_FACE('',(#104),#47,.T.);
#1404=ADVANCED_FACE('',(#105),#48,.T.);
#1405=ADVANCED_FACE('',(#106),#49,.T.);
#1406=ADVANCED_FACE('',(#107),#50,.T.);
#1407=ADVANCED_FACE('',(#108),#51,.T.);
#1408=ADVANCED_FACE('',(#109),#52,.T.);
#1409=ADVANCED_FACE('',(#110),#53,.T.);
#1410=ADVANCED_FACE('',(#111),#54,.T.);
#1411=ADVANCED_FACE('',(#112),#55,.T.);
#1412=ADVANCED_FACE('',(#113),#56,.T.);
#1413=ADVANCED_FACE('',(#114),#57,.T.);
#1414=ADVANCED_FACE('',(#115),#58,.T.);
#1415=ADVANCED_FACE('',(#116),#59,.T.);
#1416=ADVANCED_FACE('',(#117),#60,.T.);
#1417=ADVANCED_FACE('',(#118),#61,.T.);
#1418=ADVANCED_FACE('',(#119),#62,.F.);
#1419=ADVANCED_FACE('',(#120),#63,.T.);
#1420=ADVANCED_FACE('',(#121),#1362,.F.);
#1421=ADVANCED_FACE('',(#122),#64,.F.);
#1422=ADVANCED_FACE('',(#123),#65,.F.);
#1423=ADVANCED_FACE('',(#124),#66,.F.);
#1424=ADVANCED_FACE('',(#125),#1363,.F.);
#1425=ADVANCED_FACE('',(#126),#1364,.F.);
#1426=ADVANCED_FACE('',(#127),#67,.F.);
#1427=ADVANCED_FACE('',(#128),#1365,.F.);
#1428=ADVANCED_FACE('',(#129),#68,.T.);
#1429=ADVANCED_FACE('',(#130),#69,.T.);
#1430=ADVANCED_FACE('',(#131),#1366,.T.);
#1431=ADVANCED_FACE('',(#132),#1367,.T.);
#1432=ADVANCED_FACE('',(#133),#70,.T.);
#1433=ADVANCED_FACE('',(#134),#1368,.T.);
#1434=ADVANCED_FACE('',(#135),#1369,.T.);
#1435=CLOSED_SHELL('',(#1370,#1371,#1372,#1373,#1374,#1375,#1376,#1377,
#1378,#1379,#1380,#1381,#1382,#1383,#1384,#1385,#1386,#1387,#1388,#1389,
#1390,#1391,#1392,#1393,#1394,#1395,#1396,#1397,#1398,#1399,#1400,#1401,
#1402,#1403,#1404,#1405,#1406,#1407,#1408,#1409,#1410,#1411,#1412,#1413,
#1414,#1415,#1416,#1417,#1418,#1419,#1420,#1421,#1422,#1423,#1424,#1425,
#1426,#1427,#1428,#1429,#1430,#1431,#1432,#1433,#1434));
#1436=DERIVED_UNIT_ELEMENT(#1438,1.);
#1437=DERIVED_UNIT_ELEMENT(#2373,-3.);
#1438=(
MASS_UNIT()
NAMED_UNIT(*)
SI_UNIT(.KILO.,.GRAM.)
);
#1439=DERIVED_UNIT((#1436,#1437));
#1440=MEASURE_REPRESENTATION_ITEM('density measure',
POSITIVE_RATIO_MEASURE(7850.),#1439);
#1441=PROPERTY_DEFINITION_REPRESENTATION(#1446,#1443);
#1442=PROPERTY_DEFINITION_REPRESENTATION(#1447,#1444);
#1443=REPRESENTATION('material name',(#1445),#2370);
#1444=REPRESENTATION('density',(#1440),#2370);
#1445=DESCRIPTIVE_REPRESENTATION_ITEM('Steel','Steel');
#1446=PROPERTY_DEFINITION('material property','material name',#2380);
#1447=PROPERTY_DEFINITION('material property','density of part',#2380);
#1448=AXIS2_PLACEMENT_3D('',#1952,#1562,#1563);
#1449=AXIS2_PLACEMENT_3D('',#1953,#1564,#1565);
#1450=AXIS2_PLACEMENT_3D('',#1956,#1566,#1567);
#1451=AXIS2_PLACEMENT_3D('',#1960,#1569,#1570);
#1452=AXIS2_PLACEMENT_3D('',#1962,#1572,#1573);
#1453=AXIS2_PLACEMENT_3D('',#1968,#1577,#1578);
#1454=AXIS2_PLACEMENT_3D('',#1972,#1580,#1581);
#1455=AXIS2_PLACEMENT_3D('',#1976,#1583,#1584);
#1456=AXIS2_PLACEMENT_3D('',#1982,#1587,#1588);
#1457=AXIS2_PLACEMENT_3D('',#1986,#1590,#1591);
#1458=AXIS2_PLACEMENT_3D('',#1992,#1594,#1595);
#1459=AXIS2_PLACEMENT_3D('',#1994,#1596,#1597);
#1460=AXIS2_PLACEMENT_3D('',#1998,#1599,#1600);
#1461=AXIS2_PLACEMENT_3D('',#1999,#1601,#1602);
#1462=AXIS2_PLACEMENT_3D('',#2018,#1611,#1612);
#1463=AXIS2_PLACEMENT_3D('',#2020,#1613,#1614);
#1464=AXIS2_PLACEMENT_3D('',#2024,#1616,#1617);
#1465=AXIS2_PLACEMENT_3D('',#2026,#1618,#1619);
#1466=AXIS2_PLACEMENT_3D('',#2032,#1622,#1623);
#1467=AXIS2_PLACEMENT_3D('',#2035,#1625,#1626);
#1468=AXIS2_PLACEMENT_3D('',#2058,#1637,#1638);
#1469=AXIS2_PLACEMENT_3D('',#2064,#1641,#1642);
#1470=AXIS2_PLACEMENT_3D('',#2074,#1648,#1649);
#1471=AXIS2_PLACEMENT_3D('',#2077,#1650,#1651);
#1472=AXIS2_PLACEMENT_3D('',#2080,#1654,#1655);
#1473=AXIS2_PLACEMENT_3D('',#2084,#1658,#1659);
#1474=AXIS2_PLACEMENT_3D('',#2086,#1661,#1662);
#1475=AXIS2_PLACEMENT_3D('',#2087,#1663,#1664);
#1476=AXIS2_PLACEMENT_3D('',#2088,#1665,#1666);
#1477=AXIS2_PLACEMENT_3D('',#2091,#1667,#1668);
#1478=AXIS2_PLACEMENT_3D('',#2094,#1671,#1672);
#1479=AXIS2_PLACEMENT_3D('',#2098,#1675,#1676);
#1480=AXIS2_PLACEMENT_3D('',#2105,#1680,#1681);
#1481=AXIS2_PLACEMENT_3D('',#2106,#1682,#1683);
#1482=AXIS2_PLACEMENT_3D('',#2108,#1685,#1686);
#1483=AXIS2_PLACEMENT_3D('',#2110,#1688,#1689);
#1484=AXIS2_PLACEMENT_3D('',#2116,#1693,#1694);
#1485=AXIS2_PLACEMENT_3D('',#2119,#1695,#1696);
#1486=AXIS2_PLACEMENT_3D('',#2121,#1697,#1698);
#1487=AXIS2_PLACEMENT_3D('',#2125,#1700,#1701);
#1488=AXIS2_PLACEMENT_3D('',#2126,#1702,#1703);
#1489=AXIS2_PLACEMENT_3D('',#2132,#1706,#1707);
#1490=AXIS2_PLACEMENT_3D('',#2136,#1709,#1710);
#1491=AXIS2_PLACEMENT_3D('',#2138,#1711,#1712);
#1492=AXIS2_PLACEMENT_3D('',#2145,#1716,#1717);
#1493=AXIS2_PLACEMENT_3D('',#2146,#1718,#1719);
#1494=AXIS2_PLACEMENT_3D('',#2149,#1720,#1721);
#1495=AXIS2_PLACEMENT_3D('',#2153,#1723,#1724);
#1496=AXIS2_PLACEMENT_3D('',#2155,#1726,#1727);
#1497=AXIS2_PLACEMENT_3D('',#2158,#1728,#1729);
#1498=AXIS2_PLACEMENT_3D('',#2162,#1731,#1732);
#1499=AXIS2_PLACEMENT_3D('',#2164,#1734,#1735);
#1500=AXIS2_PLACEMENT_3D('',#2167,#1736,#1737);
#1501=AXIS2_PLACEMENT_3D('',#2171,#1739,#1740);
#1502=AXIS2_PLACEMENT_3D('',#2173,#1742,#1743);
#1503=AXIS2_PLACEMENT_3D('',#2176,#1744,#1745);
#1504=AXIS2_PLACEMENT_3D('',#2180,#1747,#1748);
#1505=AXIS2_PLACEMENT_3D('',#2182,#1750,#1751);
#1506=AXIS2_PLACEMENT_3D('',#2185,#1752,#1753);
#1507=AXIS2_PLACEMENT_3D('',#2189,#1755,#1756);
#1508=AXIS2_PLACEMENT_3D('',#2191,#1758,#1759);
#1509=AXIS2_PLACEMENT_3D('',#2194,#1760,#1761);
#1510=AXIS2_PLACEMENT_3D('',#2198,#1763,#1764);
#1511=AXIS2_PLACEMENT_3D('',#2200,#1766,#1767);
#1512=AXIS2_PLACEMENT_3D('',#2203,#1768,#1769);
#1513=AXIS2_PLACEMENT_3D('',#2207,#1771,#1772);
#1514=AXIS2_PLACEMENT_3D('',#2209,#1774,#1775);
#1515=AXIS2_PLACEMENT_3D('',#2213,#1777,#1778);
#1516=AXIS2_PLACEMENT_3D('',#2215,#1780,#1781);
#1517=AXIS2_PLACEMENT_3D('',#2219,#1783,#1784);
#1518=AXIS2_PLACEMENT_3D('',#2221,#1786,#1787);
#1519=AXIS2_PLACEMENT_3D('',#2226,#1791,#1792);
#1520=AXIS2_PLACEMENT_3D('',#2232,#1796,#1797);
#1521=AXIS2_PLACEMENT_3D('',#2238,#1801,#1802);
#1522=AXIS2_PLACEMENT_3D('',#2244,#1806,#1807);
#1523=AXIS2_PLACEMENT_3D('',#2250,#1811,#1812);
#1524=AXIS2_PLACEMENT_3D('',#2256,#1816,#1817);
#1525=AXIS2_PLACEMENT_3D('',#2262,#1821,#1822);
#1526=AXIS2_PLACEMENT_3D('',#2265,#1825,#1826);
#1527=AXIS2_PLACEMENT_3D('',#2270,#1830,#1831);
#1528=AXIS2_PLACEMENT_3D('',#2274,#1834,#1835);
#1529=AXIS2_PLACEMENT_3D('',#2277,#1838,#1839);
#1530=AXIS2_PLACEMENT_3D('',#2282,#1843,#1844);
#1531=AXIS2_PLACEMENT_3D('',#2286,#1847,#1848);
#1532=AXIS2_PLACEMENT_3D('',#2289,#1851,#1852);
#1533=AXIS2_PLACEMENT_3D('',#2294,#1856,#1857);
#1534=AXIS2_PLACEMENT_3D('',#2298,#1860,#1861);
#1535=AXIS2_PLACEMENT_3D('',#2301,#1864,#1865);
#1536=AXIS2_PLACEMENT_3D('',#2306,#1869,#1870);
#1537=AXIS2_PLACEMENT_3D('',#2310,#1873,#1874);
#1538=AXIS2_PLACEMENT_3D('',#2313,#1877,#1878);
#1539=AXIS2_PLACEMENT_3D('',#2316,#1881,#1882);
#1540=AXIS2_PLACEMENT_3D('',#2320,#1885,#1886);
#1541=AXIS2_PLACEMENT_3D('',#2322,#1887,#1888);
#1542=AXIS2_PLACEMENT_3D('',#2324,#1890,#1891);
#1543=AXIS2_PLACEMENT_3D('',#2327,#1894,#1895);
#1544=AXIS2_PLACEMENT_3D('',#2332,#1899,#1900);
#1545=AXIS2_PLACEMENT_3D('',#2334,#1901,#1902);
#1546=AXIS2_PLACEMENT_3D('',#2336,#1904,#1905);
#1547=AXIS2_PLACEMENT_3D('',#2339,#1908,#1909);
#1548=AXIS2_PLACEMENT_3D('',#2342,#1912,#1913);
#1549=AXIS2_PLACEMENT_3D('',#2344,#1915,#1916);
#1550=AXIS2_PLACEMENT_3D('',#2346,#1918,#1919);
#1551=AXIS2_PLACEMENT_3D('',#2348,#1921,#1922);
#1552=AXIS2_PLACEMENT_3D('',#2350,#1924,#1925);
#1553=AXIS2_PLACEMENT_3D('',#2352,#1927,#1928);
#1554=AXIS2_PLACEMENT_3D('',#2354,#1930,#1931);
#1555=AXIS2_PLACEMENT_3D('',#2355,#1932,#1933);
#1556=AXIS2_PLACEMENT_3D('',#2358,#1936,#1937);
#1557=AXIS2_PLACEMENT_3D('',#2359,#1938,#1939);
#1558=AXIS2_PLACEMENT_3D('',#2361,#1941,#1942);
#1559=AXIS2_PLACEMENT_3D('',#2363,#1944,#1945);
#1560=AXIS2_PLACEMENT_3D('',#2365,#1947,#1948);
#1561=AXIS2_PLACEMENT_3D('',#2367,#1950,#1951);
#1562=DIRECTION('axis',(0.,0.,1.));
#1563=DIRECTION('refdir',(1.,0.,0.));
#1564=DIRECTION('center_axis',(0.,-1.,0.));
#1565=DIRECTION('ref_axis',(0.707106781186548,0.,-0.707106781186548));
#1566=DIRECTION('center_axis',(0.,1.,0.));
#1567=DIRECTION('ref_axis',(0.707106781186548,0.,-0.707106781186548));
#1568=DIRECTION('',(0.,1.,0.));
#1569=DIRECTION('center_axis',(0.,-1.,0.));
#1570=DIRECTION('ref_axis',(0.707106781186548,0.,-0.707106781186548));
#1571=DIRECTION('',(0.,-1.,0.));
#1572=DIRECTION('center_axis',(1.,0.,-5.9211894646675E-16));
#1573=DIRECTION('ref_axis',(5.9211894646675E-16,0.,1.));
#1574=DIRECTION('',(-5.9211894646675E-16,0.,-1.));
#1575=DIRECTION('',(0.,1.,0.));
#1576=DIRECTION('',(5.9211894646675E-16,0.,1.));
#1577=DIRECTION('center_axis',(0.,1.,0.));
#1578=DIRECTION('ref_axis',(-1.,0.,0.));
#1579=DIRECTION('',(-1.,0.,5.32907051820075E-16));
#1580=DIRECTION('center_axis',(0.,-1.,0.));
#1581=DIRECTION('ref_axis',(-0.707106781186534,0.,-0.707106781186561));
#1582=DIRECTION('',(-3.7239927068756E-14,0.,1.));
#1583=DIRECTION('center_axis',(0.,1.,0.));
#1584=DIRECTION('ref_axis',(0.391231028667791,0.,-0.920292498180629));
#1585=DIRECTION('',(-1.,0.,1.33761810195802E-16));
#1586=DIRECTION('',(0.,0.,1.));
#1587=DIRECTION('center_axis',(0.,-1.,0.));
#1588=DIRECTION('ref_axis',(-0.707106781186548,0.,0.707106781186547));
#1589=DIRECTION('',(-1.,0.,0.));
#1590=DIRECTION('center_axis',(0.,-1.,0.));
#1591=DIRECTION('ref_axis',(0.707106781186548,0.,0.707106781186548));
#1592=DIRECTION('',(0.,0.,1.));
#1593=DIRECTION('',(1.,0.,0.));
#1594=DIRECTION('center_axis',(0.,1.,0.));
#1595=DIRECTION('ref_axis',(4.54747350886463E-16,0.,1.));
#1596=DIRECTION('center_axis',(0.,1.,0.));
#1597=DIRECTION('ref_axis',(0.391231028667805,0.,0.920292498180623));
#1598=DIRECTION('',(3.17678476928229E-15,0.,-1.));
#1599=DIRECTION('center_axis',(0.,1.,0.));
#1600=DIRECTION('ref_axis',(1.,0.,0.));
#1601=DIRECTION('center_axis',(0.,1.,0.));
#1602=DIRECTION('ref_axis',(0.391231028667791,0.,-0.920292498180629));
#1603=DIRECTION('',(8.88178419700125E-17,0.,1.));
#1604=DIRECTION('',(-1.,0.,0.));
#1605=DIRECTION('',(-1.11022302462516E-16,0.,-1.));
#1606=DIRECTION('',(1.,0.,0.));
#1607=DIRECTION('',(0.,0.,1.));
#1608=DIRECTION('',(-1.,0.,0.));
#1609=DIRECTION('',(0.,0.,-1.));
#1610=DIRECTION('',(1.,0.,0.));
#1611=DIRECTION('center_axis',(0.,-1.,0.));
#1612=DIRECTION('ref_axis',(0.826303092942278,0.,0.563225708392315));
#1613=DIRECTION('center_axis',(0.,-1.,0.));
#1614=DIRECTION('ref_axis',(3.54680234156455E-16,0.,1.));
#1615=DIRECTION('',(0.,0.,-1.));
#1616=DIRECTION('center_axis',(0.,-1.,0.));
#1617=DIRECTION('ref_axis',(0.399334442595673,0.,-0.916805324459235));
#1618=DIRECTION('center_axis',(0.,-1.,0.));
#1619=DIRECTION('ref_axis',(0.826303092942278,0.,-0.563225708392315));
#1620=DIRECTION('',(0.,0.,1.));
#1621=DIRECTION('',(0.,0.,1.));
#1622=DIRECTION('center_axis',(0.,-1.,0.));
#1623=DIRECTION('ref_axis',(3.54680234156455E-16,0.,1.));
#1624=DIRECTION('',(0.,0.,-1.));
#1625=DIRECTION('center_axis',(0.,-1.,0.));
#1626=DIRECTION('ref_axis',(0.399334442595673,0.,-0.916805324459235));
#1627=DIRECTION('',(8.88178419700125E-17,0.,1.));
#1628=DIRECTION('',(-1.,0.,0.));
#1629=DIRECTION('',(-1.77635683940025E-16,0.,-1.));
#1630=DIRECTION('',(1.,0.,0.));
#1631=DIRECTION('',(0.,0.,1.));
#1632=DIRECTION('',(-1.,0.,0.));
#1633=DIRECTION('',(0.,0.,-1.));
#1634=DIRECTION('',(1.,0.,0.));
#1635=DIRECTION('',(0.,0.,-1.));
#1636=DIRECTION('',(1.,0.,0.));
#1637=DIRECTION('center_axis',(0.,-1.,0.));
#1638=DIRECTION('ref_axis',(0.399334442595673,0.,-0.916805324459235));
#1639=DIRECTION('',(-1.,0.,0.));
#1640=DIRECTION('',(-0.00324247220103407,0.,0.999994743173196));
#1641=DIRECTION('center_axis',(0.,-1.,0.));
#1642=DIRECTION('ref_axis',(3.54680234156455E-16,0.,1.));
#1643=DIRECTION('',(-1.,0.,0.));
#1644=DIRECTION('',(0.,0.,-1.));
#1645=DIRECTION('',(1.,0.,0.));
#1646=DIRECTION('',(0.,0.,1.));
#1647=DIRECTION('',(-1.,0.,0.));
#1648=DIRECTION('center_axis',(0.,-1.,0.));
#1649=DIRECTION('ref_axis',(-0.707106781186534,0.,-0.707106781186561));
#1650=DIRECTION('center_axis',(0.,1.,0.));
#1651=DIRECTION('ref_axis',(-0.707106781186534,0.,-0.707106781186561));
#1652=DIRECTION('',(0.,1.,0.));
#1653=DIRECTION('',(0.,-1.,0.));
#1654=DIRECTION('center_axis',(-1.,0.,-3.7239927068756E-14));
#1655=DIRECTION('ref_axis',(3.7239927068756E-14,0.,-1.));
#1656=DIRECTION('',(3.7239927068756E-14,0.,-1.));
#1657=DIRECTION('',(0.,-1.,0.));
#1658=DIRECTION('center_axis',(-5.32907051820075E-16,0.,-1.));
#1659=DIRECTION('ref_axis',(1.,0.,-5.32907051820075E-16));
#1660=DIRECTION('',(1.,0.,-5.32907051820075E-16));
#1661=DIRECTION('center_axis',(0.,1.,0.));
#1662=DIRECTION('ref_axis',(-1.,0.,0.));
#1663=DIRECTION('center_axis',(0.,-1.,0.));
#1664=DIRECTION('ref_axis',(0.391231028667791,0.,-0.920292498180629));
#1665=DIRECTION('center_axis',(0.,-1.,0.));
#1666=DIRECTION('ref_axis',(-0.707106781186548,0.,0.707106781186547));
#1667=DIRECTION('center_axis',(0.,1.,0.));
#1668=DIRECTION('ref_axis',(-0.707106781186548,0.,0.707106781186547));
#1669=DIRECTION('',(0.,1.,0.));
#1670=DIRECTION('',(0.,-1.,0.));
#1671=DIRECTION('center_axis',(0.,0.,1.));
#1672=DIRECTION('ref_axis',(1.,0.,0.));
#1673=DIRECTION('',(1.,0.,0.));
#1674=DIRECTION('',(0.,-1.,0.));
#1675=DIRECTION('center_axis',(0.,-1.,0.));
#1676=DIRECTION('ref_axis',(1.,0.,0.));
#1677=DIRECTION('',(0.,0.,1.));
#1678=DIRECTION('',(-1.,0.,0.));
#1679=DIRECTION('',(0.,0.,1.));
#1680=DIRECTION('center_axis',(0.,1.,0.));
#1681=DIRECTION('ref_axis',(0.707106781186548,0.,0.707106781186548));
#1682=DIRECTION('center_axis',(0.,1.,0.));
#1683=DIRECTION('ref_axis',(0.707106781186548,0.,0.707106781186548));
#1684=DIRECTION('',(0.,1.,0.));
#1685=DIRECTION('center_axis',(1.,0.,0.));
#1686=DIRECTION('ref_axis',(0.,1.,0.));
#1687=DIRECTION('',(0.,-1.,0.));
#1688=DIRECTION('center_axis',(0.,0.,1.));
#1689=DIRECTION('ref_axis',(-1.,0.,0.));
#1690=DIRECTION('',(0.,-1.,0.));
#1691=DIRECTION('',(1.,0.,0.));
#1692=DIRECTION('',(0.,-1.,0.));
#1693=DIRECTION('center_axis',(0.,1.,0.));
#1694=DIRECTION('ref_axis',(0.,0.,1.));
#1695=DIRECTION('center_axis',(0.,1.,0.));
#1696=DIRECTION('ref_axis',(0.391231028667791,0.,-0.920292498180629));
#1697=DIRECTION('center_axis',(0.,1.,0.));
#1698=DIRECTION('ref_axis',(1.,0.,0.));
#1699=DIRECTION('',(3.17678476928229E-15,0.,-1.));
#1700=DIRECTION('center_axis',(0.,1.,0.));
#1701=DIRECTION('ref_axis',(0.391231028667805,0.,0.920292498180623));
#1702=DIRECTION('center_axis',(0.,1.,0.));
#1703=DIRECTION('ref_axis',(4.54747350886463E-16,0.,1.));
#1704=DIRECTION('',(0.,0.,1.));
#1705=DIRECTION('',(-1.,0.,1.33761810195802E-16));
#1706=DIRECTION('center_axis',(0.,1.,0.));
#1707=DIRECTION('ref_axis',(0.826303092942278,0.,0.563225708392315));
#1708=DIRECTION('',(0.,0.,-1.));
#1709=DIRECTION('center_axis',(0.,1.,0.));
#1710=DIRECTION('ref_axis',(0.826303092942278,0.,-0.563225708392315));
#1711=DIRECTION('center_axis',(0.,1.,0.));
#1712=DIRECTION('ref_axis',(0.399334442595673,0.,-0.916805324459235));
#1713=DIRECTION('',(-1.,0.,0.));
#1714=DIRECTION('',(0.,0.,1.));
#1715=DIRECTION('',(1.,0.,0.));
#1716=DIRECTION('center_axis',(0.,1.,0.));
#1717=DIRECTION('ref_axis',(3.54680234156455E-16,0.,1.));
#1718=DIRECTION('center_axis',(1.,0.,0.));
#1719=DIRECTION('ref_axis',(0.,1.,-1.22464679914735E-16));
#1720=DIRECTION('center_axis',(-1.,0.,0.));
#1721=DIRECTION('ref_axis',(0.,-1.,0.));
#1722=DIRECTION('',(1.,0.,0.));
#1723=DIRECTION('center_axis',(1.,0.,-1.11022302462516E-16));
#1724=DIRECTION('ref_axis',(0.,-1.,0.));
#1725=DIRECTION('',(-1.,0.,0.));
#1726=DIRECTION('center_axis',(1.,0.,0.));
#1727=DIRECTION('ref_axis',(0.,1.,-1.22464679914735E-16));
#1728=DIRECTION('center_axis',(1.,0.,0.));
#1729=DIRECTION('ref_axis',(0.,-1.,0.));
#1730=DIRECTION('',(-1.,0.,0.));
#1731=DIRECTION('center_axis',(-1.,0.,8.88178419700125E-17));
#1732=DIRECTION('ref_axis',(0.,-1.,0.));
#1733=DIRECTION('',(1.,0.,0.));
#1734=DIRECTION('center_axis',(1.,0.,0.));
#1735=DIRECTION('ref_axis',(0.,1.,-1.22464679914735E-16));
#1736=DIRECTION('center_axis',(1.,0.,0.));
#1737=DIRECTION('ref_axis',(0.,-1.,0.));
#1738=DIRECTION('',(-1.,0.,0.));
#1739=DIRECTION('center_axis',(-1.,0.,0.));
#1740=DIRECTION('ref_axis',(0.,-1.,0.));
#1741=DIRECTION('',(1.,0.,0.));
#1742=DIRECTION('center_axis',(1.,0.,0.));
#1743=DIRECTION('ref_axis',(0.,1.,-1.22464679914735E-16));
#1744=DIRECTION('center_axis',(-1.,0.,0.));
#1745=DIRECTION('ref_axis',(0.,-1.,0.));
#1746=DIRECTION('',(1.,0.,0.));
#1747=DIRECTION('center_axis',(1.,0.,-1.77635683940025E-16));
#1748=DIRECTION('ref_axis',(0.,-1.,0.));
#1749=DIRECTION('',(-1.,0.,0.));
#1750=DIRECTION('center_axis',(1.,0.,0.));
#1751=DIRECTION('ref_axis',(0.,1.,-1.22464679914735E-16));
#1752=DIRECTION('center_axis',(-1.,0.,8.88178419700125E-17));
#1753=DIRECTION('ref_axis',(0.,-1.,0.));
#1754=DIRECTION('',(1.,0.,0.));
#1755=DIRECTION('center_axis',(1.,0.,0.));
#1756=DIRECTION('ref_axis',(0.,-1.,0.));
#1757=DIRECTION('',(-1.,0.,0.));
#1758=DIRECTION('center_axis',(1.,0.,0.));
#1759=DIRECTION('ref_axis',(0.,1.,-1.22464679914735E-16));
#1760=DIRECTION('center_axis',(1.,0.,0.));
#1761=DIRECTION('ref_axis',(0.,-1.,0.));
#1762=DIRECTION('',(-1.,0.,0.));
#1763=DIRECTION('center_axis',(-0.999994743173196,0.,-0.00324247220103407));
#1764=DIRECTION('ref_axis',(0.00324247220103407,0.,-0.999994743173195));
#1765=DIRECTION('',(1.,0.,0.));
#1766=DIRECTION('center_axis',(1.,0.,0.));
#1767=DIRECTION('ref_axis',(0.,1.,-1.22464679914735E-16));
#1768=DIRECTION('center_axis',(-1.,0.,0.));
#1769=DIRECTION('ref_axis',(0.,-1.,0.));
#1770=DIRECTION('',(1.,0.,0.));
#1771=DIRECTION('center_axis',(1.,0.,0.));
#1772=DIRECTION('ref_axis',(0.,-1.,0.));
#1773=DIRECTION('',(-1.,0.,0.));
#1774=DIRECTION('center_axis',(0.,1.,0.));
#1775=DIRECTION('ref_axis',(-1.,0.,0.));
#1776=DIRECTION('',(0.,0.,1.));
#1777=DIRECTION('center_axis',(0.,-1.,0.));
#1778=DIRECTION('ref_axis',(3.54680234156455E-16,0.,1.));
#1779=DIRECTION('',(0.,0.,-1.));
#1780=DIRECTION('center_axis',(0.,-1.,0.));
#1781=DIRECTION('ref_axis',(0.,0.,-1.));
#1782=DIRECTION('',(0.,0.,1.));
#1783=DIRECTION('center_axis',(0.,-1.,0.));
#1784=DIRECTION('ref_axis',(3.54680234156455E-16,0.,1.));
#1785=DIRECTION('',(0.00324247220103407,0.,-0.999994743173196));
#1786=DIRECTION('center_axis',(-0.999994743173196,0.,-0.00324247220103407));
#1787=DIRECTION('ref_axis',(0.00324247220103407,0.,-0.999994743173196));
#1788=DIRECTION('',(0.,1.,0.));
#1789=DIRECTION('',(0.,-1.,0.));
#1790=DIRECTION('',(0.00324247220103407,0.,-0.999994743173196));
#1791=DIRECTION('center_axis',(0.,-1.,0.));
#1792=DIRECTION('ref_axis',(0.,0.,-1.));
#1793=DIRECTION('',(1.77635683940025E-16,0.,1.));
#1794=DIRECTION('',(-1.,0.,0.));
#1795=DIRECTION('',(0.,0.,-1.));
#1796=DIRECTION('center_axis',(0.,-1.,0.));
#1797=DIRECTION('ref_axis',(0.,0.,-1.));
#1798=DIRECTION('',(0.,0.,1.));
#1799=DIRECTION('',(-1.,0.,0.));
#1800=DIRECTION('',(0.,0.,-1.));
#1801=DIRECTION('center_axis',(0.,-1.,0.));
#1802=DIRECTION('ref_axis',(0.,0.,-1.));
#1803=DIRECTION('',(0.,0.,1.));
#1804=DIRECTION('',(-1.,0.,0.));
#1805=DIRECTION('',(-8.88178419700125E-17,0.,-1.));
#1806=DIRECTION('center_axis',(0.,-1.,0.));
#1807=DIRECTION('ref_axis',(0.,0.,-1.));
#1808=DIRECTION('',(1.11022302462516E-16,0.,1.));
#1809=DIRECTION('',(-1.,0.,0.));
#1810=DIRECTION('',(0.,0.,-1.));
#1811=DIRECTION('center_axis',(0.,-1.,0.));
#1812=DIRECTION('ref_axis',(0.,0.,-1.));
#1813=DIRECTION('',(0.,0.,1.));
#1814=DIRECTION('',(-1.,0.,0.));
#1815=DIRECTION('',(-8.88178419700125E-17,0.,-1.));
#1816=DIRECTION('center_axis',(0.,-1.,0.));
#1817=DIRECTION('ref_axis',(0.,0.,-1.));
#1818=DIRECTION('',(-8.88178419700125E-17,0.,-1.));
#1819=DIRECTION('',(1.,0.,0.));
#1820=DIRECTION('',(0.,0.,1.));
#1821=DIRECTION('center_axis',(1.,0.,0.));
#1822=DIRECTION('ref_axis',(0.,0.,1.));
#1823=DIRECTION('',(0.,1.,0.));
#1824=DIRECTION('',(0.,-1.,0.));
#1825=DIRECTION('center_axis',(-1.,0.,0.));
#1826=DIRECTION('ref_axis',(0.,0.,-1.));
#1827=DIRECTION('',(0.,1.,0.));
#1828=DIRECTION('',(0.,-1.,0.));
#1829=DIRECTION('',(0.,0.,-1.));
#1830=DIRECTION('center_axis',(0.,-1.,0.));
#1831=DIRECTION('ref_axis',(0.,0.,-1.));
#1832=DIRECTION('',(1.,0.,0.));
#1833=DIRECTION('',(1.11022302462516E-16,0.,1.));
#1834=DIRECTION('center_axis',(1.,0.,-1.11022302462516E-16));
#1835=DIRECTION('ref_axis',(1.11022302462516E-16,0.,1.));
#1836=DIRECTION('',(0.,1.,0.));
#1837=DIRECTION('',(0.,-1.,0.));
#1838=DIRECTION('center_axis',(-1.,0.,8.88178419700125E-17));
#1839=DIRECTION('ref_axis',(-8.88178419700125E-17,0.,-1.));
#1840=DIRECTION('',(0.,1.,0.));
#1841=DIRECTION('',(0.,-1.,0.));
#1842=DIRECTION('',(-8.88178419700125E-17,0.,-1.));
#1843=DIRECTION('center_axis',(0.,-1.,0.));
#1844=DIRECTION('ref_axis',(0.,0.,-1.));
#1845=DIRECTION('',(1.,0.,0.));
#1846=DIRECTION('',(0.,0.,1.));
#1847=DIRECTION('center_axis',(1.,0.,0.));
#1848=DIRECTION('ref_axis',(0.,0.,1.));
#1849=DIRECTION('',(0.,1.,0.));
#1850=DIRECTION('',(0.,-1.,0.));
#1851=DIRECTION('center_axis',(-1.,0.,0.));
#1852=DIRECTION('ref_axis',(0.,0.,-1.));
#1853=DIRECTION('',(0.,1.,0.));
#1854=DIRECTION('',(0.,-1.,0.));
#1855=DIRECTION('',(0.,0.,-1.));
#1856=DIRECTION('center_axis',(0.,-1.,0.));
#1857=DIRECTION('ref_axis',(0.,0.,-1.));
#1858=DIRECTION('',(1.,0.,0.));
#1859=DIRECTION('',(0.,0.,1.));
#1860=DIRECTION('center_axis',(1.,0.,0.));
#1861=DIRECTION('ref_axis',(0.,0.,1.));
#1862=DIRECTION('',(0.,1.,0.));
#1863=DIRECTION('',(0.,-1.,0.));
#1864=DIRECTION('center_axis',(-1.,0.,0.));
#1865=DIRECTION('ref_axis',(0.,0.,-1.));
#1866=DIRECTION('',(0.,1.,0.));
#1867=DIRECTION('',(0.,-1.,0.));
#1868=DIRECTION('',(0.,0.,-1.));
#1869=DIRECTION('center_axis',(0.,-1.,0.));
#1870=DIRECTION('ref_axis',(0.,0.,-1.));
#1871=DIRECTION('',(1.,0.,0.));
#1872=DIRECTION('',(1.77635683940025E-16,0.,1.));
#1873=DIRECTION('center_axis',(1.,0.,-1.77635683940025E-16));
#1874=DIRECTION('ref_axis',(1.77635683940025E-16,0.,1.));
#1875=DIRECTION('',(0.,1.,0.));
#1876=DIRECTION('',(0.,-1.,0.));
#1877=DIRECTION('center_axis',(-1.,0.,8.88178419700125E-17));
#1878=DIRECTION('ref_axis',(-8.88178419700125E-17,0.,-1.));
#1879=DIRECTION('',(0.,1.,0.));
#1880=DIRECTION('',(0.,-1.,0.));
#1881=DIRECTION('center_axis',(0.,0.,-1.));
#1882=DIRECTION('ref_axis',(1.,0.,0.));
#1883=DIRECTION('',(0.,-1.,0.));
#1884=DIRECTION('',(1.,0.,0.));
#1885=DIRECTION('center_axis',(0.,-1.,0.));
#1886=DIRECTION('ref_axis',(0.,0.,-1.));
#1887=DIRECTION('center_axis',(0.,-1.,0.));
#1888=DIRECTION('ref_axis',(0.399334442595673,0.,-0.916805324459235));
#1889=DIRECTION('',(0.,0.,1.));
#1890=DIRECTION('center_axis',(1.,0.,0.));
#1891=DIRECTION('ref_axis',(0.,0.,1.));
#1892=DIRECTION('',(0.,1.,0.));
#1893=DIRECTION('',(0.,-1.,0.));
#1894=DIRECTION('center_axis',(-1.,0.,0.));
#1895=DIRECTION('ref_axis',(0.,0.,-1.));
#1896=DIRECTION('',(0.,1.,0.));
#1897=DIRECTION('',(0.,-1.,0.));
#1898=DIRECTION('',(0.,0.,-1.));
#1899=DIRECTION('center_axis',(0.,1.,0.));
#1900=DIRECTION('ref_axis',(-1.,0.,0.));
#1901=DIRECTION('center_axis',(0.,-1.,0.));
#1902=DIRECTION('ref_axis',(0.399334442595673,0.,-0.916805324459235));
#1903=DIRECTION('',(0.,0.,1.));
#1904=DIRECTION('center_axis',(1.,0.,0.));
#1905=DIRECTION('ref_axis',(0.,0.,1.));
#1906=DIRECTION('',(0.,1.,0.));
#1907=DIRECTION('',(0.,-1.,0.));
#1908=DIRECTION('center_axis',(0.,1.,0.));
#1909=DIRECTION('ref_axis',(3.54680234156455E-16,0.,1.));
#1910=DIRECTION('',(0.,-1.,0.));
#1911=DIRECTION('',(0.,1.,0.));
#1912=DIRECTION('center_axis',(0.,0.,1.));
#1913=DIRECTION('ref_axis',(1.,0.,0.));
#1914=DIRECTION('',(0.,1.,0.));
#1915=DIRECTION('center_axis',(-1.,0.,0.));
#1916=DIRECTION('ref_axis',(0.,0.,1.));
#1917=DIRECTION('',(0.,1.,0.));
#1918=DIRECTION('center_axis',(0.,0.,-1.));
#1919=DIRECTION('ref_axis',(-1.,0.,0.));
#1920=DIRECTION('',(0.,1.,0.));
#1921=DIRECTION('center_axis',(0.,1.,0.));
#1922=DIRECTION('ref_axis',(0.399334442595673,0.,-0.916805324459235));
#1923=DIRECTION('',(0.,1.,0.));
#1924=DIRECTION('center_axis',(0.,1.,0.));
#1925=DIRECTION('ref_axis',(0.826303092942278,0.,-0.563225708392315));
#1926=DIRECTION('',(0.,-1.,0.));
#1927=DIRECTION('center_axis',(1.,0.,0.));
#1928=DIRECTION('ref_axis',(0.,0.,-1.));
#1929=DIRECTION('',(0.,1.,0.));
#1930=DIRECTION('center_axis',(0.,1.,0.));
#1931=DIRECTION('ref_axis',(0.826303092942278,0.,0.563225708392315));
#1932=DIRECTION('center_axis',(-1.33761810195802E-16,0.,-1.));
#1933=DIRECTION('ref_axis',(1.,0.,-1.33761810195802E-16));
#1934=DIRECTION('',(0.,-1.,0.));
#1935=DIRECTION('',(0.,-1.,0.));
#1936=DIRECTION('center_axis',(-1.,0.,0.));
#1937=DIRECTION('ref_axis',(0.,0.,-1.));
#1938=DIRECTION('center_axis',(0.,-1.,0.));
#1939=DIRECTION('ref_axis',(4.54747350886463E-16,0.,1.));
#1940=DIRECTION('',(0.,-1.,0.));
#1941=DIRECTION('center_axis',(0.,-1.,0.));
#1942=DIRECTION('ref_axis',(0.391231028667805,0.,0.920292498180623));
#1943=DIRECTION('',(0.,-1.,0.));
#1944=DIRECTION('center_axis',(1.,0.,3.17678476928229E-15));
#1945=DIRECTION('ref_axis',(-3.17678476928229E-15,0.,1.));
#1946=DIRECTION('',(0.,-1.,0.));
#1947=DIRECTION('center_axis',(0.,-1.,0.));
#1948=DIRECTION('ref_axis',(1.,0.,0.));
#1949=DIRECTION('',(0.,-1.,0.));
#1950=DIRECTION('center_axis',(0.,-1.,0.));
#1951=DIRECTION('ref_axis',(0.391231028667791,0.,-0.920292498180629));
#1952=CARTESIAN_POINT('',(0.,0.,0.));
#1953=CARTESIAN_POINT('Origin',(48.,15.,-26.5));
#1954=CARTESIAN_POINT('',(52.,9.,-26.5000000000001));
#1955=CARTESIAN_POINT('',(48.,9.,-30.5));
#1956=CARTESIAN_POINT('Origin',(48.,9.,-26.5));
#1957=CARTESIAN_POINT('',(48.,15.,-30.5));
#1958=CARTESIAN_POINT('',(48.,15.,-30.5));
#1959=CARTESIAN_POINT('',(52.,15.,-26.5000000000001));
#1960=CARTESIAN_POINT('Origin',(48.,15.,-26.5));
#1961=CARTESIAN_POINT('',(52.,15.,-26.5000000000001));
#1962=CARTESIAN_POINT('Origin',(52.,15.,-30.5));
#1963=CARTESIAN_POINT('',(52.,15.,-10.686088008568));
#1964=CARTESIAN_POINT('',(52.,15.,-15.5));
#1965=CARTESIAN_POINT('',(52.,9.,-10.686088008568));
#1966=CARTESIAN_POINT('',(52.,15.,-10.686088008568));
#1967=CARTESIAN_POINT('',(52.,9.,-15.5));
#1968=CARTESIAN_POINT('Origin',(-8.88178419700125E-15,15.,-4.44089209850063E-15));
#1969=CARTESIAN_POINT('',(30.9999999999998,15.,-30.5));
#1970=CARTESIAN_POINT('',(52.,15.,-30.5));
#1971=CARTESIAN_POINT('',(26.9999999999998,15.,-26.5000000000002));
#1972=CARTESIAN_POINT('Origin',(30.9999999999998,15.,-26.5));
#1973=CARTESIAN_POINT('',(26.9999999999994,15.,-15.4743958043211));
#1974=CARTESIAN_POINT('',(27.,15.,-30.5));
#1975=CARTESIAN_POINT('',(25.,15.,-15.5));
#1976=CARTESIAN_POINT('Origin',(24.9999999999999,15.,62.6250000000003));
#1977=CARTESIAN_POINT('',(-58.,15.,-15.5));
#1978=CARTESIAN_POINT('',(25.,15.,-15.5));
#1979=CARTESIAN_POINT('',(-58.,15.,26.5));
#1980=CARTESIAN_POINT('',(-58.,15.,-15.5));
#1981=CARTESIAN_POINT('',(-54.,15.,30.5));
#1982=CARTESIAN_POINT('Origin',(-54.,15.,26.5));
#1983=CARTESIAN_POINT('',(-37.,15.,30.5));
#1984=CARTESIAN_POINT('',(-58.,15.,30.5));
#1985=CARTESIAN_POINT('',(-33.,15.,26.5));
#1986=CARTESIAN_POINT('Origin',(-37.,15.,26.5));
#1987=CARTESIAN_POINT('',(-33.,15.,15.5));
#1988=CARTESIAN_POINT('',(-33.,15.,15.5));
#1989=CARTESIAN_POINT('',(25.,15.,15.5));
#1990=CARTESIAN_POINT('',(-58.,15.,15.5));
#1991=CARTESIAN_POINT('',(55.5649241146711,15.,9.27285142036162));
#1992=CARTESIAN_POINT('Origin',(25.,15.,-62.6250000000001));
#1993=CARTESIAN_POINT('',(58.,15.,5.5916814276391));
#1994=CARTESIAN_POINT('Origin',(53.9999999999999,15.,5.59168142763905));
#1995=CARTESIAN_POINT('',(58.,15.,-5.59168142763907));
#1996=CARTESIAN_POINT('',(58.,15.,5.5916814276391));
#1997=CARTESIAN_POINT('',(55.5649241146712,15.,-9.27285142036158));
#1998=CARTESIAN_POINT('Origin',(54.,15.,-5.59168142763907));
#1999=CARTESIAN_POINT('Origin',(24.9999999999999,15.,62.6250000000003));
#2000=CARTESIAN_POINT('',(12.5,15.,-12.5));
#2001=CARTESIAN_POINT('',(12.5,15.,12.5));
#2002=CARTESIAN_POINT('',(12.5,15.,6.25));
#2003=CARTESIAN_POINT('',(1.00000000000001,15.,12.5));
#2004=CARTESIAN_POINT('',(-27.5,15.,12.5));
#2005=CARTESIAN_POINT('',(1.,15.,-12.5));
#2006=CARTESIAN_POINT('',(1.00000000000001,15.,-6.25000000000001));
#2007=CARTESIAN_POINT('',(12.5,15.,-12.5));
#2008=CARTESIAN_POINT('',(-43.5,15.,-12.5));
#2009=CARTESIAN_POINT('',(-43.5,15.,12.5));
#2010=CARTESIAN_POINT('',(-43.5,15.,6.25));
#2011=CARTESIAN_POINT('',(-55.,15.,12.5));
#2012=CARTESIAN_POINT('',(-27.5,15.,12.5));
#2013=CARTESIAN_POINT('',(-55.,15.,-12.5));
#2014=CARTESIAN_POINT('',(-55.,15.,-6.25));
#2015=CARTESIAN_POINT('',(12.5,15.,-12.5));
#2016=CARTESIAN_POINT('',(55.,15.,3.57745935764018));
#2017=CARTESIAN_POINT('',(52.4622144112478,15.,7.30062051659359));
#2018=CARTESIAN_POINT('Origin',(51.,15.,3.57745935764018));
#2019=CARTESIAN_POINT('',(42.9125719447611,15.,10.3332441628344));
#2020=CARTESIAN_POINT('Origin',(25.,15.,-62.6250000000001));
#2021=CARTESIAN_POINT('',(42.9125719447611,15.,-10.3332441628344));
#2022=CARTESIAN_POINT('',(42.9125719447611,15.,-5.16662208141719));
#2023=CARTESIAN_POINT('',(52.4622144112478,15.,-7.30062051659359));
#2024=CARTESIAN_POINT('Origin',(24.9999999999999,15.,62.6250000000003));
#2025=CARTESIAN_POINT('',(55.,15.,-3.57745935764018));
#2026=CARTESIAN_POINT('Origin',(51.,15.,-3.57745935764018));
#2027=CARTESIAN_POINT('',(55.,15.,3.125));
#2028=CARTESIAN_POINT('',(40.4125719447611,15.,-10.9019899495931));
#2029=CARTESIAN_POINT('',(40.4125719447611,15.,10.9019899495931));
#2030=CARTESIAN_POINT('',(40.4125719447611,15.,5.45099497479655));
#2031=CARTESIAN_POINT('',(28.9125719447611,15.,12.3980458311116));
#2032=CARTESIAN_POINT('Origin',(25.,15.,-62.6250000000001));
#2033=CARTESIAN_POINT('',(28.9125719447611,15.,-12.3980458311116));
#2034=CARTESIAN_POINT('',(28.9125719447611,15.,-6.24197568231529));
#2035=CARTESIAN_POINT('Origin',(24.9999999999999,15.,62.6250000000003));
#2036=CARTESIAN_POINT('',(-15.5,15.,-12.5));
#2037=CARTESIAN_POINT('',(-15.5,15.,12.5));
#2038=CARTESIAN_POINT('',(-15.5,15.,6.25));
#2039=CARTESIAN_POINT('',(-27.,15.,12.5));
#2040=CARTESIAN_POINT('',(-27.5,15.,12.5));
#2041=CARTESIAN_POINT('',(-27.,15.,-12.5));
#2042=CARTESIAN_POINT('',(-27.,15.,-6.25));
#2043=CARTESIAN_POINT('',(12.5,15.,-12.5));
#2044=CARTESIAN_POINT('',(-1.49999999999999,15.,-12.5));
#2045=CARTESIAN_POINT('',(-1.49999999999999,15.,12.5));
#2046=CARTESIAN_POINT('',(-1.49999999999999,15.,6.25));
#2047=CARTESIAN_POINT('',(-13.,15.,12.5));
#2048=CARTESIAN_POINT('',(-27.5,15.,12.5));
#2049=CARTESIAN_POINT('',(-13.,15.,-12.5));
#2050=CARTESIAN_POINT('',(-13.,15.,-6.25));
#2051=CARTESIAN_POINT('',(12.5,15.,-12.5));
#2052=CARTESIAN_POINT('',(15.,15.,12.5));
#2053=CARTESIAN_POINT('',(15.,15.,-12.5));
#2054=CARTESIAN_POINT('',(15.,15.,-6.25000000000001));
#2055=CARTESIAN_POINT('',(25.,15.,-12.5));
#2056=CARTESIAN_POINT('',(12.5,15.,-12.5));
#2057=CARTESIAN_POINT('',(26.5527555846172,15.,-12.4839513646306));
#2058=CARTESIAN_POINT('Origin',(24.9999999999999,15.,62.6250000000003));
#2059=CARTESIAN_POINT('',(26.4939096228816,15.,-12.4839513646306));
#2060=CARTESIAN_POINT('',(13.2469548114408,15.,-12.4839513646306));
#2061=CARTESIAN_POINT('',(26.4129425167697,15.,12.4867115930952));
#2062=CARTESIAN_POINT('',(26.4328621840589,15.,6.34338596378747));
#2063=CARTESIAN_POINT('',(25.,15.,12.5));
#2064=CARTESIAN_POINT('Origin',(25.,15.,-62.6250000000001));
#2065=CARTESIAN_POINT('',(-27.5,15.,12.5));
#2066=CARTESIAN_POINT('',(-41.,15.,12.5));
#2067=CARTESIAN_POINT('',(-41.,15.,-12.5));
#2068=CARTESIAN_POINT('',(-41.,15.,-6.25));
#2069=CARTESIAN_POINT('',(-29.5,15.,-12.5));
#2070=CARTESIAN_POINT('',(12.5,15.,-12.5));
#2071=CARTESIAN_POINT('',(-29.5,15.,12.5));
#2072=CARTESIAN_POINT('',(-29.5,15.,6.25));
#2073=CARTESIAN_POINT('',(-27.5,15.,12.5));
#2074=CARTESIAN_POINT('Origin',(30.9999999999998,15.,-26.5));
#2075=CARTESIAN_POINT('',(30.9999999999998,9.,-30.5));
#2076=CARTESIAN_POINT('',(26.9999999999998,9.,-26.5000000000002));
#2077=CARTESIAN_POINT('Origin',(30.9999999999998,9.,-26.5));
#2078=CARTESIAN_POINT('',(26.9999999999998,15.,-26.5000000000002));
#2079=CARTESIAN_POINT('',(30.9999999999998,15.,-30.5));
#2080=CARTESIAN_POINT('Origin',(26.9999999999994,15.,-15.4743958043211));
#2081=CARTESIAN_POINT('',(26.9999999999994,9.,-15.4743958043211));
#2082=CARTESIAN_POINT('',(27.,9.,-30.5));
#2083=CARTESIAN_POINT('',(26.9999999999994,15.,-15.4743958043211));
#2084=CARTESIAN_POINT('Origin',(27.,15.,-30.5));
#2085=CARTESIAN_POINT('',(52.,9.,-30.5));
#2086=CARTESIAN_POINT('Origin',(39.4999999999997,9.,-20.593044004284));
#2087=CARTESIAN_POINT('Origin',(24.9999999999999,9.,62.6250000000003));
#2088=CARTESIAN_POINT('Origin',(-54.,13.25,26.5));
#2089=CARTESIAN_POINT('',(-58.,8.,26.5));
#2090=CARTESIAN_POINT('',(-54.,8.,30.5));
#2091=CARTESIAN_POINT('Origin',(-54.,8.,26.5));
#2092=CARTESIAN_POINT('',(-54.,13.25,30.5));
#2093=CARTESIAN_POINT('',(-58.,13.25,26.5));
#2094=CARTESIAN_POINT('Origin',(-45.5,11.5,30.5));
#2095=CARTESIAN_POINT('',(-37.,8.,30.5));
#2096=CARTESIAN_POINT('',(-33.,8.,30.5));
#2097=CARTESIAN_POINT('',(-37.,9.75,30.5));
#2098=CARTESIAN_POINT('Origin',(-58.,8.,15.5));
#2099=CARTESIAN_POINT('',(-58.,8.,15.5));
#2100=CARTESIAN_POINT('',(-58.,8.,15.5));
#2101=CARTESIAN_POINT('',(-33.,8.,15.5));
#2102=CARTESIAN_POINT('',(-16.5,8.,15.5));
#2103=CARTESIAN_POINT('',(-33.,8.,26.5));
#2104=CARTESIAN_POINT('',(-33.,8.,15.5));
#2105=CARTESIAN_POINT('Origin',(-37.,8.,26.5));
#2106=CARTESIAN_POINT('Origin',(-37.,9.75,26.5));
#2107=CARTESIAN_POINT('',(-33.,9.75,26.5));
#2108=CARTESIAN_POINT('Origin',(-33.,8.,15.5));
#2109=CARTESIAN_POINT('',(-33.,11.5,15.5));
#2110=CARTESIAN_POINT('Origin',(25.,15.,15.5));
#2111=CARTESIAN_POINT('',(-58.,0.,15.5));
#2112=CARTESIAN_POINT('',(-58.,15.,15.5));
#2113=CARTESIAN_POINT('',(25.,0.,15.5));
#2114=CARTESIAN_POINT('',(12.5,0.,15.5));
#2115=CARTESIAN_POINT('',(25.,15.,15.5));
#2116=CARTESIAN_POINT('Origin',(-4.44089209850063E-15,0.,-4.44089209850063E-15));
#2117=CARTESIAN_POINT('',(55.5649241146712,0.,-9.27285142036158));
#2118=CARTESIAN_POINT('',(25.,0.,-15.5));
#2119=CARTESIAN_POINT('Origin',(24.9999999999999,0.,62.6250000000003));
#2120=CARTESIAN_POINT('',(58.,0.,-5.59168142763907));
#2121=CARTESIAN_POINT('Origin',(54.,0.,-5.59168142763907));
#2122=CARTESIAN_POINT('',(58.,0.,5.5916814276391));
#2123=CARTESIAN_POINT('',(58.,0.,-2.79584071381944));
#2124=CARTESIAN_POINT('',(55.5649241146711,0.,9.27285142036162));
#2125=CARTESIAN_POINT('Origin',(53.9999999999999,0.,5.59168142763905));
#2126=CARTESIAN_POINT('Origin',(25.,0.,-62.6250000000001));
#2127=CARTESIAN_POINT('',(-58.,0.,-15.5));
#2128=CARTESIAN_POINT('',(-58.,0.,7.75));
#2129=CARTESIAN_POINT('',(-29.,0.,-15.5));
#2130=CARTESIAN_POINT('',(52.4622144112478,0.,7.30062051659359));
#2131=CARTESIAN_POINT('',(55.,0.,3.57745935764018));
#2132=CARTESIAN_POINT('Origin',(51.,0.,3.57745935764018));
#2133=CARTESIAN_POINT('',(55.,0.,-3.57745935764018));
#2134=CARTESIAN_POINT('',(55.,0.,6.25));
#2135=CARTESIAN_POINT('',(52.4622144112478,0.,-7.30062051659359));
#2136=CARTESIAN_POINT('Origin',(51.,0.,-3.57745935764018));
#2137=CARTESIAN_POINT('',(25.,0.,-12.5));
#2138=CARTESIAN_POINT('Origin',(24.9999999999999,0.,62.6250000000003));
#2139=CARTESIAN_POINT('',(-55.,0.,-12.5));
#2140=CARTESIAN_POINT('',(25.,0.,-12.5));
#2141=CARTESIAN_POINT('',(-55.,0.,12.5));
#2142=CARTESIAN_POINT('',(-55.,0.,-12.5));
#2143=CARTESIAN_POINT('',(25.,0.,12.5));
#2144=CARTESIAN_POINT('',(-55.,0.,12.5));
#2145=CARTESIAN_POINT('Origin',(25.,0.,-62.6250000000001));
#2146=CARTESIAN_POINT('Origin',(-55.,4.5,0.));
#2147=CARTESIAN_POINT('',(-1.49999999999999,3.,1.32287565553229));
#2148=CARTESIAN_POINT('',(-1.49999999999999,3.,-1.32287565553229));
#2149=CARTESIAN_POINT('Origin',(-1.49999999999999,4.5,0.));
#2150=CARTESIAN_POINT('',(1.00000000000001,3.,-1.32287565553229));
#2151=CARTESIAN_POINT('',(-55.,3.,-1.32287565553229));
#2152=CARTESIAN_POINT('',(1.00000000000001,3.,1.32287565553229));
#2153=CARTESIAN_POINT('Origin',(1.00000000000001,4.5,0.));
#2154=CARTESIAN_POINT('',(-55.,3.,1.32287565553229));
#2155=CARTESIAN_POINT('Origin',(-55.,4.5,0.));
#2156=CARTESIAN_POINT('',(15.,3.,-1.32287565553229));
#2157=CARTESIAN_POINT('',(15.,3.,1.32287565553229));
#2158=CARTESIAN_POINT('Origin',(15.,4.5,0.));
#2159=CARTESIAN_POINT('',(12.5,3.,1.32287565553229));
#2160=CARTESIAN_POINT('',(-55.,3.,1.32287565553229));
#2161=CARTESIAN_POINT('',(12.5,3.,-1.32287565553229));
#2162=CARTESIAN_POINT('Origin',(12.5,4.5,0.));
#2163=CARTESIAN_POINT('',(-55.,3.,-1.32287565553229));
#2164=CARTESIAN_POINT('Origin',(-55.,4.5,0.));
#2165=CARTESIAN_POINT('',(-41.,3.,-1.32287565553229));
#2166=CARTESIAN_POINT('',(-41.,3.,1.32287565553229));
#2167=CARTESIAN_POINT('Origin',(-41.,4.5,0.));
#2168=CARTESIAN_POINT('',(-43.5,3.,1.32287565553229));
#2169=CARTESIAN_POINT('',(-55.,3.,1.32287565553229));
#2170=CARTESIAN_POINT('',(-43.5,3.,-1.32287565553229));
#2171=CARTESIAN_POINT('Origin',(-43.5,4.5,0.));
#2172=CARTESIAN_POINT('',(-55.,3.,-1.32287565553229));
#2173=CARTESIAN_POINT('Origin',(-55.,4.5,0.));
#2174=CARTESIAN_POINT('',(-29.5,3.,1.32287565553229));
#2175=CARTESIAN_POINT('',(-29.5,3.,-1.32287565553229));
#2176=CARTESIAN_POINT('Origin',(-29.5,4.5,0.));
#2177=CARTESIAN_POINT('',(-27.,3.,-1.32287565553229));
#2178=CARTESIAN_POINT('',(-55.,3.,-1.32287565553229));
#2179=CARTESIAN_POINT('',(-27.,3.,1.32287565553229));
#2180=CARTESIAN_POINT('Origin',(-27.,4.5,0.));
#2181=CARTESIAN_POINT('',(-55.,3.,1.32287565553229));
#2182=CARTESIAN_POINT('Origin',(-55.,4.5,0.));
#2183=CARTESIAN_POINT('',(-15.5,3.,1.32287565553229));
#2184=CARTESIAN_POINT('',(-15.5,3.,-1.32287565553229));
#2185=CARTESIAN_POINT('Origin',(-15.5,4.5,0.));
#2186=CARTESIAN_POINT('',(-13.,3.,-1.32287565553229));
#2187=CARTESIAN_POINT('',(-55.,3.,-1.32287565553229));
#2188=CARTESIAN_POINT('',(-13.,3.,1.32287565553229));
#2189=CARTESIAN_POINT('Origin',(-13.,4.5,0.));
#2190=CARTESIAN_POINT('',(-55.,3.,1.32287565553229));
#2191=CARTESIAN_POINT('Origin',(-55.,4.5,0.));
#2192=CARTESIAN_POINT('',(28.9125719447611,3.,-1.32287565553229));
#2193=CARTESIAN_POINT('',(28.9125719447611,3.,1.32287565553229));
#2194=CARTESIAN_POINT('Origin',(28.9125719447611,4.5,0.));
#2195=CARTESIAN_POINT('',(26.449141134744,3.,1.32287565553229));
#2196=CARTESIAN_POINT('',(-55.,3.,1.32287565553229));
#2197=CARTESIAN_POINT('',(26.4577199549184,3.,-1.32287565553229));
#2198=CARTESIAN_POINT('Origin',(26.4534305448312,4.5,0.));
#2199=CARTESIAN_POINT('',(-55.,3.,-1.32287565553229));
#2200=CARTESIAN_POINT('Origin',(-55.,4.5,0.));
#2201=CARTESIAN_POINT('',(40.4125719447611,3.,1.32287565553229));
#2202=CARTESIAN_POINT('',(40.4125719447611,3.,-1.32287565553229));
#2203=CARTESIAN_POINT('Origin',(40.4125719447611,4.5,0.));
#2204=CARTESIAN_POINT('',(42.9125719447611,3.,-1.32287565553229));
#2205=CARTESIAN_POINT('',(-55.,3.,-1.32287565553229));
#2206=CARTESIAN_POINT('',(42.9125719447611,3.,1.32287565553229));
#2207=CARTESIAN_POINT('Origin',(42.9125719447611,4.5,0.));
#2208=CARTESIAN_POINT('',(-55.,3.,1.32287565553229));
#2209=CARTESIAN_POINT('Origin',(41.6625719447611,3.,8.88178419700125E-15));
#2210=CARTESIAN_POINT('',(42.9125719447611,3.,10.3332441628344));
#2211=CARTESIAN_POINT('',(42.9125719447611,3.,10.9019899495931));
#2212=CARTESIAN_POINT('',(40.4125719447611,3.,10.9019899495931));
#2213=CARTESIAN_POINT('Origin',(25.,3.,-62.6250000000001));
#2214=CARTESIAN_POINT('',(40.4125719447611,3.,-10.9019899495931));
#2215=CARTESIAN_POINT('Origin',(27.6625719447611,3.,0.0585232503412669));
#2216=CARTESIAN_POINT('',(28.9125719447611,3.,12.3980458311116));
#2217=CARTESIAN_POINT('',(28.9125719447611,3.,12.6009978653131));
#2218=CARTESIAN_POINT('',(26.4129425167697,3.,12.4867115930952));
#2219=CARTESIAN_POINT('Origin',(25.,3.,-62.6250000000001));
#2220=CARTESIAN_POINT('',(26.4939096228816,3.,-12.4839513646306));
#2221=CARTESIAN_POINT('Origin',(26.4125719447611,15.,12.6009978653131));
#2222=CARTESIAN_POINT('',(26.4129425167697,0.,12.4867115930951));
#2223=CARTESIAN_POINT('',(26.4939096228816,3.,-12.4839513646306));
#2224=CARTESIAN_POINT('',(26.4939096228816,15.,-12.4839513646306));
#2225=CARTESIAN_POINT('',(26.4939096228816,3.,-12.4839513646306));
#2226=CARTESIAN_POINT('Origin',(-28.25,3.,-2.22044604925031E-15));
#2227=CARTESIAN_POINT('',(-27.,3.,12.5));
#2228=CARTESIAN_POINT('',(-27.,3.,12.5));
#2229=CARTESIAN_POINT('',(-29.5,3.,12.5));
#2230=CARTESIAN_POINT('',(-41.625,3.,12.5));
#2231=CARTESIAN_POINT('',(-29.5,3.,-12.5));
#2232=CARTESIAN_POINT('Origin',(-42.25,3.,-2.22044604925031E-15));
#2233=CARTESIAN_POINT('',(-41.,3.,12.5));
#2234=CARTESIAN_POINT('',(-41.,3.,12.5));
#2235=CARTESIAN_POINT('',(-43.5,3.,12.5));
#2236=CARTESIAN_POINT('',(-48.625,3.,12.5));
#2237=CARTESIAN_POINT('',(-43.5,3.,-12.5));
#2238=CARTESIAN_POINT('Origin',(13.75,3.,-2.22044604925031E-15));
#2239=CARTESIAN_POINT('',(15.,3.,12.5));
#2240=CARTESIAN_POINT('',(15.,3.,-12.5));
#2241=CARTESIAN_POINT('',(12.5,3.,12.5));
#2242=CARTESIAN_POINT('',(-20.625,3.,12.5));
#2243=CARTESIAN_POINT('',(12.5,3.,12.5));
#2244=CARTESIAN_POINT('Origin',(-0.249999999999992,3.,-4.44089209850063E-15));
#2245=CARTESIAN_POINT('',(1.00000000000001,3.,12.5));
#2246=CARTESIAN_POINT('',(1.00000000000001,3.,12.5));
#2247=CARTESIAN_POINT('',(-1.49999999999999,3.,12.5));
#2248=CARTESIAN_POINT('',(-27.625,3.,12.5));
#2249=CARTESIAN_POINT('',(-1.49999999999999,3.,-12.5));
#2250=CARTESIAN_POINT('Origin',(-14.25,3.,-2.22044604925031E-15));
#2251=CARTESIAN_POINT('',(-13.,3.,12.5));
#2252=CARTESIAN_POINT('',(-13.,3.,-12.5));
#2253=CARTESIAN_POINT('',(-15.5,3.,12.5));
#2254=CARTESIAN_POINT('',(-34.625,3.,12.5));
#2255=CARTESIAN_POINT('',(-15.5,3.,12.5));
#2256=CARTESIAN_POINT('Origin',(-14.25,3.,-2.22044604925031E-15));
#2257=CARTESIAN_POINT('',(-15.5,3.,-12.5));
#2258=CARTESIAN_POINT('',(-15.5,3.,12.5));
#2259=CARTESIAN_POINT('',(-13.,3.,-12.5));
#2260=CARTESIAN_POINT('',(5.375,3.,-12.5));
#2261=CARTESIAN_POINT('',(-13.,3.,-12.5));
#2262=CARTESIAN_POINT('Origin',(-13.,15.,-12.5));
#2263=CARTESIAN_POINT('',(-13.,7.5,-12.5));
#2264=CARTESIAN_POINT('',(-13.,7.5,12.5));
#2265=CARTESIAN_POINT('Origin',(-1.49999999999999,15.,12.5));
#2266=CARTESIAN_POINT('',(-1.49999999999999,7.5,12.5));
#2267=CARTESIAN_POINT('',(-1.49999999999999,3.,-12.5));
#2268=CARTESIAN_POINT('',(-1.49999999999999,7.5,-12.5));
#2269=CARTESIAN_POINT('',(-1.49999999999999,3.,-12.5));
#2270=CARTESIAN_POINT('Origin',(-0.249999999999992,3.,-4.44089209850063E-15));
#2271=CARTESIAN_POINT('',(1.,3.,-12.5));
#2272=CARTESIAN_POINT('',(12.375,3.,-12.5));
#2273=CARTESIAN_POINT('',(1.00000000000001,3.,12.5));
#2274=CARTESIAN_POINT('Origin',(1.,15.,-12.5));
#2275=CARTESIAN_POINT('',(1.00000000000001,7.5,-12.5));
#2276=CARTESIAN_POINT('',(1.00000000000001,7.5,12.5));
#2277=CARTESIAN_POINT('Origin',(12.5,15.,12.5));
#2278=CARTESIAN_POINT('',(12.5,7.5,12.5));
#2279=CARTESIAN_POINT('',(12.5,3.,-12.5));
#2280=CARTESIAN_POINT('',(12.5,7.5,-12.5));
#2281=CARTESIAN_POINT('',(12.5,3.,12.5));
#2282=CARTESIAN_POINT('Origin',(13.75,3.,-2.22044604925031E-15));
#2283=CARTESIAN_POINT('',(15.,3.,-12.5));
#2284=CARTESIAN_POINT('',(19.375,3.,-12.5));
#2285=CARTESIAN_POINT('',(15.,3.,-12.5));
#2286=CARTESIAN_POINT('Origin',(15.,15.,-12.5));
#2287=CARTESIAN_POINT('',(15.,7.5,-12.5));
#2288=CARTESIAN_POINT('',(15.,7.5,12.5));
#2289=CARTESIAN_POINT('Origin',(-43.5,15.,12.5));
#2290=CARTESIAN_POINT('',(-43.5,7.5,12.5));
#2291=CARTESIAN_POINT('',(-43.5,3.,-12.5));
#2292=CARTESIAN_POINT('',(-43.5,7.5,-12.5));
#2293=CARTESIAN_POINT('',(-43.5,3.,-12.5));
#2294=CARTESIAN_POINT('Origin',(-42.25,3.,-2.22044604925031E-15));
#2295=CARTESIAN_POINT('',(-41.,3.,-12.5));
#2296=CARTESIAN_POINT('',(-8.625,3.,-12.5));
#2297=CARTESIAN_POINT('',(-41.,3.,12.5));
#2298=CARTESIAN_POINT('Origin',(-41.,15.,-12.5));
#2299=CARTESIAN_POINT('',(-41.,7.5,-12.5));
#2300=CARTESIAN_POINT('',(-41.,7.5,12.5));
#2301=CARTESIAN_POINT('Origin',(-29.5,15.,12.5));
#2302=CARTESIAN_POINT('',(-29.5,7.5,12.5));
#2303=CARTESIAN_POINT('',(-29.5,3.,-12.5));
#2304=CARTESIAN_POINT('',(-29.5,7.5,-12.5));
#2305=CARTESIAN_POINT('',(-29.5,3.,-12.5));
#2306=CARTESIAN_POINT('Origin',(-28.25,3.,-2.22044604925031E-15));
#2307=CARTESIAN_POINT('',(-27.,3.,-12.5));
#2308=CARTESIAN_POINT('',(-1.625,3.,-12.5));
#2309=CARTESIAN_POINT('',(-27.,3.,12.5));
#2310=CARTESIAN_POINT('Origin',(-27.,15.,-12.5));
#2311=CARTESIAN_POINT('',(-27.,7.5,-12.5));
#2312=CARTESIAN_POINT('',(-27.,7.5,12.5));
#2313=CARTESIAN_POINT('Origin',(-15.5,15.,12.5));
#2314=CARTESIAN_POINT('',(-15.5,7.5,12.5));
#2315=CARTESIAN_POINT('',(-15.5,7.5,-12.5));
#2316=CARTESIAN_POINT('Origin',(26.4939096228816,15.,-12.4839513646306));
#2317=CARTESIAN_POINT('',(26.5527555846172,3.,-12.4839513646306));
#2318=CARTESIAN_POINT('',(26.5527555846172,0.,-12.4839513646306));
#2319=CARTESIAN_POINT('',(26.4939096228816,3.,-12.4839513646306));
#2320=CARTESIAN_POINT('Origin',(27.6625719447611,3.,0.0585232503412669));
#2321=CARTESIAN_POINT('',(28.9125719447611,3.,-12.3980458311116));
#2322=CARTESIAN_POINT('Origin',(24.9999999999999,3.,62.6250000000003));
#2323=CARTESIAN_POINT('',(28.9125719447611,3.,12.6009978653131));
#2324=CARTESIAN_POINT('Origin',(28.9125719447611,15.,-12.4839513646306));
#2325=CARTESIAN_POINT('',(28.9125719447611,0.,-12.3980458311116));
#2326=CARTESIAN_POINT('',(28.9125719447611,0.,12.3980458311116));
#2327=CARTESIAN_POINT('Origin',(40.4125719447611,15.,10.9019899495931));
#2328=CARTESIAN_POINT('',(40.4125719447611,0.,10.9019899495931));
#2329=CARTESIAN_POINT('',(40.4125719447611,3.,-10.9019899495931));
#2330=CARTESIAN_POINT('',(40.4125719447611,0.,-10.9019899495931));
#2331=CARTESIAN_POINT('',(40.4125719447611,3.,-10.9019899495931));
#2332=CARTESIAN_POINT('Origin',(41.6625719447611,3.,8.88178419700125E-15));
#2333=CARTESIAN_POINT('',(42.9125719447611,3.,-10.3332441628344));
#2334=CARTESIAN_POINT('Origin',(24.9999999999999,3.,62.6250000000003));
#2335=CARTESIAN_POINT('',(42.9125719447611,3.,10.9019899495931));
#2336=CARTESIAN_POINT('Origin',(42.9125719447611,15.,-10.3332441628344));
#2337=CARTESIAN_POINT('',(42.9125719447611,0.,-10.3332441628344));
#2338=CARTESIAN_POINT('',(42.9125719447611,0.,10.3332441628344));
#2339=CARTESIAN_POINT('Origin',(25.,0.,-62.6250000000001));
#2340=CARTESIAN_POINT('',(52.4622144112478,0.,7.30062051659358));
#2341=CARTESIAN_POINT('',(25.,0.,12.5));
#2342=CARTESIAN_POINT('Origin',(-55.,0.,12.5));
#2343=CARTESIAN_POINT('',(-55.,0.,12.5));
#2344=CARTESIAN_POINT('Origin',(-55.,0.,-12.5));
#2345=CARTESIAN_POINT('',(-55.,0.,-12.5));
#2346=CARTESIAN_POINT('Origin',(25.,0.,-12.5));
#2347=CARTESIAN_POINT('',(25.,0.,-12.5));
#2348=CARTESIAN_POINT('Origin',(24.9999999999999,0.,62.6250000000003));
#2349=CARTESIAN_POINT('',(52.4622144112478,0.,-7.30062051659359));
#2350=CARTESIAN_POINT('Origin',(51.,0.,-3.57745935764018));
#2351=CARTESIAN_POINT('',(55.,0.,-3.57745935764018));
#2352=CARTESIAN_POINT('Origin',(55.,0.,6.25));
#2353=CARTESIAN_POINT('',(55.,0.,3.57745935764018));
#2354=CARTESIAN_POINT('Origin',(51.,0.,3.57745935764018));
#2355=CARTESIAN_POINT('Origin',(-58.,15.,-15.5));
#2356=CARTESIAN_POINT('',(-58.,15.,-15.5));
#2357=CARTESIAN_POINT('',(25.,15.,-15.5));
#2358=CARTESIAN_POINT('Origin',(-58.,15.,15.5));
#2359=CARTESIAN_POINT('Origin',(25.,15.,-62.6250000000001));
#2360=CARTESIAN_POINT('',(55.5649241146711,15.,9.27285142036162));
#2361=CARTESIAN_POINT('Origin',(53.9999999999999,15.,5.59168142763905));
#2362=CARTESIAN_POINT('',(58.,15.,5.5916814276391));
#2363=CARTESIAN_POINT('Origin',(58.,15.,-5.59168142763907));
#2364=CARTESIAN_POINT('',(58.,15.,-5.59168142763907));
#2365=CARTESIAN_POINT('Origin',(54.,15.,-5.59168142763907));
#2366=CARTESIAN_POINT('',(55.5649241146712,15.,-9.27285142036158));
#2367=CARTESIAN_POINT('Origin',(24.9999999999999,15.,62.6250000000003));
#2368=UNCERTAINTY_MEASURE_WITH_UNIT(LENGTH_MEASURE(0.01),#2372,
'DISTANCE_ACCURACY_VALUE',
'Maximum model space distance between geometric entities at asserted c
onnectivities');
#2369=UNCERTAINTY_MEASURE_WITH_UNIT(LENGTH_MEASURE(0.01),#2372,
'DISTANCE_ACCURACY_VALUE',
'Maximum model space distance between geometric entities at asserted c
onnectivities');
#2370=(
GEOMETRIC_REPRESENTATION_CONTEXT(3)
GLOBAL_UNCERTAINTY_ASSIGNED_CONTEXT((#2368))
GLOBAL_UNIT_ASSIGNED_CONTEXT((#2372,#2374,#2375))
REPRESENTATION_CONTEXT('','3D')
);
#2371=(
GEOMETRIC_REPRESENTATION_CONTEXT(3)
GLOBAL_UNCERTAINTY_ASSIGNED_CONTEXT((#2369))
GLOBAL_UNIT_ASSIGNED_CONTEXT((#2372,#2374,#2375))
REPRESENTATION_CONTEXT('','3D')
);
#2372=(
LENGTH_UNIT()
NAMED_UNIT(*)
SI_UNIT(.MILLI.,.METRE.)
);
#2373=(
LENGTH_UNIT()
NAMED_UNIT(*)
SI_UNIT($,.METRE.)
);
#2374=(
NAMED_UNIT(*)
PLANE_ANGLE_UNIT()
SI_UNIT($,.RADIAN.)
);
#2375=(
NAMED_UNIT(*)
SI_UNIT($,.STERADIAN.)
SOLID_ANGLE_UNIT()
);
#2376=SHAPE_DEFINITION_REPRESENTATION(#2377,#2378);
#2377=PRODUCT_DEFINITION_SHAPE('',$,#2380);
#2378=SHAPE_REPRESENTATION('',(#1448),#2370);
#2379=PRODUCT_DEFINITION_CONTEXT('part definition',#2384,'design');
#2380=PRODUCT_DEFINITION('MEENU','MEENU v2',#2381,#2379);
#2381=PRODUCT_DEFINITION_FORMATION('',$,#2386);
#2382=PRODUCT_RELATED_PRODUCT_CATEGORY('MEENU v2','MEENU v2',(#2386));
#2383=APPLICATION_PROTOCOL_DEFINITION('international standard',
'automotive_design',2009,#2384);
#2384=APPLICATION_CONTEXT(
'Core Data for Automotive Mechanical Design Process');
#2385=PRODUCT_CONTEXT('part definition',#2384,'mechanical');
#2386=PRODUCT('MEENU','MEENU v2',$,(#2385));
#2387=PRESENTATION_STYLE_ASSIGNMENT((#2388));
#2388=SURFACE_STYLE_USAGE(.BOTH.,#2389);
#2389=SURFACE_SIDE_STYLE('',(#2390));
#2390=SURFACE_STYLE_FILL_AREA(#2391);
#2391=FILL_AREA_STYLE('Steel - Satin',(#2392));
#2392=FILL_AREA_STYLE_COLOUR('Steel - Satin',#2393);
#2393=COLOUR_RGB('Steel - Satin',0.627450980392157,0.627450980392157,0.627450980392157);
ENDSEC;
END-ISO-10303-21;
